t,x,y,z
16.036,-0.001513,-0.018238,-0.001726
16.136,-0.001744,-0.017487,-0.001902
16.236,-0.00171,-0.018312,-0.001805
16.336,-0.001843,-0.018009,-0.002073
16.468,-0.001977,-0.02039,-0.003092
16.604,-0.0013,-0.02088,-0.001969
16.736,-0.001226,-0.018987,-0.002167
16.836,-0.001378,-0.018217,-0.00218
16.936,-0.001166,-0.017972,-0.002005
17.036,-0.001063,-0.01841,-0.001622
17.136,-0.001107,-0.019365,-0.001786
17.236,0.000816,-0.020898,-0.002234
17.336,0.000363,-0.021532,-0.002764
17.436,-0.001297,-0.022034,-0.002178
17.536,-0.001294,-0.02202,-0.002528
17.64,0.001021,-0.025325,-0.00167
17.736,0.000489,-0.02405,-0.002441
17.836,-0.001103,-0.024718,-0.00156
17.936,-0.001162,-0.026655,-0.001018
18.068,-0.001359,-0.024946,-0.001413
18.204,-0.001512,-0.023838,-0.002134
18.336,-0.001305,-0.024949,-0.002421
18.436,-0.000981,-0.025101,-0.001436
18.536,-0.00107,-0.025546,-0.001745
18.636,-0.001046,-0.026535,-0.001766
18.736,-0.00086,-0.026544,-0.001078
18.836,-0.000823,-0.0249,-0.000974
18.936,-0.000887,-0.025059,-0.001776
19.036,-0.000993,-0.025915,-0.00184
19.136,-0.000988,-0.026712,-0.001927
19.236,-0.000812,-0.028086,-0.001101
19.368,-0.000932,-0.028815,-0.000912
19.5,-0.001132,-0.027733,-0.001431
19.6,-0.000796,-0.028754,-0.001482
19.7,-0.000686,-0.028915,-0.001009
19.8,-0.000673,-0.027609,-0.000602
19.9,-0.00095,-0.027522,-0.001027
20.0,-0.000772,-0.027093,-0.000988
20.1,-0.000911,-0.027774,-0.000727
20.172,-0.001053,-0.027324,-0.001351
20.3,-0.0003,-0.028419,-0.001021
20.4,-0.000188,-0.028546,-0.000913
20.504,-9e-05,-0.029926,-0.000891
20.636,-0.000105,-0.027272,-0.000722
20.736,0.000124,-0.027288,-0.000613
20.836,0.000256,-0.027577,-0.000875
20.936,0.000337,-0.028229,-0.000848
21.036,0.000663,-0.028516,-0.000603
21.14,0.000588,-0.029433,-0.000763
21.236,0.000575,-0.029319,-0.000732
21.34,0.000312,-0.029581,-0.000924
21.436,0.000738,-0.029262,-0.00073
21.536,0.000868,-0.029349,-0.000759
21.636,0.000775,-0.031423,-0.000993
21.736,0.000832,-0.03006,-0.000736
21.836,0.001019,-0.030978,-0.000598
21.936,-0.0024,-0.020534,0.002335
22.036,0.000808,-0.030616,-0.000819
22.136,0.000802,-0.030079,-0.000918
22.236,0.000982,-0.02993,-0.000969
22.336,0.00114,-0.02917,-0.000883
22.468,0.001164,-0.029121,-0.000878
22.6,0.001274,-0.031285,-0.000907
22.7,0.000557,-0.030092,-0.001154
22.804,0.000551,-0.029179,-0.00115
22.904,0.000558,-0.028869,-0.001353
23.0,0.000533,-0.031699,-0.001115
23.1,0.000482,-0.031858,-0.001047
23.2,0.000525,-0.033567,-0.001026
23.3,0.000372,-0.031185,-0.001015
23.4,0.000525,-0.032188,-0.001063
23.5,0.000543,-0.031654,-0.001055
23.6,0.000599,-0.03338,-0.001166
23.7,0.000645,-0.032326,-0.001252
23.8,0.001275,-0.03447,-0.000808
23.9,0.001385,-0.032609,-0.00096
24.004,0.000636,-0.03386,-0.001252
24.136,0.000617,-0.031313,-0.001121
24.236,0.000641,-0.03083,-0.001315
24.34,0.001156,-0.033312,-0.001211
24.436,0.001145,-0.03201,-0.001166
24.536,0.001062,-0.029234,-0.001096
24.636,0.001499,-0.03142,-0.001228
24.768,0.001523,-0.031866,-0.00124
24.9,0.002272,-0.029736,-0.001781
25.0,0.00296,-0.03291,-0.00193
25.1,0.002501,-0.03162,-0.001422
25.204,0.001726,-0.030417,-0.001224
25.304,0.001867,-0.030126,-0.001138
25.436,0.001898,-0.028861,-0.000865
25.536,0.001882,-0.030259,-0.000857
25.636,0.001957,-0.02974,-0.000755
25.736,0.00196,-0.028388,-0.000717
25.836,0.002068,-0.028554,-0.000746
25.936,0.003986,-0.030372,-0.001496
26.036,0.003297,-0.02874,-0.001244
26.136,0.002442,-0.027215,-0.001509
26.236,0.002964,-0.025559,-0.001413
26.336,0.002819,-0.024689,-0.001595
26.468,0.002574,-0.025553,-0.001691
26.568,0.002414,-0.024733,-0.000789
26.7,0.001857,-0.024424,-0.00148
26.776,0.002597,-0.025483,-0.000695
26.9,0.009054,-0.029073,-0.00098
27.0,0.009306,-0.029308,-0.001034
27.1,0.009573,-0.0305,-0.000993
27.2,0.009343,-0.032275,-0.001037
27.3,0.008988,-0.031481,-0.000978
27.4,0.00927,-0.031451,-0.001012
27.5,0.009298,-0.031776,-0.001009
27.6,0.008725,-0.031192,-0.001177
27.7,0.009415,-0.034542,-0.001096
27.8,0.009424,-0.033509,-0.001214
27.9,0.009472,-0.034145,-0.001277
27.972,0.009277,-0.034927,-0.001319
28.1,0.008847,-0.035391,-0.001379
28.2,0.00938,-0.034277,-0.001399
28.304,0.009656,-0.036326,-0.001368
28.436,0.009336,-0.036969,-0.001424
28.568,0.008767,-0.036854,-0.001408
28.7,0.008618,-0.036951,-0.001538
28.8,0.009076,-0.038658,-0.001403
28.9,0.008858,-0.03883,-0.001381
29.0,0.009222,-0.039635,-0.001427
29.1,0.009288,-0.040302,-0.001394
29.2,0.010128,-0.0408,-0.00089
29.3,0.009993,-0.040617,-0.000882
29.4,0.009955,-0.040206,-0.000979
29.5,0.01012,-0.041368,-0.001283
29.6,0.009976,-0.041321,-0.001675
29.7,0.010328,-0.041786,-0.00158
29.8,0.010571,-0.043119,-0.001626
29.9,0.0093,-0.042723,-0.001812
30.0,0.009658,-0.043575,-0.001666
30.104,0.010673,-0.044679,-0.001643
30.204,0.010871,-0.044304,-0.001095
30.304,0.010737,-0.044103,-0.001348
30.436,0.010199,-0.044522,-0.001643
30.568,0.009072,-0.044694,-0.000312
30.7,0.005638,-0.043143,-0.000386
30.8,0.005222,-0.042212,-0.000385
30.9,0.005648,-0.043214,-0.000274
31.0,0.005314,-0.043984,-0.000381
31.1,0.005613,-0.044488,-0.000249
31.2,0.006282,-0.042465,-0.00031
31.3,0.00683,-0.04428,-0.000295
31.4,0.006527,-0.044031,-0.000386
31.5,0.006759,-0.044839,-0.000359
31.6,0.007268,-0.043263,-0.000457
31.704,0.007361,-0.044701,-0.000507
31.836,0.007463,-0.046836,-0.000286
31.936,0.007492,-0.045285,-0.000491
32.036,0.00553,-0.045501,-0.00096
32.168,0.005449,-0.044489,-0.000924
32.3,0.009099,-0.045585,-0.000342
32.4,0.009316,-0.045524,-0.000377
32.5,0.008927,-0.045065,-0.000367
32.6,0.010714,-0.047334,0.000582
32.7,0.01014,-0.048994,0.000133
32.8,0.00971,-0.050229,0.000732
32.9,0.007371,-0.048641,-0.000519
33.0,0.006807,-0.047463,-0.00067
33.104,0.010631,-0.049112,-1.6e-05
33.236,0.009764,-0.049919,-4.3e-05
33.368,0.010687,-0.054109,0.000185
33.5,0.010229,-0.052367,-0.000103
33.6,0.010462,-0.052741,9e-06
33.704,0.010439,-0.05379,-2.9e-05
33.8,0.010508,-0.054569,0.000136
33.9,0.010896,-0.056475,9e-05
34.0,0.010657,-0.055461,9.6e-05
34.1,0.010514,-0.056019,8.8e-05
34.2,0.010152,-0.057783,7.2e-05
34.3,0.010281,-0.058215,0.000222
34.4,0.010772,-0.059115,0.000227
34.5,0.009669,-0.05847,5.1e-05
34.6,0.00945,-0.059592,0.000264
34.7,0.009644,-0.059276,0.000224
34.8,0.010762,-0.059033,0.000152
34.9,0.010507,-0.058976,0.000131
35.004,0.011163,-0.061747,0.000278
35.136,0.011134,-0.06279,0.00021
35.236,0.01113,-0.063956,0.000282
35.34,0.011706,-0.063117,0.000171
35.436,0.010158,-0.064697,0.000142
35.54,0.009639,-0.064987,0.000183
35.636,0.011517,-0.066763,0.000175
35.736,0.01176,-0.066989,0.000227
35.836,0.010846,-0.065816,3e-05
35.936,0.012551,-0.06699,0.000264
36.036,0.014275,-0.067622,0.000208
36.136,0.012928,-0.067298,8.3e-05
36.24,0.012817,-0.070014,0.00032
36.368,0.014102,-0.070366,0.000227
36.468,0.013421,-0.068577,0.000202
36.6,0.013722,-0.069607,0.00019
36.7,0.015272,-0.070934,0.000201
36.8,0.014497,-0.071385,8.4e-05
36.9,0.013805,-0.071732,0.000103
37.0,0.014434,-0.071977,0.000183
37.1,0.015037,-0.068296,3.8e-05
37.2,0.016281,-0.069077,9e-05
37.3,0.012172,-0.06562,0.00063
37.4,0.007798,-0.064079,0.000272
37.504,0.00643,-0.065528,0.000282
37.636,0.006393,-0.064472,0.000283
37.74,0.00739,-0.064385,0.000291
37.868,0.007657,-0.064367,0.000323
38.0,0.007088,-0.064254,0.000361
38.1,0.007973,-0.064493,0.000375
38.2,0.009191,-0.06428,0.000368
38.304,0.009241,-0.066333,0.00039
38.436,0.008589,-0.064971,0.000344
38.536,0.008503,-0.063992,0.000281
38.64,0.009062,-0.06423,0.000383
38.736,0.008281,-0.065639,0.000358
38.836,0.007363,-0.064717,0.000338
38.936,0.008348,-0.065734,0.000389
39.036,0.00861,-0.064486,0.000293
39.168,0.008669,-0.062697,0.000303
39.3,0.00834,-0.062208,0.000227
39.404,0.006826,-0.062547,-3.3e-05
39.536,0.006186,-0.062978,-0.000106
39.636,0.008155,-0.063488,0.000279
39.736,0.008422,-0.062883,0.000187
39.868,0.009189,-0.064517,0.000348
40.0,0.009931,-0.066847,0.000396
40.1,0.009351,-0.066436,0.000342
40.204,0.009929,-0.067983,0.000447
40.336,0.010555,-0.070623,0.000421
40.436,0.010471,-0.070628,0.000414
40.568,0.010177,-0.071734,0.000399
40.7,0.009059,-0.069471,0.000187
40.8,0.009769,-0.070158,0.000439
40.9,0.011374,-0.070621,0.000399
