run,old,new,flipped,leg1_min_old,leg1_min_new,gate_m
run_E2FAIL1_022847,FAIL,ENV-FAIL,1,1.183,1.183,0.75
run_E2FAIL2_023440,FAIL,ENV-FAIL,1,8.903,8.903,0.75
run_E3_202044,,FAIL,1,,3.018,0.75
run_E3_210246,FAIL,ENV-FAIL,1,3.407,3.407,0.75
run_E4_GOFF_D10_193039,FAIL,ENV-FAIL,1,1.948,1.948,0.75
run_E4_GOFF_D10_R2_194927,FAIL,FAIL,0,10.633,10.633,0.75
run_U3PO_211438,FAIL,FAIL,0,4.436,4.436,0.75
run_U7OL1_195920,FAIL,ENV-FAIL,1,4.366,4.366,0.75
run_U7OL2_202043,FAIL,ENV-FAIL,1,0.708,0.708,0.75
run_WAOL1_142557,FAIL,ENV-FAIL,1,3.650,3.650,0.75
run_WAOL2_214142,FAIL,FAIL,0,4.149,4.149,0.75
run_WAOL3_215120,FAIL,ENV-FAIL,1,18.795,18.795,0.75
run_WAOL4_220117,ENV-FAIL,ENV-FAIL,0,5.071,5.071,0.75
run_WAOL5R_222234,FAIL,ENV-FAIL,1,3.135,3.135,0.75
run_WC2OBS1_030927,FAIL,FAIL,0,1.704,1.704,0.75
run_WC2OBS1_032005,FAIL,FAIL,0,1.288,1.288,0.75
run_WD1b_032925,FAIL,FAIL,0,9.481,9.481,0.75
run_WD1b_033751,ENV-FAIL,ENV-FAIL,0,7.409,7.409,0.75
run_X1_001817,FAIL,FAIL,0,5.932,5.932,0.75
run_X1_002443,FAIL,ENV-FAIL,1,4.505,4.505,0.75
run_X1_002831,FAIL,FAIL,0,4.478,4.478,0.75
run_X1_232055,FAIL,ENV-FAIL,1,4.757,5.560,0.75
run_X1_233210,FAIL,ENV-FAIL,1,7.072,7.072,0.75
run_X1_234437,FAIL,ENV-FAIL,1,3.162,3.405,0.75
run_X1_235025,FAIL,ENV-FAIL,1,17.665,17.665,0.75
run_X1final_043355,,ENV-FAIL,1,,8.119,0.75
run_X1final_101627,FAIL,FAIL,0,5.137,5.137,0.75
run_X1final_104720,ENV-FAIL,ENV-FAIL,0,43.060,43.060,0.75
run_X1final_105449,FAIL,FAIL,0,8.435,8.435,0.75
run_X1final_172424,FAIL,FAIL,0,11.314,11.314,0.75
