dir,verdict,failed,coverage,bas_peak,bas_over,bas_run,bas_tail,bgs_peak,ate,t_star,spike_rate,spike_maxratio,abs_gt1e3,abs_max,period_s,diag_n
WA0_CTRL2_t2v3_route_112652,PASS,,1.0,1.4016,0.0012,2,0.1105,0.04665,0.144,76.6,0.0046,34.6,1010,53199.8,1.9,1723
WA0_RCAN_flight,FAIL,survival;bas;ate;spikes,0.085,2.5345,0.0278,1,0.3609,0.00282,1.565,11.0,0.0556,215.1,15,45430.4,,108
WA1C_GROUND202520_t2v3_ground_202520,FAIL,ate;spikes,0.999,0.3773,0.0,0,0.3773,0.01694,,,0.0024,138.2,0,994.8,,421
WA1C_HOVER203248_t2v3_hover_203248,FAIL,ate;spikes,1.0,0.8646,0.0,0,0.3588,0.01556,,,0.0023,8.675598232188326e+18,7,1.25044e+21,3.2,1319
WA1C_RCAN173345_flight,FAIL,survival;bas;ate;spikes,0.085,2.5347,0.0278,1,0.3609,0.00282,,,0.0556,215.1,15,45430.4,,108
WA1C_ROUTE112652_t2v3_route_112652,FAIL,ate,1.0,1.4021,0.0012,2,0.1121,0.04665,,,0.0052,35.3,1010,55474.0,1.9,1723
WA1C_ROUTE215016_t2v3_route_215016,FAIL,survival;ate,0.14,0.4624,0.0,0,0.1361,0.00229,,,0.0022,19.8,5,2552.5,1.9,899
WA1_CTRL2_INS2_t2v3_route_112652,FAIL,ate,1.0,1.4016,0.0012,2,0.112,0.04665,0.161,76.7,0.0052,44.5,1010,114505.0,1.9,1723
WA1_CTRL2_INS_t2v3_route_112652,FAIL,ate,1.0,1.4031,0.0012,2,0.112,0.04665,0.168,76.7,0.0052,35.9,1009,56348.2,1.9,1723
WA1_CTRL2_LO_t2v3_route_112652,FAIL,ate,1.0,1.4016,0.0012,2,0.1121,0.04665,0.167,76.7,0.0052,34.9,1010,54909.3,1.9,1723
WA1C_W2B121141_t2v3_w2b_121141,FAIL,bas;ate,0.999,2.2161,0.0994,88,0.1884,0.24374,,,0.0052,33.3,46,24269.2,1.9,956
WA1C_X1IMG015950_flight,FAIL,ate;spikes,1.0,0.7141,0.0,0,0.1495,0.00246,,,0.0004,60.5,2425,8718.1,1.9,2626
WA1C_X1IMG2_020706_flight,FAIL,survival;bas;ate;spikes,0.057,,,0,,,,,,,,,,0
WA1_RCAN_INS_flight,FAIL,survival;bas;ate;spikes,0.085,2.5345,0.0278,1,0.3609,0.00282,1.564,11.0,0.0556,215.1,15,45430.4,,108
WA1V_RCAN_DEF_flight,FAIL,survival;bas;ate;spikes,0.085,2.5345,0.0278,1,0.3609,0.00282,1.564,11.0,0.0556,215.1,15,45430.4,,108
WA1V_RCAN_TRACE_flight,FAIL,survival;bas;ate;spikes,0.418,2.5345,0.0278,1,0.3609,0.00282,3.37,11.0,0.0556,215.1,15,45430.4,,108
WA1X_m0.10_M15_flight,FAIL,ate;spikes,0.821,0.0411,0.0,0,0.0363,0.0019,0.251,0.0,0.1282,2.1604099999999998e+43,20,2.39611e+36,-3.6,78
WA1X_m0.10_M20_flight,FAIL,bas;ate;spikes,,,,0,,,2.261,9.6,,,,,,0
WA1X_m0.10_M30_flight,FAIL,survival;bas;ate;spikes,0.086,3.5749,0.0275,2,0.1402,0.00268,1.963,11.0,0.0275,206.1,8,17218.1,1.93,109
WA1X_m0.10_M40_flight,FAIL,survival;bas;ate;spikes,0.085,3.7919,0.0185,1,0.3036,0.00388,1.552,10.9,0.0185,217.8,7,17203.2,,108
WA1X_m0.15_M15_flight,FAIL,ate;spikes,1.033,0.0094,0.0,0,0.0091,0.00112,2.285,0.0,0.0125,2.6937862611471663e+40,11,1.40916e+42,1.99,1118
WA1X_m0.15_M20_flight,FAIL,survival;ate;spikes,0.778,4.8767,0.0093,1,0.0886,0.00346,0.996,0.1,0.0185,194.2,7,17157.7,1.93,108
WA1X_m0.15_M30_flight,FAIL,survival;bas;ate;spikes,0.086,3.2966,0.0275,2,0.3125,0.00293,1.93,11.0,0.0275,229.0,8,17090.7,1.93,109
WA1X_m0.15_M40_flight,FAIL,survival;bas;spikes,0.104,,,0,,,0.014,,,,,,,0
WA1X_m0.20_M15_flight,FAIL,bas;ate;spikes,0.912,3.533,0.0275,2,0.1155,0.00275,1.955,11.0,0.0275,206.8,8,17755.1,1.93,109
WA1X_m0.20_M20_flight,FAIL,survival;bas;ate;spikes,0.086,3.4965,0.0275,2,0.1179,0.00272,1.958,11.0,0.0275,218.3,8,18422.9,1.93,109
WA1X_m0.20_M30_flight,FAIL,ate;spikes,0.98,0.0457,0.0,0,0.0364,0.00224,97.814,10.1,0.0309,6.55147e+41,20,1.92817e+39,1.99,809
WA1X_m0.20_M40_flight,FAIL,ate;spikes,0.954,0.1475,0.0,0,0.1475,0.00214,169.049,10.1,0.0155,1.52978e+44,15,1.00103e+36,1.99,1099
WA1X_m0.30_M15_flight,FAIL,survival;ate,0.092,0.4268,0.0,0,0.2124,0.0012,0.639,,0.0,6.7,2,3311.9,1.94,92
WA1X_m0.30_M20_flight,FAIL,survival;bas;ate;spikes,0.086,3.8135,0.0275,2,0.2411,0.00308,2.213,9.7,0.0275,224.2,8,16832.9,1.93,109
WA1X_m0.30_M30_flight,FAIL,survival;ate;spikes,0.096,0.4378,0.0,0,0.084,0.00138,,13.2,0.0111,13.8,0,891.3,1.93,90
WA1X_m0.30_M40_flight,FAIL,survival;bas;ate;spikes,0.086,3.1376,0.0275,2,0.3016,0.00285,1.948,11.0,0.0275,337.7,8,24404.0,1.93,109
WA2P_c_a1a4_1_flight,FAIL,survival;ate;spikes,0.571,0.5821,0.0,0,0.2393,0.00138,171.017,11.0,0.0126,40.5,29,32467100000000.0,1.9,793
WA2P_c_a1a4_2_flight,FAIL,survival;ate;spikes,0.595,0.5366,0.0,0,0.1865,0.00141,152.137,11.0,0.0121,26.4,11,183785000000000.0,1.9,826
WA2P_c_a1a4_3_flight,FAIL,survival;ate;spikes,0.534,0.8974,0.0,0,0.511,0.00226,202.458,10.9,0.0135,1490.5,11,15519700.0,1.9,739
WA2P_wa2_c1e3_flight,FAIL,survival;ate;spikes,0.098,0.8456,0.0,0,0.3362,1.42874,24.546,10.9,0.064,106.9,25,97300.1,1.92,125
WA2P_wa2_c5e3_flight,FAIL,survival;ate;spikes,0.098,0.8511,0.0,0,0.3624,1.31004,24.745,10.9,0.064,107.3,25,94042.2,1.92,125
WA2P_wa4_m10c95_flight,FAIL,survival;ate;spikes,0.642,0.6521,0.0,0,0.1934,0.00199,124.442,10.9,0.0022,1.3023599072612268e+23,2,3.80293e+25,1.9,891
WA2P_wa4_m10c99_flight,FAIL,survival;ate;spikes,0.668,0.6703,0.0,0,0.219,0.00191,114.698,11.0,0.0022,5.788680098761709e+27,2,1.53593e+30,1.9,929
WA2P_wa4_m3c95_flight,FAIL,survival;ate;spikes,0.642,0.6795,0.0,0,0.2207,0.00272,116.556,11.0,0.0022,1.9864610561784046e+19,2,4.23293e+21,1.9,892
WA2P_wa4_m3c99_flight,FAIL,survival;ate;spikes,0.633,0.5852,0.0,0,0.4664,0.00212,129.902,11.0,0.0023,2.5763621843560386e+25,2,5.93599e+27,1.9,878
WA2P_wa4_m5c95_flight,FAIL,survival;ate;spikes,0.633,0.6075,0.0,0,0.4365,0.00213,124.29,10.9,0.0023,2.1318056574226414e+23,2,5.37734e+25,1.9,879
WA2P_wa4_m5c99_flight,FAIL,survival;ate;spikes,0.633,0.6295,0.0,0,0.1866,0.002,127.543,11.0,0.0023,1039947684578.0,2,291020000000000.0,1.9,879
WA3C_c_a2a4a3_flight,FAIL,survival;ate;spikes,0.14,0.8973,0.0,0,0.8303,0.12525,31.485,11.0,0.0601,162184.9,0,491.4,1.92,183
WA3C_c_a2a4_cd10_flight,FAIL,survival;bas;ate;spikes,0.208,1.5025,0.2878,80,1.2604,0.18256,90.861,10.9,0.0324,174694.2,0,509.3,1.91,278
WA3C_c_a2a4_flight,FAIL,survival;ate;spikes,0.329,0.622,0.0,0,0.5489,0.20984,329.03,10.9,0.0467,14240600000.0,14,2.09713e+26,1.91,450
WA3C_c_a2a4_s2_flight,FAIL,survival;ate;spikes,0.146,0.8363,0.0,0,0.5855,0.30298,29.51,10.9,0.0471,179560.5,0,493.2,2.21,191
WA3C_c_a2a4_s3_flight,FAIL,survival;bas;ate;spikes,0.276,1.7524,0.0613,23,0.842,0.00692,177.256,11.0,0.0107,263808291.0,258,939482000000.0,1.91,375
WA3C_c_a2only_dbas_flight,FAIL,survival;bas;ate;spikes,0.114,1.2774,0.1757,25,0.9678,0.60109,30.056,10.9,0.0743,111.0,42,67223.3,,148
WA3C_c_a2only_share_flight,FAIL,survival;ate;spikes,0.099,1.2754,0.0079,1,0.2538,1.35886,17.706,11.0,0.0556,516.9,26,73856.7,1.92,126
WA3C_c_all4_flight,FAIL,survival;ate;spikes,0.148,0.6711,0.0,0,0.6711,0.07437,34.731,10.9,0.0928,4767.4,0,504.3,1.91,194
WA3C_ctrl2_trace_t2v3_route_112652,FAIL,ate;spikes,1.0,1.4016,0.0012,2,0.1136,0.04665,0.175,76.7,0.0046,52.6,1010,147487.0,1.9,1723
WA4C_acc0065_a2a4a3_flight,FAIL,survival;bas;ate;spikes,0.318,1.3954,0.0253,11,0.1043,0.25687,129.799,8.8,0.0622,17548334.7,15,1.08248e+31,,434
WA4C_acc0065_a4_flight,FAIL,survival;bas;ate,0.578,1.1367,0.0149,12,0.9231,0.00371,151.429,10.9,0.0012,10.2,40,1.00196e+34,1.9,803
WA4C_acc056_a2a4a3_flight,FAIL,survival;bas;spikes,0.032,,,0,,,0.001,,,,,,,0
WA4C_fix_a2a4a3_flight,FAIL,survival;bas;ate,0.194,1.5175,0.4788,124,1.3095,0.03067,47.222,8.9,0.0,3.7,0,506.4,1.91,259
WA4C_fix_a2a4_flight,FAIL,survival;bas;ate,0.163,1.3852,0.1116,15,0.7071,0.01098,30.164,9.3,0.0,2.8,0,521.2,1.92,215
WA4C_fix_all4_flight,FAIL,survival;bas;ate,0.325,1.2928,0.7387,328,1.2609,0.16966,143.749,10.9,0.0023,28.6,13,2.09636e+27,1.91,444
WA5C_a5_f10_flight,FAIL,survival;bas;ate;spikes,0.112,2.7627,0.0138,1,0.1864,0.00577,9.867,11.0,0.069,293.2,8,18447.5,,145
WA5C_a5_f15_flight,FAIL,survival;bas;ate;spikes,0.112,3.1211,0.0207,2,0.159,0.00553,10.018,11.0,0.0759,68.3,20,13251.7,,145
WA5C_a5_f15_md25_flight,FAIL,survival;bas;ate;spikes,0.095,2.5859,0.0165,1,0.1977,0.00239,4.643,11.0,0.0909,678.1,9,37723.9,,121
WA5C_a5_f20_flight,FAIL,survival;ate;spikes,0.682,2.1056,0.0074,2,0.3494,0.00558,105.775,11.0,0.0137,2317.9,151,3.17903e+28,1.9,948
WA5C_a6_c2_flight,FAIL,survival;ate;spikes,0.67,0.5075,0.0,0,0.4327,0.0021,91.109,11.0,0.0021,491721565242.6,2,199963000000000.0,1.9,932
WA5C_a6_c4_flight,FAIL,survival;ate;spikes,0.635,0.7062,0.0,0,0.6065,0.0022,114.361,11.0,0.0068,16707842806.5,68,12384400000000.0,1.9,882
WA5C_a6_c6_flight,FAIL,survival;ate;spikes,0.679,0.9507,0.0,0,0.7582,0.00213,75.67,11.0,0.0063,12545807375.8,164,15063500000000.0,1.9,945
WA6C_c_a5a2_flight,FAIL,survival;bas;ate;spikes,0.129,1.3828,0.4226,71,1.3758,0.86965,35.766,9.6,0.0893,81197.8,29,27240.1,,168
WA6C_c_a5a4a2a3_flight,FAIL,survival;bas;ate,0.188,2.5011,0.5595,141,1.9758,0.04227,37.291,11.0,0.0,5.6,0,731.4,,252
WA6C_c_a5a4a2_flight,FAIL,survival;bas;ate,0.161,1.8972,0.4789,102,1.7281,0.04499,36.655,11.0,0.0,5.6,0,731.4,,213
WA6C_c_a5a4a3_flight,FAIL,survival;ate;spikes,0.229,0.524,0.0,0,0.1368,0.02713,30.538,11.0,0.0162,10374536563.3,18,1.56143e+24,,308
WA6C_c_a5a4_flight,FAIL,survival;ate;spikes,0.229,0.564,0.0,0,0.1131,0.06637,30.667,11.1,0.0195,2485.8,18,2.23866e+17,,308
