轮名,类别,年代,场景,配置代,形态,t*_s,分叉类型,Bas峰,Bas中位,Bgs峰,track_med,diag_n,odom_Hz,prop_Hz,imu_n,imu_dt_p50_ms,imu_acc_peak,imu_hdr回退,clock回退,终态漂移_m,距离地_max_m,距离地_med_m,prop包络_m,帧跳变_raw,帧跳变_smoothed,分叉t,污染嫌疑,RESULT_min_truth,RESULT_poscmd_hz,DB判决,缺失原因,证据路径,扫描时刻
run_E2FAIL1_022847,smoke_run,2026-09-29,悬停 smoke(T1),T1 平滑重锚+odom门二进制,数值溢出型(含 extreme/非有限帧),0.4,odom先病(优化器窗口解先毒),1.084,0.1897,0.05186,3,2095,9.0,185.5,48927,4.0,60.1,1446,588,26.26,3.34,2.41,1732795.79,1306,1332,0.4,双流污染嫌疑:IMU hdr 回退 1446 帧//clock 回退 588 帧(最劣 -226.348s),1.183,92.6,判废-双流污染|RESULT=FAIL,,/home/uav/sitl_sim/vins_smoke_runs/run_E2FAIL1_022847/flight.bag,2026-09-30T02:24:27
run_E2FAIL2_023440,smoke_run,2026-09-29,悬停 smoke(T1),T1 平滑重锚+odom门二进制,小跳/渐进劣化,7.1,仅odom跳变(传播解尚稳:窗口解单侧毒),1.2067,0.1117,0.26026,120,249,9.9,203.2,2034,4.0,13.7,0,0,1.38,1.15,0.1,1.73,4,5,7.4,,8.903,0.0,FAIL-劣化|RESULT=FAIL,,/home/uav/sitl_sim/vins_smoke_runs/run_E2FAIL2_023440/flight.bag,2026-09-30T02:24:28
run_E2FAIL3_024009,smoke_run,,悬停 smoke(T1),T1 平滑重锚+odom门二进制,,,,,,,,,,,,,,,,,,,,,,,,,,无袋,目录无 flight.bag/vins_out.bag(以无袋行入账),/home/uav/sitl_sim/vins_smoke_runs/run_E2FAIL3_024009,2026-09-30T02:24:28
run_E2FAIL4_024211,smoke_run,2026-09-29,悬停 smoke(T1),T1 平滑重锚+odom门二进制,无帧跳变(慢劣化或未发散),,,0.6209,0.2281,0.01538,122,152,10.2,196.7,26823,4.0,11.7,0,0,1.46,0.1,0.1,0.0,0,0,,,,,健康-无帧跳变,,/home/uav/sitl_sim/vins_smoke_runs/run_E2FAIL4_024211/flight.bag,2026-09-30T02:24:30
run_E2FAIL5_024737,smoke_run,,悬停 smoke(T1),T1 平滑重锚+odom门二进制,,,,,,,,,,,,,,,,,,,,,,,,,,无袋,目录无 flight.bag/vins_out.bag(以无袋行入账),/home/uav/sitl_sim/vins_smoke_runs/run_E2FAIL5_024737,2026-09-30T02:24:30
run_WD1_024016,smoke_run,,悬停 smoke(T1),T1 平滑重锚+odom门二进制,,,,,,,,,,,,,,,,,,,,,,,,,,无袋,目录无 flight.bag/vins_out.bag(以无袋行入账),/home/uav/sitl_sim/vins_smoke_runs/run_WD1_024016,2026-09-30T02:24:30
run_WD1b_032925,smoke_run,2026-09-29,悬停 smoke(T1),T1 平滑重锚+odom门二进制,爆散,10.0,仅prop跳变(odom已停/未对齐),0.7265,0.7123,1.17504,133,210,9.3,204.6,29646,4.0,78.8,0,0,54.82,0.37,0.1,106.13,0,0,,,9.481,0.0,FAIL-发散(爆散)|RESULT=FAIL,,/home/uav/sitl_sim/vins_smoke_runs/run_WD1b_032925/flight.bag,2026-09-30T02:24:34
run_WD1b_033751,smoke_run,2026-09-29,悬停 smoke(T1),T1 平滑重锚+odom门二进制,爆散,4.4,odom先病(优化器窗口解先毒),3.5724,0.2135,0.00222,114,326,10.0,124.7,4457,8.0,91.6,0,0,329.87,1.11,0.27,390.58,5,10,4.4,,7.409,100.1,FAIL-发散(爆散)|RESULT=ENV,,/home/uav/sitl_sim/vins_smoke_runs/run_WD1b_033751/flight.bag,2026-09-30T02:24:36
run_X1_000718,smoke_run,,obstacles(X1 验收),旧观测层(SDF无噪声/FB0.5/ext1/acc_n0.1),,,,,,,,,,,,,,,,,,,,,,,,,,无袋,目录无 flight.bag/vins_out.bag(以无袋行入账),/home/uav/sitl_sim/vins_smoke_runs/run_X1_000718,2026-09-30T02:24:36
run_X1_000947,smoke_run,2026-09-29,obstacles(X1 验收),旧观测层(SDF无噪声/FB0.5/ext1/acc_n0.1),无帧跳变(慢劣化或未发散),,,,,,,,9.8,206.0,16711,4.0,11.7,0,0,1.44,0.1,0.1,0.02,0,0,,,,,健康-无帧跳变,T2diag(无日志或旧二进制无插桩),/home/uav/sitl_sim/vins_smoke_runs/run_X1_000947/flight.bag,2026-09-30T02:24:38
run_X1_001817,smoke_run,2026-09-29,obstacles(X1 验收),旧观测层(SDF无噪声/FB0.5/ext1/acc_n0.1),数值溢出型(含 extreme/非有限帧),6.7,同时跳变(共同上游:优化器解毒化传播),,,,,,9.8,206.9,56078,4.0,78.6,0,0,350.5,0.8,0.1,443.49,233,225,7.0,,5.932,100.0,FAIL-数值溢出|RESULT=FAIL,T2diag(无日志或旧二进制无插桩),/home/uav/sitl_sim/vins_smoke_runs/run_X1_001817/flight.bag,2026-09-30T02:24:46
run_X1_002244,smoke_run,,obstacles(X1 验收),旧观测层(SDF无噪声/FB0.5/ext1/acc_n0.1),,,,,,,,,,,,,,,,,,,,,,,,,,无袋,目录无 flight.bag/vins_out.bag(以无袋行入账),/home/uav/sitl_sim/vins_smoke_runs/run_X1_002244,2026-09-30T02:24:46
run_X1_002443,smoke_run,2026-09-29,obstacles(X1 验收),旧观测层(SDF无噪声/FB0.5/ext1/acc_n0.1),爆散,6.7,仅prop跳变(odom已停/未对齐),,,,,,9.8,205.9,29591,4.0,131.6,0,0,171.0,1.18,0.05,209.73,0,0,,,4.505,0.0,FAIL-发散(爆散)|RESULT=FAIL,T2diag(无日志或旧二进制无插桩),/home/uav/sitl_sim/vins_smoke_runs/run_X1_002443/flight.bag,2026-09-30T02:24:51
run_X1_002831,smoke_run,2026-09-29,obstacles(X1 验收),旧观测层(SDF无噪声/FB0.5/ext1/acc_n0.1),数值溢出型(含 extreme/非有限帧),6.8,同时跳变(共同上游:优化器解毒化传播),,,,,,9.7,203.3,55299,4.0,105.6,0,0,930.38,1.14,0.1,1006.56,280,294,6.9,,4.478,100.0,FAIL-数值溢出|RESULT=FAIL,T2diag(无日志或旧二进制无插桩),/home/uav/sitl_sim/vins_smoke_runs/run_X1_002831/flight.bag,2026-09-30T02:24:59
run_X1_223836,smoke_run,,obstacles(X1 验收),旧观测层(SDF无噪声/FB0.5/ext1/acc_n0.1),,,,,,,,,,,,,,,,,,,,,,,,,,无袋,目录无 flight.bag/vins_out.bag(以无袋行入账),/home/uav/sitl_sim/vins_smoke_runs/run_X1_223836,2026-09-30T02:24:59
run_X1_225059,smoke_run,,obstacles(X1 验收),旧观测层(SDF无噪声/FB0.5/ext1/acc_n0.1),,,,,,,,,,,,,,,,,,,,,,,,,,无袋,目录无 flight.bag/vins_out.bag(以无袋行入账),/home/uav/sitl_sim/vins_smoke_runs/run_X1_225059,2026-09-30T02:24:59
run_X1_225612,smoke_run,,obstacles(X1 验收),旧观测层(SDF无噪声/FB0.5/ext1/acc_n0.1),,,,,,,,,,,,,,,,,,,,,,,,,,无袋,目录无 flight.bag/vins_out.bag(以无袋行入账),/home/uav/sitl_sim/vins_smoke_runs/run_X1_225612,2026-09-30T02:24:59
run_X1_231835,smoke_run,,obstacles(X1 验收),旧观测层(SDF无噪声/FB0.5/ext1/acc_n0.1),,,,,,,,,,,,,,,,,,,,,,,,,,无袋,目录无 flight.bag/vins_out.bag(以无袋行入账),/home/uav/sitl_sim/vins_smoke_runs/run_X1_231835,2026-09-30T02:24:59
run_X1_232055,smoke_run,2026-09-28,obstacles(X1 验收),旧观测层(SDF无噪声/FB0.5/ext1/acc_n0.1),爆散,6.9,同时跳变(共同上游:优化器解毒化传播),,,,,,9.8,205.5,29772,4.0,82.6,0,0,960.06,1.11,0.1,1076.16,624,632,33.7,,4.757,100.0,FAIL-发散(爆散)|RESULT=FAIL,T2diag(无日志或旧二进制无插桩),/home/uav/sitl_sim/vins_smoke_runs/run_X1_232055/flight.bag,2026-09-30T02:25:03
run_X1_233210,smoke_run,2026-09-28,obstacles(X1 验收),旧观测层(SDF无噪声/FB0.5/ext1/acc_n0.1),数值溢出型(含 extreme/非有限帧),6.8,同时跳变(共同上游:优化器解毒化传播),,,,,,9.7,124.9,27628,8.0,51.4,0,0,98.54,0.29,0.1,159.42,3,4,6.9,,7.072,0.0,FAIL-数值溢出|RESULT=FAIL,T2diag(无日志或旧二进制无插桩),/home/uav/sitl_sim/vins_smoke_runs/run_X1_233210/flight.bag,2026-09-30T02:25:08
run_X1_234437,smoke_run,2026-09-28,obstacles(X1 验收),旧观测层(SDF无噪声/FB0.5/ext1/acc_n0.1),小跳/渐进劣化,7.1,同时跳变(共同上游:优化器解毒化传播),,,,,,9.9,206.2,27632,4.0,31.6,0,0,3.64,1.27,0.92,8.33,12,12,7.4,,3.162,100.0,FAIL-劣化|RESULT=FAIL,T2diag(无日志或旧二进制无插桩),/home/uav/sitl_sim/vins_smoke_runs/run_X1_234437/flight.bag,2026-09-30T02:25:13
run_X1_235025,smoke_run,2026-09-28,obstacles(X1 验收),旧观测层(SDF无噪声/FB0.5/ext1/acc_n0.1),爆散,6.9,同时跳变(共同上游:优化器解毒化传播),,,,,,9.9,202.9,57224,4.0,113.3,0,0,120.39,4.83,0.05,178.17,2,7,7.3,,17.665,0.0,FAIL-发散(爆散)|RESULT=FAIL,T2diag(无日志或旧二进制无插桩),/home/uav/sitl_sim/vins_smoke_runs/run_X1_235025/flight.bag,2026-09-30T02:25:19
run_X1final_043355,smoke_run,2026-09-29,obstacles(D0/D1 取证),旧观测层+带图取证(ext1),数值溢出型(含 extreme/非有限帧),0.0,prop先病(传播域:IMU积分/偏置/外参-偏置耦合),0.8228,0.1456,0.00104,108,371,9.4,114.1,54930,4.0,85.9,16135,5371,1.76,1.12,0.1,1732463.82,277,293,0.1,双流污染嫌疑:IMU hdr 回退 16135 帧//clock 回退 5371 帧(最劣 -171.392s),,,判废-双流污染,,/home/uav/sitl_sim/vins_smoke_runs/run_X1final_043355/flight.bag,2026-09-30T02:25:28
run_X1final_101627,smoke_run,2026-09-29,obstacles(X1' F 线),canonical四件套+噪声基线;104445起ext0,数值溢出型(含 extreme/非有限帧),30.3,odom先病(优化器窗口解先毒),1.0044,0.0998,0.01958,101,1421,9.7,205.8,56655,4.0,75.2,0,0,532.85,1.26,0.46,854.61,719,727,32.7,,5.137,100.0,FAIL-数值溢出|RESULT=FAIL,,/home/uav/sitl_sim/vins_smoke_runs/run_X1final_101627/flight.bag,2026-09-30T02:25:36
run_X1final_104445,smoke_run,,obstacles(X1' F 线),canonical四件套+噪声基线;104445起ext0,,,,,,,,,,,,,,,,,,,,,,,,,,无袋,目录无 flight.bag/vins_out.bag(以无袋行入账),/home/uav/sitl_sim/vins_smoke_runs/run_X1final_104445,2026-09-30T02:25:36
run_X1final_104720,smoke_run,2026-09-29,obstacles(X1' F 线),canonical四件套+噪声基线;104445起ext0,爆散,6.7,odom先病(优化器窗口解先毒),2.9806,0.3401,0.31898,140,214,9.8,208.5,53670,4.0,103.0,0,0,84.97,3.49,0.05,91.4,3,2,,,43.06,0.0,FAIL-发散(爆散)|RESULT=ENV,,/home/uav/sitl_sim/vins_smoke_runs/run_X1final_104720/flight.bag,2026-09-30T02:25:42
run_X1final_105449,smoke_run,2026-09-29,obstacles(X1' F 线),canonical四件套+噪声基线;104445起ext0,爆散,7.9,odom先病(优化器窗口解先毒),2.6065,0.6974,0.01467,138,237,9.8,206.5,29602,4.0,54.4,0,0,945.58,0.84,0.1,999.93,1,1,,,8.435,0.0,FAIL-发散(爆散)|RESULT=FAIL,,/home/uav/sitl_sim/vins_smoke_runs/run_X1final_105449/flight.bag,2026-09-30T02:25:45
run_X1final_172424,smoke_run,2026-09-29,obstacles(X 线),canonical ext0+精确外参+acc_n0.2,数值溢出型(含 extreme/非有限帧),6.7,同时跳变(共同上游:优化器解毒化传播),2.6489,0.3251,0.99643,141,255,9.9,207.0,56144,4.0,107.5,0,0,46.1,0.43,0.1,110.99,27,37,6.7,,11.314,0.0,FAIL-数值溢出|RESULT=FAIL,,/home/uav/sitl_sim/vins_smoke_runs/run_X1final_172424/flight.bag,2026-09-30T02:25:52
run_X1final_173345,smoke_run,2026-09-29,obstacles(X 线),canonical ext0+精确外参+acc_n0.2,数值溢出型(含 extreme/非有限帧),15.7,仅prop跳变(odom已停/未对齐),3.3662,0.1531,0.23833,140,209,9.4,213.4,29442,4.0,124.1,0,0,185.83,1.32,0.1,248.37,0,0,,,15.839,0.0,FAIL-数值溢出|RESULT=FAIL,,/home/uav/sitl_sim/vins_smoke_runs/run_X1final_173345/flight.bag,2026-09-30T02:25:57
run_X1img2_020706,smoke_run,2026-09-29,obstacles(D0/D1 取证),旧观测层+带图取证(ext1),数值溢出型(含 extreme/非有限帧),22.0,同时跳变(共同上游:优化器解毒化传播),0.2097,0.1038,0.01014,119,115,9.6,125.1,46835,4.0,87.7,11330,4545,4.51,2.0,1.85,1.21,1,1,22.3,双流污染嫌疑:IMU hdr 回退 11330 帧//clock 回退 4545 帧(最劣 -1.184s),7.292,0.0,判废-双流污染|RESULT=FAIL,,/home/uav/sitl_sim/vins_smoke_runs/run_X1img2_020706/flight.bag,2026-09-30T02:26:15
run_X1img_015950,smoke_run,2026-09-29,obstacles(D0/D1 取证),旧观测层+带图取证(ext1),数值溢出型(含 extreme/非有限帧),6.9,同时跳变(共同上游:优化器解毒化传播),1.8925,0.2176,0.49462,43,3281,9.6,205.0,56176,4.0,27.6,0,0,1.63,1.14,0.68,3.35,6,8,7.2,,5.454,99.8,FAIL-数值溢出|RESULT=FAIL,,/home/uav/sitl_sim/vins_smoke_runs/run_X1img_015950/flight.bag,2026-09-30T02:26:34
E01_baseline_t2_A_173156,replay_product,2026-09-27,回放(场景=源袋),目录名编码,爆散,31.3,同时跳变(共同上游:优化器解毒化传播),,,,,,9.6,125.0,0,,,0,0,,,,467.97,142,141,31.7,,,,FAIL-发散(爆散),T2diag(无日志或旧二进制无插桩),/home/uav/sitl_sim/t2_results/E01_baseline_t2_A_173156/vins_out.bag,2026-09-30T02:26:34
E01_baseline_t2_B_175551,replay_product,2026-09-27,回放(场景=源袋),目录名编码,数值溢出型(含 extreme/非有限帧),0.1,仅odom跳变(传播解尚稳:窗口解单侧毒),,,,,,9.6,124.9,0,,,0,0,,,,0.0,1,2,0.0,,,,FAIL-数值溢出,T2diag(无日志或旧二进制无插桩),/home/uav/sitl_sim/t2_results/E01_baseline_t2_B_175551/vins_out.bag,2026-09-30T02:26:34
E01_baseline_t2_B_shift,replay_product,,回放(场景=源袋),目录名编码,,,,,,,,,,,,,,,,,,,,,,,,,,无袋,目录无 flight.bag/vins_out.bag(以无袋行入账),/home/uav/sitl_sim/t2_results/E01_baseline_t2_B_shift,2026-09-30T02:26:34
E01_baseline_t2_C_175659,replay_product,2026-09-27,回放(场景=源袋),目录名编码,数值溢出型(含 extreme/非有限帧),0.1,odom先病(优化器窗口解先毒),,,,,,9.6,124.9,0,,,0,0,,,,2000000.0,2,5,0.0,,,,FAIL-数值溢出,T2diag(无日志或旧二进制无插桩),/home/uav/sitl_sim/t2_results/E01_baseline_t2_C_175659/vins_out.bag,2026-09-30T02:26:34
E01_baseline_t2_C_shift,replay_product,,回放(场景=源袋),目录名编码,,,,,,,,,,,,,,,,,,,,,,,,,,无袋,目录无 flight.bag/vins_out.bag(以无袋行入账),/home/uav/sitl_sim/t2_results/E01_baseline_t2_C_shift,2026-09-30T02:26:34
E01_baseline_t2_D_175728,replay_product,2026-09-27,回放(场景=源袋),目录名编码,数值溢出型(含 extreme/非有限帧),,,,,,,,0.0,,0,,,0,0,,,,0.0,0,0,,,,,FAIL-数值溢出,T2diag(无日志或旧二进制无插桩),/home/uav/sitl_sim/t2_results/E01_baseline_t2_D_175728/vins_out.bag,2026-09-30T02:26:34
E01_baseline_t2_E_175807,replay_product,2026-09-27,回放(场景=源袋),目录名编码,数值溢出型(含 extreme/非有限帧),0.1,odom先病(优化器窗口解先毒),,,,,,9.7,124.8,0,,,0,0,,,,2000000.0,3,8,0.0,,,,FAIL-数值溢出,T2diag(无日志或旧二进制无插桩),/home/uav/sitl_sim/t2_results/E01_baseline_t2_E_175807/vins_out.bag,2026-09-30T02:26:34
E01_baseline_t2_E_shift,replay_product,,回放(场景=源袋),目录名编码,,,,,,,,,,,,,,,,,,,,,,,,,,无袋,目录无 flight.bag/vins_out.bag(以无袋行入账),/home/uav/sitl_sim/t2_results/E01_baseline_t2_E_shift,2026-09-30T02:26:34
E01_baseline_t2_selftest,replay_product,2026-09-27,回放(场景=源袋),目录名编码,爆散,1.1,prop先病(传播域:IMU积分/偏置/外参-偏置耦合),,,,,,10.0,161.4,0,,,0,0,,,,13.81,2,0,1.1,,,,FAIL-发散(爆散),T2diag(无日志或旧二进制无插桩),/home/uav/sitl_sim/t2_results/E01_baseline_t2_selftest/vins_out.bag,2026-09-30T02:26:34
E02_ext0_zfix_t2_A_173156,replay_product,2026-09-27,回放(场景=源袋),目录名编码,无帧跳变(慢劣化或未发散),,,,,,,,,,0,,,0,0,,,,0.0,0,0,,,,,健康-无帧跳变,T2diag(无日志或旧二进制无插桩),/home/uav/sitl_sim/t2_results/E02_ext0_zfix_t2_A_173156/vins_out.bag,2026-09-30T02:26:34
E02_ext0_zfix_t2_B_175551,replay_product,2026-09-27,回放(场景=源袋),目录名编码,无帧跳变(慢劣化或未发散),,,,,,,,,,0,,,0,0,,,,0.0,0,0,,,,,健康-无帧跳变,T2diag(无日志或旧二进制无插桩),/home/uav/sitl_sim/t2_results/E02_ext0_zfix_t2_B_175551/vins_out.bag,2026-09-30T02:26:34
E02_ext0_zfix_t2_B_shift,replay_product,,回放(场景=源袋),目录名编码,,,,,,,,,,,,,,,,,,,,,,,,,,无袋,目录无 flight.bag/vins_out.bag(以无袋行入账),/home/uav/sitl_sim/t2_results/E02_ext0_zfix_t2_B_shift,2026-09-30T02:26:34
E02_ext0_zfix_t2_C_175659,replay_product,2026-09-27,回放(场景=源袋),目录名编码,数值溢出型(含 extreme/非有限帧),0.1,仅odom跳变(传播解尚稳:窗口解单侧毒),,,,,,9.6,124.9,0,,,0,0,,,,0.0,1,2,0.0,,,,FAIL-数值溢出,T2diag(无日志或旧二进制无插桩),/home/uav/sitl_sim/t2_results/E02_ext0_zfix_t2_C_175659/vins_out.bag,2026-09-30T02:26:35
E02_ext0_zfix_t2_D_175728,replay_product,2026-09-27,回放(场景=源袋),目录名编码,数值溢出型(含 extreme/非有限帧),,,,,,,,0.0,,0,,,0,0,,,,0.0,0,0,,,,,FAIL-数值溢出,T2diag(无日志或旧二进制无插桩),/home/uav/sitl_sim/t2_results/E02_ext0_zfix_t2_D_175728/vins_out.bag,2026-09-30T02:26:35
E02_ext0_zfix_t2_E_175807,replay_product,2026-09-27,回放(场景=源袋),目录名编码,数值溢出型(含 extreme/非有限帧),0.1,同时跳变(共同上游:优化器解毒化传播),,,,,,9.7,124.9,0,,,0,0,,,,2828427.12,3,8,0.0,,,,FAIL-数值溢出,T2diag(无日志或旧二进制无插桩),/home/uav/sitl_sim/t2_results/E02_ext0_zfix_t2_E_175807/vins_out.bag,2026-09-30T02:26:35
E03_ext1_t2_A_173156,replay_product,2026-09-27,回放(场景=源袋),目录名编码,小跳/渐进劣化,29.4,同时跳变(共同上游:优化器解毒化传播),,,,,,9.6,125.0,0,,,0,0,,,,1.85,2,0,,,,,FAIL-劣化,T2diag(无日志或旧二进制无插桩),/home/uav/sitl_sim/t2_results/E03_ext1_t2_A_173156/vins_out.bag,2026-09-30T02:26:35
E03_ext1_t2_B_175551,replay_product,2026-09-27,回放(场景=源袋),目录名编码,数值溢出型(含 extreme/非有限帧),0.1,仅odom跳变(传播解尚稳:窗口解单侧毒),,,,,,9.6,124.9,0,,,0,0,,,,0.0,1,2,0.0,,,,FAIL-数值溢出,T2diag(无日志或旧二进制无插桩),/home/uav/sitl_sim/t2_results/E03_ext1_t2_B_175551/vins_out.bag,2026-09-30T02:26:36
E03_ext1_t2_B_shift,replay_product,,回放(场景=源袋),目录名编码,,,,,,,,,,,,,,,,,,,,,,,,,,无袋,目录无 flight.bag/vins_out.bag(以无袋行入账),/home/uav/sitl_sim/t2_results/E03_ext1_t2_B_shift,2026-09-30T02:26:36
E03_ext1_t2_C_175659,replay_product,2026-09-27,回放(场景=源袋),目录名编码,数值溢出型(含 extreme/非有限帧),0.1,仅odom跳变(传播解尚稳:窗口解单侧毒),,,,,,9.6,124.9,0,,,0,0,,,,0.0,1,2,0.0,,,,FAIL-数值溢出,T2diag(无日志或旧二进制无插桩),/home/uav/sitl_sim/t2_results/E03_ext1_t2_C_175659/vins_out.bag,2026-09-30T02:26:36
E03_ext1_t2_C_shift,replay_product,,回放(场景=源袋),目录名编码,,,,,,,,,,,,,,,,,,,,,,,,,,无袋,目录无 flight.bag/vins_out.bag(以无袋行入账),/home/uav/sitl_sim/t2_results/E03_ext1_t2_C_shift,2026-09-30T02:26:36
E03_ext1_t2_D_175728,replay_product,2026-09-27,回放(场景=源袋),目录名编码,数值溢出型(含 extreme/非有限帧),,,,,,,,0.0,,0,,,0,0,,,,0.0,0,0,,,,,FAIL-数值溢出,T2diag(无日志或旧二进制无插桩),/home/uav/sitl_sim/t2_results/E03_ext1_t2_D_175728/vins_out.bag,2026-09-30T02:26:36
E03_ext1_t2_E_175807,replay_product,2026-09-27,回放(场景=源袋),目录名编码,数值溢出型(含 extreme/非有限帧),0.1,odom先病(优化器窗口解先毒),,,,,,9.7,124.9,0,,,0,0,,,,2000000.0,2,5,0.0,,,,FAIL-数值溢出,T2diag(无日志或旧二进制无插桩),/home/uav/sitl_sim/t2_results/E03_ext1_t2_E_175807/vins_out.bag,2026-09-30T02:26:36
E03_ext1_t2_E_shift,replay_product,,回放(场景=源袋),目录名编码,,,,,,,,,,,,,,,,,,,,,,,,,,无袋,目录无 flight.bag/vins_out.bag(以无袋行入账),/home/uav/sitl_sim/t2_results/E03_ext1_t2_E_shift,2026-09-30T02:26:36
E04_mono_left_t2_A_173156,replay_product,,回放(场景=源袋),目录名编码,,,,,,,,,,,,,,,,,,,,,,,,,,无袋,目录无 flight.bag/vins_out.bag(以无袋行入账),/home/uav/sitl_sim/t2_results/E04_mono_left_t2_A_173156,2026-09-30T02:26:36
E04_mono_left_t2_B_175551,replay_product,2026-09-27,回放(场景=源袋),目录名编码,无帧跳变(慢劣化或未发散),,,,,,,,,,0,,,0,0,,,,0.0,0,0,,,,,健康-无帧跳变,T2diag(无日志或旧二进制无插桩),/home/uav/sitl_sim/t2_results/E04_mono_left_t2_B_175551/vins_out.bag,2026-09-30T02:26:36
E04_mono_left_t2_B_shift,replay_product,,回放(场景=源袋),目录名编码,,,,,,,,,,,,,,,,,,,,,,,,,,无袋,目录无 flight.bag/vins_out.bag(以无袋行入账),/home/uav/sitl_sim/t2_results/E04_mono_left_t2_B_shift,2026-09-30T02:26:36
E04_mono_left_t2_C_175659,replay_product,2026-09-27,回放(场景=源袋),目录名编码,无帧跳变(慢劣化或未发散),,,,,,,,,,0,,,0,0,,,,0.0,0,0,,,,,健康-无帧跳变,T2diag(无日志或旧二进制无插桩),/home/uav/sitl_sim/t2_results/E04_mono_left_t2_C_175659/vins_out.bag,2026-09-30T02:26:36
E04_mono_left_t2_C_shift,replay_product,,回放(场景=源袋),目录名编码,,,,,,,,,,,,,,,,,,,,,,,,,,无袋,目录无 flight.bag/vins_out.bag(以无袋行入账),/home/uav/sitl_sim/t2_results/E04_mono_left_t2_C_shift,2026-09-30T02:26:36
E04_mono_left_t2_D_175728,replay_product,2026-09-27,回放(场景=源袋),目录名编码,无帧跳变(慢劣化或未发散),,,,,,,,,,0,,,0,0,,,,0.0,0,0,,,,,健康-无帧跳变,T2diag(无日志或旧二进制无插桩),/home/uav/sitl_sim/t2_results/E04_mono_left_t2_D_175728/vins_out.bag,2026-09-30T02:26:36
E04_mono_left_t2_E_175807,replay_product,2026-09-27,回放(场景=源袋),目录名编码,无帧跳变(慢劣化或未发散),,,,,,,,,,0,,,0,0,,,,0.0,0,0,,,,,健康-无帧跳变,T2diag(无日志或旧二进制无插桩),/home/uav/sitl_sim/t2_results/E04_mono_left_t2_E_175807/vins_out.bag,2026-09-30T02:26:36
E04b_mono_left_ext1_t2_A_173156,replay_product,,回放(场景=源袋),目录名编码,,,,,,,,,,,,,,,,,,,,,,,,,,无袋,目录无 flight.bag/vins_out.bag(以无袋行入账),/home/uav/sitl_sim/t2_results/E04b_mono_left_ext1_t2_A_173156,2026-09-30T02:26:36
E04b_mono_left_ext1_t2_C_shift,replay_product,,回放(场景=源袋),目录名编码,,,,,,,,,,,,,,,,,,,,,,,,,,无袋,目录无 flight.bag/vins_out.bag(以无袋行入账),/home/uav/sitl_sim/t2_results/E04b_mono_left_ext1_t2_C_shift,2026-09-30T02:26:36
E05_mono_right_t2_A_173156,replay_product,,回放(场景=源袋),目录名编码,,,,,,,,,,,,,,,,,,,,,,,,,,无袋,目录无 flight.bag/vins_out.bag(以无袋行入账),/home/uav/sitl_sim/t2_results/E05_mono_right_t2_A_173156,2026-09-30T02:26:36
E05_mono_right_t2_B_175551,replay_product,2026-09-27,回放(场景=源袋),目录名编码,无帧跳变(慢劣化或未发散),,,,,,,,,,0,,,0,0,,,,0.0,0,0,,,,,健康-无帧跳变,T2diag(无日志或旧二进制无插桩),/home/uav/sitl_sim/t2_results/E05_mono_right_t2_B_175551/vins_out.bag,2026-09-30T02:26:36
E05_mono_right_t2_B_shift,replay_product,,回放(场景=源袋),目录名编码,,,,,,,,,,,,,,,,,,,,,,,,,,无袋,目录无 flight.bag/vins_out.bag(以无袋行入账),/home/uav/sitl_sim/t2_results/E05_mono_right_t2_B_shift,2026-09-30T02:26:36
E05_mono_right_t2_C_175659,replay_product,2026-09-27,回放(场景=源袋),目录名编码,无帧跳变(慢劣化或未发散),,,,,,,,,,0,,,0,0,,,,0.0,0,0,,,,,健康-无帧跳变,T2diag(无日志或旧二进制无插桩),/home/uav/sitl_sim/t2_results/E05_mono_right_t2_C_175659/vins_out.bag,2026-09-30T02:26:36
E05_mono_right_t2_C_shift,replay_product,,回放(场景=源袋),目录名编码,,,,,,,,,,,,,,,,,,,,,,,,,,无袋,目录无 flight.bag/vins_out.bag(以无袋行入账),/home/uav/sitl_sim/t2_results/E05_mono_right_t2_C_shift,2026-09-30T02:26:36
E05_mono_right_t2_D_175728,replay_product,2026-09-27,回放(场景=源袋),目录名编码,无帧跳变(慢劣化或未发散),,,,,,,,,,0,,,0,0,,,,0.0,0,0,,,,,健康-无帧跳变,T2diag(无日志或旧二进制无插桩),/home/uav/sitl_sim/t2_results/E05_mono_right_t2_D_175728/vins_out.bag,2026-09-30T02:26:36
E05_mono_right_t2_E_175807,replay_product,2026-09-27,回放(场景=源袋),目录名编码,无帧跳变(慢劣化或未发散),,,,,,,,,,0,,,0,0,,,,0.0,0,0,,,,,健康-无帧跳变,T2diag(无日志或旧二进制无插桩),/home/uav/sitl_sim/t2_results/E05_mono_right_t2_E_175807/vins_out.bag,2026-09-30T02:26:36
E05b_mono_right_ext1_t2_A_173156,replay_product,,回放(场景=源袋),目录名编码,,,,,,,,,,,,,,,,,,,,,,,,,,无袋,目录无 flight.bag/vins_out.bag(以无袋行入账),/home/uav/sitl_sim/t2_results/E05b_mono_right_ext1_t2_A_173156,2026-09-30T02:26:36
E05b_mono_right_ext1_t2_C_shift,replay_product,,回放(场景=源袋),目录名编码,,,,,,,,,,,,,,,,,,,,,,,,,,无袋,目录无 flight.bag/vins_out.bag(以无袋行入账),/home/uav/sitl_sim/t2_results/E05b_mono_right_ext1_t2_C_shift,2026-09-30T02:26:36
E06_td_off_t2_A_173156,replay_product,2026-09-27,回放(场景=源袋),目录名编码,小跳/渐进劣化,9.8,同时跳变(共同上游:优化器解毒化传播),,,,,,9.6,125.0,0,,,0,0,,,,4.98,13,6,32.1,,,,FAIL-劣化,T2diag(无日志或旧二进制无插桩),/home/uav/sitl_sim/t2_results/E06_td_off_t2_A_173156/vins_out.bag,2026-09-30T02:26:36
E06_td_off_t2_B_175551,replay_product,2026-09-27,回放(场景=源袋),目录名编码,数值溢出型(含 extreme/非有限帧),0.1,仅odom跳变(传播解尚稳:窗口解单侧毒),,,,,,9.6,124.9,0,,,0,0,,,,0.0,1,2,0.0,,,,FAIL-数值溢出,T2diag(无日志或旧二进制无插桩),/home/uav/sitl_sim/t2_results/E06_td_off_t2_B_175551/vins_out.bag,2026-09-30T02:26:36
E06_td_off_t2_B_shift,replay_product,,回放(场景=源袋),目录名编码,,,,,,,,,,,,,,,,,,,,,,,,,,无袋,目录无 flight.bag/vins_out.bag(以无袋行入账),/home/uav/sitl_sim/t2_results/E06_td_off_t2_B_shift,2026-09-30T02:26:36
E06_td_off_t2_C_175659,replay_product,2026-09-27,回放(场景=源袋),目录名编码,数值溢出型(含 extreme/非有限帧),0.1,odom先病(优化器窗口解先毒),,,,,,9.6,124.9,0,,,0,0,,,,2000000.0,2,5,0.0,,,,FAIL-数值溢出,T2diag(无日志或旧二进制无插桩),/home/uav/sitl_sim/t2_results/E06_td_off_t2_C_175659/vins_out.bag,2026-09-30T02:26:36
E06_td_off_t2_C_shift,replay_product,,回放(场景=源袋),目录名编码,,,,,,,,,,,,,,,,,,,,,,,,,,无袋,目录无 flight.bag/vins_out.bag(以无袋行入账),/home/uav/sitl_sim/t2_results/E06_td_off_t2_C_shift,2026-09-30T02:26:36
E06_td_off_t2_D_175728,replay_product,2026-09-27,回放(场景=源袋),目录名编码,数值溢出型(含 extreme/非有限帧),,,,,,,,0.0,,0,,,0,0,,,,0.0,0,0,,,,,FAIL-数值溢出,T2diag(无日志或旧二进制无插桩),/home/uav/sitl_sim/t2_results/E06_td_off_t2_D_175728/vins_out.bag,2026-09-30T02:26:37
E06_td_off_t2_E_175807,replay_product,2026-09-27,回放(场景=源袋),目录名编码,数值溢出型(含 extreme/非有限帧),0.1,仅odom跳变(传播解尚稳:窗口解单侧毒),,,,,,9.7,124.9,0,,,0,0,,,,0.0,1,2,0.0,,,,FAIL-数值溢出,T2diag(无日志或旧二进制无插桩),/home/uav/sitl_sim/t2_results/E06_td_off_t2_E_175807/vins_out.bag,2026-09-30T02:26:37
E06_td_off_t2_E_shift,replay_product,,回放(场景=源袋),目录名编码,,,,,,,,,,,,,,,,,,,,,,,,,,无袋,目录无 flight.bag/vins_out.bag(以无袋行入账),/home/uav/sitl_sim/t2_results/E06_td_off_t2_E_shift,2026-09-30T02:26:37
E07_td_+20ms_t2_B_shift,replay_product,,回放(场景=源袋),目录名编码,,,,,,,,,,,,,,,,,,,,,,,,,,无袋,目录无 flight.bag/vins_out.bag(以无袋行入账),/home/uav/sitl_sim/t2_results/E07_td_+20ms_t2_B_shift,2026-09-30T02:26:37
E07_td_+20ms_t2_C_shift,replay_product,,回放(场景=源袋),目录名编码,,,,,,,,,,,,,,,,,,,,,,,,,,无袋,目录无 flight.bag/vins_out.bag(以无袋行入账),/home/uav/sitl_sim/t2_results/E07_td_+20ms_t2_C_shift,2026-09-30T02:26:37
E07_td_+20ms_t2_E_shift,replay_product,,回放(场景=源袋),目录名编码,,,,,,,,,,,,,,,,,,,,,,,,,,无袋,目录无 flight.bag/vins_out.bag(以无袋行入账),/home/uav/sitl_sim/t2_results/E07_td_+20ms_t2_E_shift,2026-09-30T02:26:37
E07_td_+40ms_t2_B_shift,replay_product,,回放(场景=源袋),目录名编码,,,,,,,,,,,,,,,,,,,,,,,,,,无袋,目录无 flight.bag/vins_out.bag(以无袋行入账),/home/uav/sitl_sim/t2_results/E07_td_+40ms_t2_B_shift,2026-09-30T02:26:37
E07_td_+40ms_t2_C_shift,replay_product,,回放(场景=源袋),目录名编码,,,,,,,,,,,,,,,,,,,,,,,,,,无袋,目录无 flight.bag/vins_out.bag(以无袋行入账),/home/uav/sitl_sim/t2_results/E07_td_+40ms_t2_C_shift,2026-09-30T02:26:37
E07_td_+40ms_t2_E_shift,replay_product,,回放(场景=源袋),目录名编码,,,,,,,,,,,,,,,,,,,,,,,,,,无袋,目录无 flight.bag/vins_out.bag(以无袋行入账),/home/uav/sitl_sim/t2_results/E07_td_+40ms_t2_E_shift,2026-09-30T02:26:37
E07_td_-20ms_t2_B_shift,replay_product,,回放(场景=源袋),目录名编码,,,,,,,,,,,,,,,,,,,,,,,,,,无袋,目录无 flight.bag/vins_out.bag(以无袋行入账),/home/uav/sitl_sim/t2_results/E07_td_-20ms_t2_B_shift,2026-09-30T02:26:37
E07_td_-20ms_t2_C_shift,replay_product,,回放(场景=源袋),目录名编码,,,,,,,,,,,,,,,,,,,,,,,,,,无袋,目录无 flight.bag/vins_out.bag(以无袋行入账),/home/uav/sitl_sim/t2_results/E07_td_-20ms_t2_C_shift,2026-09-30T02:26:37
E07_td_-20ms_t2_E_shift,replay_product,,回放(场景=源袋),目录名编码,,,,,,,,,,,,,,,,,,,,,,,,,,无袋,目录无 flight.bag/vins_out.bag(以无袋行入账),/home/uav/sitl_sim/t2_results/E07_td_-20ms_t2_E_shift,2026-09-30T02:26:37
E07_td_-40ms_t2_B_shift,replay_product,,回放(场景=源袋),目录名编码,,,,,,,,,,,,,,,,,,,,,,,,,,无袋,目录无 flight.bag/vins_out.bag(以无袋行入账),/home/uav/sitl_sim/t2_results/E07_td_-40ms_t2_B_shift,2026-09-30T02:26:37
E07_td_-40ms_t2_C_shift,replay_product,,回放(场景=源袋),目录名编码,,,,,,,,,,,,,,,,,,,,,,,,,,无袋,目录无 flight.bag/vins_out.bag(以无袋行入账),/home/uav/sitl_sim/t2_results/E07_td_-40ms_t2_C_shift,2026-09-30T02:26:37
E07_td_-40ms_t2_E_shift,replay_product,,回放(场景=源袋),目录名编码,,,,,,,,,,,,,,,,,,,,,,,,,,无袋,目录无 flight.bag/vins_out.bag(以无袋行入账),/home/uav/sitl_sim/t2_results/E07_td_-40ms_t2_E_shift,2026-09-30T02:26:37
E08_feat_dense_t2_B_175551,replay_product,2026-09-27,回放(场景=源袋),目录名编码,数值溢出型(含 extreme/非有限帧),0.1,仅odom跳变(传播解尚稳:窗口解单侧毒),,,,,,9.6,124.9,0,,,0,0,,,,0.0,1,2,0.0,,,,FAIL-数值溢出,T2diag(无日志或旧二进制无插桩),/home/uav/sitl_sim/t2_results/E08_feat_dense_t2_B_175551/vins_out.bag,2026-09-30T02:26:37
E08_feat_dense_t2_C_175659,replay_product,2026-09-27,回放(场景=源袋),目录名编码,无帧跳变(慢劣化或未发散),,,,,,,,,,0,,,0,0,,,,0.0,0,0,,,,,健康-无帧跳变,T2diag(无日志或旧二进制无插桩),/home/uav/sitl_sim/t2_results/E08_feat_dense_t2_C_175659/vins_out.bag,2026-09-30T02:26:37
E08_feat_dense_t2_E_175807,replay_product,2026-09-27,回放(场景=源袋),目录名编码,无帧跳变(慢劣化或未发散),,,,,,,,,,0,,,0,0,,,,0.0,0,0,,,,,健康-无帧跳变,T2diag(无日志或旧二进制无插桩),/home/uav/sitl_sim/t2_results/E08_feat_dense_t2_E_175807/vins_out.bag,2026-09-30T02:26:37
E09_robust_t2_B_175551,replay_product,2026-09-27,回放(场景=源袋),目录名编码,数值溢出型(含 extreme/非有限帧),0.1,同时跳变(共同上游:优化器解毒化传播),,,,,,9.6,124.9,0,,,0,0,,,,2828427.12,4,11,0.0,,,,FAIL-数值溢出,T2diag(无日志或旧二进制无插桩),/home/uav/sitl_sim/t2_results/E09_robust_t2_B_175551/vins_out.bag,2026-09-30T02:26:37
E09_robust_t2_C_175659,replay_product,2026-09-27,回放(场景=源袋),目录名编码,无帧跳变(慢劣化或未发散),,,,,,,,,,0,,,0,0,,,,0.0,0,0,,,,,健康-无帧跳变,T2diag(无日志或旧二进制无插桩),/home/uav/sitl_sim/t2_results/E09_robust_t2_C_175659/vins_out.bag,2026-09-30T02:26:37
E09_robust_t2_E_175807,replay_product,2026-09-27,回放(场景=源袋),目录名编码,无帧跳变(慢劣化或未发散),,,,,,,,,,0,,,0,0,,,,0.0,0,0,,,,,健康-无帧跳变,T2diag(无日志或旧二进制无插桩),/home/uav/sitl_sim/t2_results/E09_robust_t2_E_175807/vins_out.bag,2026-09-30T02:26:37
E10_solver_t2_B_175551,replay_product,2026-09-27,回放(场景=源袋),目录名编码,数值溢出型(含 extreme/非有限帧),0.1,仅odom跳变(传播解尚稳:窗口解单侧毒),,,,,,9.7,125.0,0,,,0,0,,,,0.0,1,2,0.0,,,,FAIL-数值溢出,T2diag(无日志或旧二进制无插桩),/home/uav/sitl_sim/t2_results/E10_solver_t2_B_175551/vins_out.bag,2026-09-30T02:26:37
E10_solver_t2_C_175659,replay_product,2026-09-27,回放(场景=源袋),目录名编码,无帧跳变(慢劣化或未发散),,,,,,,,,,0,,,0,0,,,,0.0,0,0,,,,,健康-无帧跳变,T2diag(无日志或旧二进制无插桩),/home/uav/sitl_sim/t2_results/E10_solver_t2_C_175659/vins_out.bag,2026-09-30T02:26:37
E10_solver_t2_E_175807,replay_product,2026-09-27,回放(场景=源袋),目录名编码,无帧跳变(慢劣化或未发散),,,,,,,,,,0,,,0,0,,,,0.0,0,0,,,,,健康-无帧跳变,T2diag(无日志或旧二进制无插桩),/home/uav/sitl_sim/t2_results/E10_solver_t2_E_175807/vins_out.bag,2026-09-30T02:26:37
E11_kf_dense_t2_B_175551,replay_product,2026-09-27,回放(场景=源袋),目录名编码,数值溢出型(含 extreme/非有限帧),0.1,仅odom跳变(传播解尚稳:窗口解单侧毒),,,,,,9.6,124.9,0,,,0,0,,,,0.0,1,2,0.0,,,,FAIL-数值溢出,T2diag(无日志或旧二进制无插桩),/home/uav/sitl_sim/t2_results/E11_kf_dense_t2_B_175551/vins_out.bag,2026-09-30T02:26:38
E11_kf_dense_t2_C_175659,replay_product,2026-09-27,回放(场景=源袋),目录名编码,无帧跳变(慢劣化或未发散),,,,,,,,,,0,,,0,0,,,,0.0,0,0,,,,,健康-无帧跳变,T2diag(无日志或旧二进制无插桩),/home/uav/sitl_sim/t2_results/E11_kf_dense_t2_C_175659/vins_out.bag,2026-09-30T02:26:38
E11_kf_dense_t2_E_175807,replay_product,2026-09-27,回放(场景=源袋),目录名编码,无帧跳变(慢劣化或未发散),,,,,,,,,,0,,,0,0,,,,0.0,0,0,,,,,健康-无帧跳变,T2diag(无日志或旧二进制无插桩),/home/uav/sitl_sim/t2_results/E11_kf_dense_t2_E_175807/vins_out.bag,2026-09-30T02:26:38
E12_t_xm003_t2_A_173156,replay_product,,回放(场景=源袋),目录名编码,,,,,,,,,,,,,,,,,,,,,,,,,,无袋,目录无 flight.bag/vins_out.bag(以无袋行入账),/home/uav/sitl_sim/t2_results/E12_t_xm003_t2_A_173156,2026-09-30T02:26:38
E12_t_xm003_t2_B_shift,replay_product,,回放(场景=源袋),目录名编码,,,,,,,,,,,,,,,,,,,,,,,,,,无袋,目录无 flight.bag/vins_out.bag(以无袋行入账),/home/uav/sitl_sim/t2_results/E12_t_xm003_t2_B_shift,2026-09-30T02:26:38
E12_t_xp003_t2_A_173156,replay_product,,回放(场景=源袋),目录名编码,,,,,,,,,,,,,,,,,,,,,,,,,,无袋,目录无 flight.bag/vins_out.bag(以无袋行入账),/home/uav/sitl_sim/t2_results/E12_t_xp003_t2_A_173156,2026-09-30T02:26:38
E12_t_xp003_t2_B_shift,replay_product,,回放(场景=源袋),目录名编码,,,,,,,,,,,,,,,,,,,,,,,,,,无袋,目录无 flight.bag/vins_out.bag(以无袋行入账),/home/uav/sitl_sim/t2_results/E12_t_xp003_t2_B_shift,2026-09-30T02:26:38
E12_t_ym003_t2_A_173156,replay_product,,回放(场景=源袋),目录名编码,,,,,,,,,,,,,,,,,,,,,,,,,,无袋,目录无 flight.bag/vins_out.bag(以无袋行入账),/home/uav/sitl_sim/t2_results/E12_t_ym003_t2_A_173156,2026-09-30T02:26:38
E12_t_ym003_t2_B_shift,replay_product,,回放(场景=源袋),目录名编码,,,,,,,,,,,,,,,,,,,,,,,,,,无袋,目录无 flight.bag/vins_out.bag(以无袋行入账),/home/uav/sitl_sim/t2_results/E12_t_ym003_t2_B_shift,2026-09-30T02:26:38
E12_t_yp003_t2_A_173156,replay_product,,回放(场景=源袋),目录名编码,,,,,,,,,,,,,,,,,,,,,,,,,,无袋,目录无 flight.bag/vins_out.bag(以无袋行入账),/home/uav/sitl_sim/t2_results/E12_t_yp003_t2_A_173156,2026-09-30T02:26:38
E12_t_yp003_t2_B_shift,replay_product,,回放(场景=源袋),目录名编码,,,,,,,,,,,,,,,,,,,,,,,,,,无袋,目录无 flight.bag/vins_out.bag(以无袋行入账),/home/uav/sitl_sim/t2_results/E12_t_yp003_t2_B_shift,2026-09-30T02:26:38
E12_t_zm003_t2_A_173156,replay_product,,回放(场景=源袋),目录名编码,,,,,,,,,,,,,,,,,,,,,,,,,,无袋,目录无 flight.bag/vins_out.bag(以无袋行入账),/home/uav/sitl_sim/t2_results/E12_t_zm003_t2_A_173156,2026-09-30T02:26:38
E12_t_zm003_t2_B_shift,replay_product,,回放(场景=源袋),目录名编码,,,,,,,,,,,,,,,,,,,,,,,,,,无袋,目录无 flight.bag/vins_out.bag(以无袋行入账),/home/uav/sitl_sim/t2_results/E12_t_zm003_t2_B_shift,2026-09-30T02:26:38
E12_t_zp003_t2_A_173156,replay_product,,回放(场景=源袋),目录名编码,,,,,,,,,,,,,,,,,,,,,,,,,,无袋,目录无 flight.bag/vins_out.bag(以无袋行入账),/home/uav/sitl_sim/t2_results/E12_t_zp003_t2_A_173156,2026-09-30T02:26:38
E12_t_zp003_t2_B_shift,replay_product,,回放(场景=源袋),目录名编码,,,,,,,,,,,,,,,,,,,,,,,,,,无袋,目录无 flight.bag/vins_out.bag(以无袋行入账),/home/uav/sitl_sim/t2_results/E12_t_zp003_t2_B_shift,2026-09-30T02:26:38
E13_R_xm2deg_t2_A_173156,replay_product,,回放(场景=源袋),目录名编码,,,,,,,,,,,,,,,,,,,,,,,,,,无袋,目录无 flight.bag/vins_out.bag(以无袋行入账),/home/uav/sitl_sim/t2_results/E13_R_xm2deg_t2_A_173156,2026-09-30T02:26:38
E13_R_xm2deg_t2_B_shift,replay_product,,回放(场景=源袋),目录名编码,,,,,,,,,,,,,,,,,,,,,,,,,,无袋,目录无 flight.bag/vins_out.bag(以无袋行入账),/home/uav/sitl_sim/t2_results/E13_R_xm2deg_t2_B_shift,2026-09-30T02:26:38
E13_R_xp2deg_t2_A_173156,replay_product,,回放(场景=源袋),目录名编码,,,,,,,,,,,,,,,,,,,,,,,,,,无袋,目录无 flight.bag/vins_out.bag(以无袋行入账),/home/uav/sitl_sim/t2_results/E13_R_xp2deg_t2_A_173156,2026-09-30T02:26:38
E13_R_xp2deg_t2_B_shift,replay_product,,回放(场景=源袋),目录名编码,,,,,,,,,,,,,,,,,,,,,,,,,,无袋,目录无 flight.bag/vins_out.bag(以无袋行入账),/home/uav/sitl_sim/t2_results/E13_R_xp2deg_t2_B_shift,2026-09-30T02:26:38
E13_R_ym2deg_t2_A_173156,replay_product,,回放(场景=源袋),目录名编码,,,,,,,,,,,,,,,,,,,,,,,,,,无袋,目录无 flight.bag/vins_out.bag(以无袋行入账),/home/uav/sitl_sim/t2_results/E13_R_ym2deg_t2_A_173156,2026-09-30T02:26:38
E13_R_ym2deg_t2_B_shift,replay_product,,回放(场景=源袋),目录名编码,,,,,,,,,,,,,,,,,,,,,,,,,,无袋,目录无 flight.bag/vins_out.bag(以无袋行入账),/home/uav/sitl_sim/t2_results/E13_R_ym2deg_t2_B_shift,2026-09-30T02:26:38
E13_R_yp2deg_t2_A_173156,replay_product,,回放(场景=源袋),目录名编码,,,,,,,,,,,,,,,,,,,,,,,,,,无袋,目录无 flight.bag/vins_out.bag(以无袋行入账),/home/uav/sitl_sim/t2_results/E13_R_yp2deg_t2_A_173156,2026-09-30T02:26:38
E13_R_yp2deg_t2_B_shift,replay_product,,回放(场景=源袋),目录名编码,,,,,,,,,,,,,,,,,,,,,,,,,,无袋,目录无 flight.bag/vins_out.bag(以无袋行入账),/home/uav/sitl_sim/t2_results/E13_R_yp2deg_t2_B_shift,2026-09-30T02:26:38
E13_R_zm2deg_t2_A_173156,replay_product,,回放(场景=源袋),目录名编码,,,,,,,,,,,,,,,,,,,,,,,,,,无袋,目录无 flight.bag/vins_out.bag(以无袋行入账),/home/uav/sitl_sim/t2_results/E13_R_zm2deg_t2_A_173156,2026-09-30T02:26:38
E13_R_zm2deg_t2_B_shift,replay_product,,回放(场景=源袋),目录名编码,,,,,,,,,,,,,,,,,,,,,,,,,,无袋,目录无 flight.bag/vins_out.bag(以无袋行入账),/home/uav/sitl_sim/t2_results/E13_R_zm2deg_t2_B_shift,2026-09-30T02:26:38
E13_R_zp2deg_t2_A_173156,replay_product,,回放(场景=源袋),目录名编码,,,,,,,,,,,,,,,,,,,,,,,,,,无袋,目录无 flight.bag/vins_out.bag(以无袋行入账),/home/uav/sitl_sim/t2_results/E13_R_zp2deg_t2_A_173156,2026-09-30T02:26:38
E13_R_zp2deg_t2_B_shift,replay_product,,回放(场景=源袋),目录名编码,,,,,,,,,,,,,,,,,,,,,,,,,,无袋,目录无 flight.bag/vins_out.bag(以无袋行入账),/home/uav/sitl_sim/t2_results/E13_R_zp2deg_t2_B_shift,2026-09-30T02:26:38
E15_acc005_gyr001_t2_C_shift,replay_product,,回放(场景=源袋),目录名编码,,,,,,,,,,,,,,,,,,,,,,,,,,无袋,目录无 flight.bag/vins_out.bag(以无袋行入账),/home/uav/sitl_sim/t2_results/E15_acc005_gyr001_t2_C_shift,2026-09-30T02:26:38
E15_acc005_gyr004_t2_C_shift,replay_product,,回放(场景=源袋),目录名编码,,,,,,,,,,,,,,,,,,,,,,,,,,无袋,目录无 flight.bag/vins_out.bag(以无袋行入账),/home/uav/sitl_sim/t2_results/E15_acc005_gyr004_t2_C_shift,2026-09-30T02:26:38
E15_acc005_gyr010_t2_B_shift,replay_product,,回放(场景=源袋),目录名编码,,,,,,,,,,,,,,,,,,,,,,,,,,无袋,目录无 flight.bag/vins_out.bag(以无袋行入账),/home/uav/sitl_sim/t2_results/E15_acc005_gyr010_t2_B_shift,2026-09-30T02:26:38
E15_acc005_gyr010_t2_C_shift,replay_product,,回放(场景=源袋),目录名编码,,,,,,,,,,,,,,,,,,,,,,,,,,无袋,目录无 flight.bag/vins_out.bag(以无袋行入账),/home/uav/sitl_sim/t2_results/E15_acc005_gyr010_t2_C_shift,2026-09-30T02:26:38
E15_acc005_gyr010_t2_E_shift,replay_product,,回放(场景=源袋),目录名编码,,,,,,,,,,,,,,,,,,,,,,,,,,无袋,目录无 flight.bag/vins_out.bag(以无袋行入账),/home/uav/sitl_sim/t2_results/E15_acc005_gyr010_t2_E_shift,2026-09-30T02:26:38
E15_acc005_gyr020_t2_C_shift,replay_product,,回放(场景=源袋),目录名编码,,,,,,,,,,,,,,,,,,,,,,,,,,无袋,目录无 flight.bag/vins_out.bag(以无袋行入账),/home/uav/sitl_sim/t2_results/E15_acc005_gyr020_t2_C_shift,2026-09-30T02:26:38
E15_acc020_gyr001_t2_C_shift,replay_product,,回放(场景=源袋),目录名编码,,,,,,,,,,,,,,,,,,,,,,,,,,无袋,目录无 flight.bag/vins_out.bag(以无袋行入账),/home/uav/sitl_sim/t2_results/E15_acc020_gyr001_t2_C_shift,2026-09-30T02:26:38
E15_acc020_gyr004_t2_C_shift,replay_product,,回放(场景=源袋),目录名编码,,,,,,,,,,,,,,,,,,,,,,,,,,无袋,目录无 flight.bag/vins_out.bag(以无袋行入账),/home/uav/sitl_sim/t2_results/E15_acc020_gyr004_t2_C_shift,2026-09-30T02:26:38
E15_acc020_gyr010_t2_C_shift,replay_product,,回放(场景=源袋),目录名编码,,,,,,,,,,,,,,,,,,,,,,,,,,无袋,目录无 flight.bag/vins_out.bag(以无袋行入账),/home/uav/sitl_sim/t2_results/E15_acc020_gyr010_t2_C_shift,2026-09-30T02:26:38
E15_acc020_gyr020_t2_C_shift,replay_product,,回放(场景=源袋),目录名编码,,,,,,,,,,,,,,,,,,,,,,,,,,无袋,目录无 flight.bag/vins_out.bag(以无袋行入账),/home/uav/sitl_sim/t2_results/E15_acc020_gyr020_t2_C_shift,2026-09-30T02:26:38
E15_acc050_gyr001_t2_C_shift,replay_product,,回放(场景=源袋),目录名编码,,,,,,,,,,,,,,,,,,,,,,,,,,无袋,目录无 flight.bag/vins_out.bag(以无袋行入账),/home/uav/sitl_sim/t2_results/E15_acc050_gyr001_t2_C_shift,2026-09-30T02:26:38
E15_acc050_gyr004_t2_C_shift,replay_product,,回放(场景=源袋),目录名编码,,,,,,,,,,,,,,,,,,,,,,,,,,无袋,目录无 flight.bag/vins_out.bag(以无袋行入账),/home/uav/sitl_sim/t2_results/E15_acc050_gyr004_t2_C_shift,2026-09-30T02:26:38
E15_acc050_gyr010_t2_C_shift,replay_product,,回放(场景=源袋),目录名编码,,,,,,,,,,,,,,,,,,,,,,,,,,无袋,目录无 flight.bag/vins_out.bag(以无袋行入账),/home/uav/sitl_sim/t2_results/E15_acc050_gyr010_t2_C_shift,2026-09-30T02:26:38
E15_acc050_gyr020_t2_B_shift,replay_product,,回放(场景=源袋),目录名编码,,,,,,,,,,,,,,,,,,,,,,,,,,无袋,目录无 flight.bag/vins_out.bag(以无袋行入账),/home/uav/sitl_sim/t2_results/E15_acc050_gyr020_t2_B_shift,2026-09-30T02:26:38
E15_acc050_gyr020_t2_C_shift,replay_product,,回放(场景=源袋),目录名编码,,,,,,,,,,,,,,,,,,,,,,,,,,无袋,目录无 flight.bag/vins_out.bag(以无袋行入账),/home/uav/sitl_sim/t2_results/E15_acc050_gyr020_t2_C_shift,2026-09-30T02:26:38
E15_acc050_gyr020_t2_E_shift,replay_product,,回放(场景=源袋),目录名编码,,,,,,,,,,,,,,,,,,,,,,,,,,无袋,目录无 flight.bag/vins_out.bag(以无袋行入账),/home/uav/sitl_sim/t2_results/E15_acc050_gyr020_t2_E_shift,2026-09-30T02:26:38
E15_acc100_gyr001_t2_C_shift,replay_product,,回放(场景=源袋),目录名编码,,,,,,,,,,,,,,,,,,,,,,,,,,无袋,目录无 flight.bag/vins_out.bag(以无袋行入账),/home/uav/sitl_sim/t2_results/E15_acc100_gyr001_t2_C_shift,2026-09-30T02:26:38
E15_acc100_gyr004_t2_C_shift,replay_product,,回放(场景=源袋),目录名编码,,,,,,,,,,,,,,,,,,,,,,,,,,无袋,目录无 flight.bag/vins_out.bag(以无袋行入账),/home/uav/sitl_sim/t2_results/E15_acc100_gyr004_t2_C_shift,2026-09-30T02:26:38
E15_acc100_gyr010_t2_C_shift,replay_product,,回放(场景=源袋),目录名编码,,,,,,,,,,,,,,,,,,,,,,,,,,无袋,目录无 flight.bag/vins_out.bag(以无袋行入账),/home/uav/sitl_sim/t2_results/E15_acc100_gyr010_t2_C_shift,2026-09-30T02:26:38
E15_acc100_gyr020_t2_B_shift,replay_product,,回放(场景=源袋),目录名编码,,,,,,,,,,,,,,,,,,,,,,,,,,无袋,目录无 flight.bag/vins_out.bag(以无袋行入账),/home/uav/sitl_sim/t2_results/E15_acc100_gyr020_t2_B_shift,2026-09-30T02:26:38
E15_acc100_gyr020_t2_C_shift,replay_product,,回放(场景=源袋),目录名编码,,,,,,,,,,,,,,,,,,,,,,,,,,无袋,目录无 flight.bag/vins_out.bag(以无袋行入账),/home/uav/sitl_sim/t2_results/E15_acc100_gyr020_t2_C_shift,2026-09-30T02:26:38
E15_acc100_gyr020_t2_E_shift,replay_product,,回放(场景=源袋),目录名编码,,,,,,,,,,,,,,,,,,,,,,,,,,无袋,目录无 flight.bag/vins_out.bag(以无袋行入账),/home/uav/sitl_sim/t2_results/E15_acc100_gyr020_t2_E_shift,2026-09-30T02:26:38
E15_acc200_gyr001_t2_C_shift,replay_product,,回放(场景=源袋),目录名编码,,,,,,,,,,,,,,,,,,,,,,,,,,无袋,目录无 flight.bag/vins_out.bag(以无袋行入账),/home/uav/sitl_sim/t2_results/E15_acc200_gyr001_t2_C_shift,2026-09-30T02:26:38
E15_acc200_gyr004_t2_C_shift,replay_product,,回放(场景=源袋),目录名编码,,,,,,,,,,,,,,,,,,,,,,,,,,无袋,目录无 flight.bag/vins_out.bag(以无袋行入账),/home/uav/sitl_sim/t2_results/E15_acc200_gyr004_t2_C_shift,2026-09-30T02:26:38
E15_acc200_gyr010_t2_B_shift,replay_product,,回放(场景=源袋),目录名编码,,,,,,,,,,,,,,,,,,,,,,,,,,无袋,目录无 flight.bag/vins_out.bag(以无袋行入账),/home/uav/sitl_sim/t2_results/E15_acc200_gyr010_t2_B_shift,2026-09-30T02:26:38
E15_acc200_gyr010_t2_C_shift,replay_product,,回放(场景=源袋),目录名编码,,,,,,,,,,,,,,,,,,,,,,,,,,无袋,目录无 flight.bag/vins_out.bag(以无袋行入账),/home/uav/sitl_sim/t2_results/E15_acc200_gyr010_t2_C_shift,2026-09-30T02:26:38
E15_acc200_gyr010_t2_E_shift,replay_product,,回放(场景=源袋),目录名编码,,,,,,,,,,,,,,,,,,,,,,,,,,无袋,目录无 flight.bag/vins_out.bag(以无袋行入账),/home/uav/sitl_sim/t2_results/E15_acc200_gyr010_t2_E_shift,2026-09-30T02:26:38
E15_acc200_gyr020_t2_B_shift,replay_product,,回放(场景=源袋),目录名编码,,,,,,,,,,,,,,,,,,,,,,,,,,无袋,目录无 flight.bag/vins_out.bag(以无袋行入账),/home/uav/sitl_sim/t2_results/E15_acc200_gyr020_t2_B_shift,2026-09-30T02:26:38
E15_acc200_gyr020_t2_C_shift,replay_product,,回放(场景=源袋),目录名编码,,,,,,,,,,,,,,,,,,,,,,,,,,无袋,目录无 flight.bag/vins_out.bag(以无袋行入账),/home/uav/sitl_sim/t2_results/E15_acc200_gyr020_t2_C_shift,2026-09-30T02:26:38
E15_acc200_gyr020_t2_E_shift,replay_product,,回放(场景=源袋),目录名编码,,,,,,,,,,,,,,,,,,,,,,,,,,无袋,目录无 flight.bag/vins_out.bag(以无袋行入账),/home/uav/sitl_sim/t2_results/E15_acc200_gyr020_t2_E_shift,2026-09-30T02:26:38
E16_cnt150_md15_t2_C_shift,replay_product,,回放(场景=源袋),目录名编码,,,,,,,,,,,,,,,,,,,,,,,,,,无袋,目录无 flight.bag/vins_out.bag(以无袋行入账),/home/uav/sitl_sim/t2_results/E16_cnt150_md15_t2_C_shift,2026-09-30T02:26:38
E16_cnt150_md20_t2_C_shift,replay_product,,回放(场景=源袋),目录名编码,,,,,,,,,,,,,,,,,,,,,,,,,,无袋,目录无 flight.bag/vins_out.bag(以无袋行入账),/home/uav/sitl_sim/t2_results/E16_cnt150_md20_t2_C_shift,2026-09-30T02:26:38
E16_cnt150_md30_t2_C_shift,replay_product,,回放(场景=源袋),目录名编码,,,,,,,,,,,,,,,,,,,,,,,,,,无袋,目录无 flight.bag/vins_out.bag(以无袋行入账),/home/uav/sitl_sim/t2_results/E16_cnt150_md30_t2_C_shift,2026-09-30T02:26:38
E16_cnt200_md15_t2_C_shift,replay_product,,回放(场景=源袋),目录名编码,,,,,,,,,,,,,,,,,,,,,,,,,,无袋,目录无 flight.bag/vins_out.bag(以无袋行入账),/home/uav/sitl_sim/t2_results/E16_cnt200_md15_t2_C_shift,2026-09-30T02:26:38
E16_cnt200_md20_t2_C_shift,replay_product,,回放(场景=源袋),目录名编码,,,,,,,,,,,,,,,,,,,,,,,,,,无袋,目录无 flight.bag/vins_out.bag(以无袋行入账),/home/uav/sitl_sim/t2_results/E16_cnt200_md20_t2_C_shift,2026-09-30T02:26:38
E16_cnt200_md30_t2_C_shift,replay_product,,回放(场景=源袋),目录名编码,,,,,,,,,,,,,,,,,,,,,,,,,,无袋,目录无 flight.bag/vins_out.bag(以无袋行入账),/home/uav/sitl_sim/t2_results/E16_cnt200_md30_t2_C_shift,2026-09-30T02:26:38
E16_cnt250_md15_t2_C_shift,replay_product,,回放(场景=源袋),目录名编码,,,,,,,,,,,,,,,,,,,,,,,,,,无袋,目录无 flight.bag/vins_out.bag(以无袋行入账),/home/uav/sitl_sim/t2_results/E16_cnt250_md15_t2_C_shift,2026-09-30T02:26:38
E16_cnt250_md20_t2_C_shift,replay_product,,回放(场景=源袋),目录名编码,,,,,,,,,,,,,,,,,,,,,,,,,,无袋,目录无 flight.bag/vins_out.bag(以无袋行入账),/home/uav/sitl_sim/t2_results/E16_cnt250_md20_t2_C_shift,2026-09-30T02:26:38
E16_cnt250_md30_t2_C_shift,replay_product,,回放(场景=源袋),目录名编码,,,,,,,,,,,,,,,,,,,,,,,,,,无袋,目录无 flight.bag/vins_out.bag(以无袋行入账),/home/uav/sitl_sim/t2_results/E16_cnt250_md30_t2_C_shift,2026-09-30T02:26:38
E16_cnt300_md15_t2_C_shift,replay_product,,回放(场景=源袋),目录名编码,,,,,,,,,,,,,,,,,,,,,,,,,,无袋,目录无 flight.bag/vins_out.bag(以无袋行入账),/home/uav/sitl_sim/t2_results/E16_cnt300_md15_t2_C_shift,2026-09-30T02:26:38
E16_cnt300_md20_t2_C_shift,replay_product,,回放(场景=源袋),目录名编码,,,,,,,,,,,,,,,,,,,,,,,,,,无袋,目录无 flight.bag/vins_out.bag(以无袋行入账),/home/uav/sitl_sim/t2_results/E16_cnt300_md20_t2_C_shift,2026-09-30T02:26:38
E16_cnt300_md30_t2_C_shift,replay_product,,回放(场景=源袋),目录名编码,,,,,,,,,,,,,,,,,,,,,,,,,,无袋,目录无 flight.bag/vins_out.bag(以无袋行入账),/home/uav/sitl_sim/t2_results/E16_cnt300_md30_t2_C_shift,2026-09-30T02:26:38
E17_st040_kp05_t2_C_shift,replay_product,,回放(场景=源袋),目录名编码,,,,,,,,,,,,,,,,,,,,,,,,,,无袋,目录无 flight.bag/vins_out.bag(以无袋行入账),/home/uav/sitl_sim/t2_results/E17_st040_kp05_t2_C_shift,2026-09-30T02:26:38
E17_st040_kp10_t2_C_shift,replay_product,,回放(场景=源袋),目录名编码,,,,,,,,,,,,,,,,,,,,,,,,,,无袋,目录无 flight.bag/vins_out.bag(以无袋行入账),/home/uav/sitl_sim/t2_results/E17_st040_kp10_t2_C_shift,2026-09-30T02:26:38
E17_st040_kp20_t2_C_shift,replay_product,,回放(场景=源袋),目录名编码,,,,,,,,,,,,,,,,,,,,,,,,,,无袋,目录无 flight.bag/vins_out.bag(以无袋行入账),/home/uav/sitl_sim/t2_results/E17_st040_kp20_t2_C_shift,2026-09-30T02:26:38
E17_st060_kp05_t2_C_shift,replay_product,,回放(场景=源袋),目录名编码,,,,,,,,,,,,,,,,,,,,,,,,,,无袋,目录无 flight.bag/vins_out.bag(以无袋行入账),/home/uav/sitl_sim/t2_results/E17_st060_kp05_t2_C_shift,2026-09-30T02:26:38
E17_st060_kp10_t2_C_shift,replay_product,,回放(场景=源袋),目录名编码,,,,,,,,,,,,,,,,,,,,,,,,,,无袋,目录无 flight.bag/vins_out.bag(以无袋行入账),/home/uav/sitl_sim/t2_results/E17_st060_kp10_t2_C_shift,2026-09-30T02:26:38
E17_st060_kp20_t2_C_shift,replay_product,,回放(场景=源袋),目录名编码,,,,,,,,,,,,,,,,,,,,,,,,,,无袋,目录无 flight.bag/vins_out.bag(以无袋行入账),/home/uav/sitl_sim/t2_results/E17_st060_kp20_t2_C_shift,2026-09-30T02:26:38
E17_st080_kp05_t2_C_shift,replay_product,,回放(场景=源袋),目录名编码,,,,,,,,,,,,,,,,,,,,,,,,,,无袋,目录无 flight.bag/vins_out.bag(以无袋行入账),/home/uav/sitl_sim/t2_results/E17_st080_kp05_t2_C_shift,2026-09-30T02:26:38
E17_st080_kp10_t2_C_shift,replay_product,,回放(场景=源袋),目录名编码,,,,,,,,,,,,,,,,,,,,,,,,,,无袋,目录无 flight.bag/vins_out.bag(以无袋行入账),/home/uav/sitl_sim/t2_results/E17_st080_kp10_t2_C_shift,2026-09-30T02:26:38
E17_st080_kp20_t2_C_shift,replay_product,,回放(场景=源袋),目录名编码,,,,,,,,,,,,,,,,,,,,,,,,,,无袋,目录无 flight.bag/vins_out.bag(以无袋行入账),/home/uav/sitl_sim/t2_results/E17_st080_kp20_t2_C_shift,2026-09-30T02:26:38
E18_60hz320_t2_A_60hz320,replay_product,,回放(场景=源袋),目录名编码,,,,,,,,,,,,,,,,,,,,,,,,,,无袋,目录无 flight.bag/vins_out.bag(以无袋行入账),/home/uav/sitl_sim/t2_results/E18_60hz320_t2_A_60hz320,2026-09-30T02:26:38
E18_60hz320_t2_C_60hz320,replay_product,,回放(场景=源袋),目录名编码,,,,,,,,,,,,,,,,,,,,,,,,,,无袋,目录无 flight.bag/vins_out.bag(以无袋行入账),/home/uav/sitl_sim/t2_results/E18_60hz320_t2_C_60hz320,2026-09-30T02:26:38
E18_halfres_t2_C_half,replay_product,,回放(场景=源袋),目录名编码,,,,,,,,,,,,,,,,,,,,,,,,,,无袋,目录无 flight.bag/vins_out.bag(以无袋行入账),/home/uav/sitl_sim/t2_results/E18_halfres_t2_C_half,2026-09-30T02:26:38
E20REG_t2_A_173156,replay_product,2026-09-27,回放(场景=源袋),目录名编码,小跳/渐进劣化,29.4,同时跳变(共同上游:优化器解毒化传播),,,,,,9.6,125.0,0,,,0,0,,,,1.85,4,0,30.0,,,,FAIL-劣化,T2diag(无日志或旧二进制无插桩),/home/uav/sitl_sim/t2_results/E20REG_t2_A_173156/vins_out.bag,2026-09-30T02:26:38
E20TEST_t2_B_175551,replay_product,2026-09-27,回放(场景=源袋),目录名编码,无帧跳变(慢劣化或未发散),,,,,,,,,,0,,,0,0,,,,0.0,0,0,,,,,健康-无帧跳变,T2diag(无日志或旧二进制无插桩),/home/uav/sitl_sim/t2_results/E20TEST_t2_B_175551/vins_out.bag,2026-09-30T02:26:38
E20_ext1_td0_t2_A_173156,replay_product,2026-09-27,回放(场景=源袋),目录名编码,小跳/渐进劣化,29.4,同时跳变(共同上游:优化器解毒化传播),,,,,,9.6,125.0,0,,,0,0,,,,1.86,2,0,,,,,FAIL-劣化,T2diag(无日志或旧二进制无插桩),/home/uav/sitl_sim/t2_results/E20_ext1_td0_t2_A_173156/vins_out.bag,2026-09-30T02:26:38
E20_ext1_td0_t2_A_60hz640,replay_product,,回放(场景=源袋),目录名编码,,,,,,,,,,,,,,,,,,,,,,,,,,无袋,目录无 flight.bag/vins_out.bag(以无袋行入账),/home/uav/sitl_sim/t2_results/E20_ext1_td0_t2_A_60hz640,2026-09-30T02:26:38
E20_ext1_td0_t2_A_clean,replay_product,,回放(场景=源袋),目录名编码,,,,,,,,,,,,,,,,,,,,,,,,,,无袋,目录无 flight.bag/vins_out.bag(以无袋行入账),/home/uav/sitl_sim/t2_results/E20_ext1_td0_t2_A_clean,2026-09-30T02:26:38
E20_ext1_td0_t2_B_175551,replay_product,2026-09-27,回放(场景=源袋),目录名编码,无帧跳变(慢劣化或未发散),,,,,,,,,,0,,,0,0,,,,0.0,0,0,,,,,健康-无帧跳变,T2diag(无日志或旧二进制无插桩),/home/uav/sitl_sim/t2_results/E20_ext1_td0_t2_B_175551/vins_out.bag,2026-09-30T02:26:38
E20_ext1_td0_t2_B_shift,replay_product,,回放(场景=源袋),目录名编码,,,,,,,,,,,,,,,,,,,,,,,,,,无袋,目录无 flight.bag/vins_out.bag(以无袋行入账),/home/uav/sitl_sim/t2_results/E20_ext1_td0_t2_B_shift,2026-09-30T02:26:38
E20_ext1_td0_t2_C_175659,replay_product,2026-09-27,回放(场景=源袋),目录名编码,无帧跳变(慢劣化或未发散),,,,,,,,,,0,,,0,0,,,,0.0,0,0,,,,,健康-无帧跳变,T2diag(无日志或旧二进制无插桩),/home/uav/sitl_sim/t2_results/E20_ext1_td0_t2_C_175659/vins_out.bag,2026-09-30T02:26:38
E20_ext1_td0_t2_C_60hz640,replay_product,,回放(场景=源袋),目录名编码,,,,,,,,,,,,,,,,,,,,,,,,,,无袋,目录无 flight.bag/vins_out.bag(以无袋行入账),/home/uav/sitl_sim/t2_results/E20_ext1_td0_t2_C_60hz640,2026-09-30T02:26:38
E20_ext1_td0_t2_C_dec2,replay_product,,回放(场景=源袋),目录名编码,,,,,,,,,,,,,,,,,,,,,,,,,,无袋,目录无 flight.bag/vins_out.bag(以无袋行入账),/home/uav/sitl_sim/t2_results/E20_ext1_td0_t2_C_dec2,2026-09-30T02:26:38
E20_ext1_td0_t2_C_shift,replay_product,,回放(场景=源袋),目录名编码,,,,,,,,,,,,,,,,,,,,,,,,,,无袋,目录无 flight.bag/vins_out.bag(以无袋行入账),/home/uav/sitl_sim/t2_results/E20_ext1_td0_t2_C_shift,2026-09-30T02:26:38
E20_ext1_td0_t2_D_175728,replay_product,2026-09-27,回放(场景=源袋),目录名编码,数值溢出型(含 extreme/非有限帧),,,,,,,,0.0,,0,,,0,0,,,,0.0,0,0,,,,,FAIL-数值溢出,T2diag(无日志或旧二进制无插桩),/home/uav/sitl_sim/t2_results/E20_ext1_td0_t2_D_175728/vins_out.bag,2026-09-30T02:26:38
E20_ext1_td0_t2_E_175807,replay_product,2026-09-27,回放(场景=源袋),目录名编码,无帧跳变(慢劣化或未发散),,,,,,,,,,0,,,0,0,,,,0.0,0,0,,,,,健康-无帧跳变,T2diag(无日志或旧二进制无插桩),/home/uav/sitl_sim/t2_results/E20_ext1_td0_t2_E_175807/vins_out.bag,2026-09-30T02:26:38
E20_ext1_td0_t2_E_shift,replay_product,,回放(场景=源袋),目录名编码,,,,,,,,,,,,,,,,,,,,,,,,,,无袋,目录无 flight.bag/vins_out.bag(以无袋行入账),/home/uav/sitl_sim/t2_results/E20_ext1_td0_t2_E_shift,2026-09-30T02:26:38
E21_combo_md15_st080_t2_A_173156,replay_product,,回放(场景=源袋),目录名编码,,,,,,,,,,,,,,,,,,,,,,,,,,无袋,目录无 flight.bag/vins_out.bag(以无袋行入账),/home/uav/sitl_sim/t2_results/E21_combo_md15_st080_t2_A_173156,2026-09-30T02:26:38
E21_combo_md15_st080_t2_B_shift,replay_product,,回放(场景=源袋),目录名编码,,,,,,,,,,,,,,,,,,,,,,,,,,无袋,目录无 flight.bag/vins_out.bag(以无袋行入账),/home/uav/sitl_sim/t2_results/E21_combo_md15_st080_t2_B_shift,2026-09-30T02:26:38
E21_combo_md15_st080_t2_C_shift,replay_product,,回放(场景=源袋),目录名编码,,,,,,,,,,,,,,,,,,,,,,,,,,无袋,目录无 flight.bag/vins_out.bag(以无袋行入账),/home/uav/sitl_sim/t2_results/E21_combo_md15_st080_t2_C_shift,2026-09-30T02:26:38
E21_combo_md15_st080_t2_E_shift,replay_product,,回放(场景=源袋),目录名编码,,,,,,,,,,,,,,,,,,,,,,,,,,无袋,目录无 flight.bag/vins_out.bag(以无袋行入账),/home/uav/sitl_sim/t2_results/E21_combo_md15_st080_t2_E_shift,2026-09-30T02:26:38
P1BS2_p1b_shifted2,replay_product,2026-09-27,回放(场景=源袋),目录名编码,爆散,25.9,同时跳变(共同上游:优化器解毒化传播),,,,,,9.6,124.9,0,,,0,0,,,,128661.41,1,0,,,,,FAIL-发散(爆散),T2diag(无日志或旧二进制无插桩),/home/uav/sitl_sim/t2_results/P1BS2_p1b_shifted2/vins_out.bag,2026-09-30T02:26:39
P1BS_p1b_shifted,replay_product,2026-09-27,回放(场景=源袋),目录名编码,爆散,5.8,odom先病(优化器窗口解先毒),,,,,,9.5,124.9,0,,,0,0,,,,83356.23,450,450,2.4,,,,FAIL-发散(爆散),T2diag(无日志或旧二进制无插桩),/home/uav/sitl_sim/t2_results/P1BS_p1b_shifted/vins_out.bag,2026-09-30T02:26:40
P1B_t2w5_p1_210129,replay_product,2026-09-27,回放(场景=源袋),目录名编码,无帧跳变(慢劣化或未发散),,,,,,,,,,0,,,0,0,,,,0.0,0,0,,,,,健康-无帧跳变,T2diag(无日志或旧二进制无插桩),/home/uav/sitl_sim/t2_results/P1B_t2w5_p1_210129/vins_out.bag,2026-09-30T02:26:40
R14B_E23_t2_A_173156,replay_product,2026-09-29,回放(场景=源袋),目录名编码,小跳/渐进劣化,31.3,仅odom跳变(传播解尚稳:窗口解单侧毒),0.5022,0.2852,0.00756,107,506,9.6,125.0,0,,,0,0,,,,1.92,1,0,,,,,FAIL-劣化,,/home/uav/sitl_sim/t2_results/R14B_E23_t2_A_173156/vins_out.bag,2026-09-30T02:26:40
R14B_E23_t2_B_shift,replay_product,2026-09-29,回放(场景=源袋),目录名编码,小跳/渐进劣化,30.1,同时跳变(共同上游:优化器解毒化传播),0.6368,0.1147,0.00233,83,432,9.6,124.9,0,,,0,0,,,,4.67,5,2,30.3,,,,FAIL-劣化,,/home/uav/sitl_sim/t2_results/R14B_E23_t2_B_shift/vins_out.bag,2026-09-30T02:26:40
R14B_E23_t2_C_shift,replay_product,2026-09-29,回放(场景=源袋),目录名编码,爆散,0.1,同时跳变(共同上游:优化器解毒化传播),0.6956,0.0359,0.03019,0,245,9.6,124.9,0,,,0,0,,,,84.89,222,220,3.4,,,,FAIL-发散(爆散),,/home/uav/sitl_sim/t2_results/R14B_E23_t2_C_shift/vins_out.bag,2026-09-30T02:26:41
R14C_E20_t2_C_shift,replay_product,2026-09-29,回放(场景=源袋),目录名编码,爆散,0.1,同时跳变(共同上游:优化器解毒化传播),0.6933,0.0381,0.03046,0,245,9.6,124.9,0,,,0,0,,,,85.12,222,220,0.3,,,,FAIL-发散(爆散),,/home/uav/sitl_sim/t2_results/R14C_E20_t2_C_shift/vins_out.bag,2026-09-30T02:26:41
R14_E20_t2v3_route_215016,replay_product,2026-09-29,回放(场景=源袋),目录名编码,无帧跳变(慢劣化或未发散),,,0.3794,0.1869,0.00244,119,101,18.5,238.0,0,,,0,0,,,,0.04,0,0,,,,,健康-无帧跳变,,/home/uav/sitl_sim/t2_results/R14_E20_t2v3_route_215016/vins_out.bag,2026-09-30T02:26:41
R14_E22_t2_A_173156,replay_product,2026-09-29,回放(场景=源袋),目录名编码,小跳/渐进劣化,31.2,仅odom跳变(传播解尚稳:窗口解单侧毒),0.4046,0.2555,0.00731,107,506,9.6,125.0,0,,,0,0,,,,1.91,1,0,,,,,FAIL-劣化,,/home/uav/sitl_sim/t2_results/R14_E22_t2_A_173156/vins_out.bag,2026-09-30T02:26:41
R14_E22_t2_B_shift,replay_product,2026-09-29,回放(场景=源袋),目录名编码,小跳/渐进劣化,30.3,同时跳变(共同上游:优化器解毒化传播),0.6368,0.1251,0.00233,83,449,9.6,124.9,0,,,0,0,,,,4.57,3,5,30.5,,,,FAIL-劣化,,/home/uav/sitl_sim/t2_results/R14_E22_t2_B_shift/vins_out.bag,2026-09-30T02:26:41
R14_E22_t2_C_shift,replay_product,2026-09-29,回放(场景=源袋),目录名编码,爆散,1.5,odom先病(优化器窗口解先毒),0.1804,0.0606,0.00836,0,245,9.6,124.9,0,,,0,0,,,,42.12,177,180,3.7,,,,FAIL-发散(爆散),,/home/uav/sitl_sim/t2_results/R14_E22_t2_C_shift/vins_out.bag,2026-09-30T02:26:41
R14_E22_t2v3_route_215016,replay_product,2026-09-29,回放(场景=源袋),目录名编码,爆散,29.9,同时跳变(共同上游:优化器解毒化传播),0.362,0.1354,0.0026,0,924,12.6,248.4,0,,,0,0,,,,16310.3,641,639,30.2,,,,FAIL-发散(爆散),,/home/uav/sitl_sim/t2_results/R14_E22_t2v3_route_215016/vins_out.bag,2026-09-30T02:26:42
R14_E23_t2_A_173156,replay_product,2026-09-29,回放(场景=源袋),目录名编码,无帧跳变(慢劣化或未发散),,,,,,,,,,0,,,0,0,,,,0.0,0,0,,,,,健康-无帧跳变,T2diag(无日志或旧二进制无插桩),/home/uav/sitl_sim/t2_results/R14_E23_t2_A_173156/vins_out.bag,2026-09-30T02:26:42
R14_E23_t2_B_shift,replay_product,2026-09-29,回放(场景=源袋),目录名编码,无帧跳变(慢劣化或未发散),,,0.0536,0.014,0.00233,117,24,8.2,103.1,0,,,0,0,,,,0.24,0,0,,,,,健康-无帧跳变,,/home/uav/sitl_sim/t2_results/R14_E23_t2_B_shift/vins_out.bag,2026-09-30T02:26:42
R14_E23_t2_C_shift,replay_product,2026-09-29,回放(场景=源袋),目录名编码,爆散,0.1,同时跳变(共同上游:优化器解毒化传播),0.6956,0.0359,0.03019,0,245,9.6,124.9,0,,,0,0,,,,84.89,222,220,3.5,,,,FAIL-发散(爆散),,/home/uav/sitl_sim/t2_results/R14_E23_t2_C_shift/vins_out.bag,2026-09-30T02:26:42
R14_E23_t2v3_route_215016,replay_product,2026-09-29,回放(场景=源袋),目录名编码,爆散,29.9,同时跳变(共同上游:优化器解毒化传播),0.362,0.0123,0.0026,0,1096,12.2,248.6,0,,,0,0,,,,26047.27,813,811,29.9,,,,FAIL-发散(爆散),,/home/uav/sitl_sim/t2_results/R14_E23_t2v3_route_215016/vins_out.bag,2026-09-30T02:26:43
R15E20_t2_A_173156,replay_product,2026-09-29,回放(场景=源袋),目录名编码,小跳/渐进劣化,29.4,同时跳变(共同上游:优化器解毒化传播),2.1501,0.0487,0.04759,116,506,9.6,125.0,0,,,0,0,,,,1.85,4,0,30.0,,,,FAIL-劣化,,/home/uav/sitl_sim/t2_results/R15E20_t2_A_173156/vins_out.bag,2026-09-30T02:26:43
R2DET1_t2_C_033818_shift,replay_product,2026-09-29,回放(场景=源袋),目录名编码,爆散,3.6,odom先病(优化器窗口解先毒),0.8496,0.2203,0.00329,103,343,9.9,124.7,0,,,0,0,,,,23.99,100,94,25.4,,,,FAIL-发散(爆散),,/home/uav/sitl_sim/t2_results/R2DET1_t2_C_033818_shift/vins_out.bag,2026-09-30T02:26:43
R2DET2_t2_C_033818_shift,replay_product,2026-09-29,回放(场景=源袋),目录名编码,爆散,5.8,odom先病(优化器窗口解先毒),1.7413,0.1247,0.00289,104,343,9.9,124.6,0,,,0,0,,,,25.34,95,95,25.4,,,,FAIL-发散(爆散),,/home/uav/sitl_sim/t2_results/R2DET2_t2_C_033818_shift/vins_out.bag,2026-09-30T02:26:43
R2DET3_t2_C_033818_shift,replay_product,2026-09-29,回放(场景=源袋),目录名编码,爆散,3.6,odom先病(优化器窗口解先毒),0.8496,0.2203,0.00329,103,343,9.9,124.7,0,,,0,0,,,,24.01,100,94,25.4,,,,FAIL-发散(爆散),,/home/uav/sitl_sim/t2_results/R2DET3_t2_C_033818_shift/vins_out.bag,2026-09-30T02:26:43
R2DS1_t2_C_033818_shift,replay_product,2026-09-29,回放(场景=源袋),目录名编码,爆散,3.6,odom先病(优化器窗口解先毒),0.8496,0.2203,0.00329,103,343,9.9,124.7,0,,,0,0,,,,23.91,100,94,25.5,,,,FAIL-发散(爆散),,/home/uav/sitl_sim/t2_results/R2DS1_t2_C_033818_shift/vins_out.bag,2026-09-30T02:26:44
R2DS2_t2_C_033818_shift,replay_product,2026-09-29,回放(场景=源袋),目录名编码,爆散,5.8,odom先病(优化器窗口解先毒),1.7413,0.1247,0.00289,104,343,9.9,124.7,0,,,0,0,,,,25.11,95,95,25.4,,,,FAIL-发散(爆散),,/home/uav/sitl_sim/t2_results/R2DS2_t2_C_033818_shift/vins_out.bag,2026-09-30T02:26:44
R33F_t2_C_033818_shift,replay_product,2026-09-29,回放(场景=源袋),目录名编码,爆散,3.6,同时跳变(共同上游:优化器解毒化传播),0.7795,0.2429,0.00249,102,343,9.9,124.7,0,,,0,0,,,,22.99,96,91,25.5,,,,FAIL-发散(爆散),,/home/uav/sitl_sim/t2_results/R33F_t2_C_033818_shift/vins_out.bag,2026-09-30T02:26:44
R33G_t2_C_033818_shift,replay_product,2026-09-29,回放(场景=源袋),目录名编码,爆散,3.6,同时跳变(共同上游:优化器解毒化传播),1.8746,0.163,0.00275,100,312,9.9,124.7,0,,,0,0,,,,23.23,69,67,25.5,,,,FAIL-发散(爆散),,/home/uav/sitl_sim/t2_results/R33G_t2_C_033818_shift/vins_out.bag,2026-09-30T02:26:44
R33H_t2_C_033818_shift,replay_product,2026-09-29,回放(场景=源袋),目录名编码,爆散,3.6,同时跳变(共同上游:优化器解毒化传播),0.8496,0.2203,0.00329,103,343,9.9,124.7,0,,,0,0,,,,24.04,100,94,25.5,,,,FAIL-发散(爆散),,/home/uav/sitl_sim/t2_results/R33H_t2_C_033818_shift/vins_out.bag,2026-09-30T02:26:44
R33I_t2_C_033818_shift,replay_product,2026-09-29,回放(场景=源袋),目录名编码,爆散,3.6,同时跳变(共同上游:优化器解毒化传播),0.7647,0.1644,0.00255,102,343,9.9,124.7,0,,,0,0,,,,31.47,96,99,25.9,,,,FAIL-发散(爆散),,/home/uav/sitl_sim/t2_results/R33I_t2_C_033818_shift/vins_out.bag,2026-09-30T02:26:44
R33N_t2_C_031448,replay_product,2026-09-29,回放(场景=源袋),目录名编码,无帧跳变(慢劣化或未发散),,,0.0,0.0,0.0,119,25,,,0,,,0,0,,,,0.0,0,0,,,,,健康-无帧跳变,,/home/uav/sitl_sim/t2_results/R33N_t2_C_031448/vins_out.bag,2026-09-30T02:26:44
R33N_t2_C_032526,replay_product,2026-09-29,回放(场景=源袋),目录名编码,无帧跳变(慢劣化或未发散),,,0.0,0.0,0.0,71,341,9.8,,0,,,0,0,,,,0.0,0,0,,,,,健康-无帧跳变,,/home/uav/sitl_sim/t2_results/R33N_t2_C_032526/vins_out.bag,2026-09-30T02:26:44
R33S2_t2_C_032526_shift,replay_product,2026-09-29,回放(场景=源袋),目录名编码,爆散,12.3,同时跳变(共同上游:优化器解毒化传播),0.9573,0.6669,0.00291,71,341,9.8,124.5,0,,,0,0,,,,33.47,167,144,12.4,,,,FAIL-发散(爆散),,/home/uav/sitl_sim/t2_results/R33S2_t2_C_032526_shift/vins_out.bag,2026-09-30T02:26:44
R33S_t2_C_032526_shift,replay_product,2026-09-29,回放(场景=源袋),目录名编码,爆散,12.3,同时跳变(共同上游:优化器解毒化传播),1.0236,0.8338,0.00301,71,341,9.8,124.5,0,,,0,0,,,,29.02,151,141,12.3,,,,FAIL-发散(爆散),,/home/uav/sitl_sim/t2_results/R33S_t2_C_032526_shift/vins_out.bag,2026-09-30T02:26:44
R33_t2_A_173156,replay_product,2026-09-29,回放(场景=源袋),目录名编码,小跳/渐进劣化,29.4,同时跳变(共同上游:优化器解毒化传播),2.1501,0.0487,0.04759,116,506,9.6,125.0,0,,,0,0,,,,1.85,4,0,30.1,,,,FAIL-劣化,,/home/uav/sitl_sim/t2_results/R33_t2_A_173156/vins_out.bag,2026-09-30T02:26:45
R33_t2_B_shift,replay_product,2026-09-29,回放(场景=源袋),目录名编码,小跳/渐进劣化,30.2,同时跳变(共同上游:优化器解毒化传播),0.778,0.0351,0.00273,88,621,9.6,124.9,0,,,0,0,,,,5.53,12,8,30.4,,,,FAIL-劣化,,/home/uav/sitl_sim/t2_results/R33_t2_B_shift/vins_out.bag,2026-09-30T02:26:45
R33_t2_C_shift,replay_product,2026-09-29,回放(场景=源袋),目录名编码,爆散,0.1,同时跳变(共同上游:优化器解毒化传播),0.4571,0.0235,0.03046,0,245,9.6,124.9,0,,,0,0,,,,76.99,210,208,3.4,,,,FAIL-发散(爆散),,/home/uav/sitl_sim/t2_results/R33_t2_C_shift/vins_out.bag,2026-09-30T02:26:45
R33_t2v3_route_215016,replay_product,2026-09-29,回放(场景=源袋),目录名编码,数值溢出型(含 extreme/非有限帧),29.9,同时跳变(共同上游:优化器解毒化传播),0.8241,0.4183,0.3381,20,631,13.8,137.2,0,,,0,0,,,,1146561.76,348,345,29.9,,,,FAIL-数值溢出,,/home/uav/sitl_sim/t2_results/R33_t2v3_route_215016/vins_out.bag,2026-09-30T02:26:47
R4A25_t2_A_173156,replay_product,2026-09-29,回放(场景=源袋),目录名编码,小跳/渐进劣化,6.3,仅odom跳变(传播解尚稳:窗口解单侧毒),0.443,0.0587,0.00206,63,265,9.6,125.0,0,,,0,0,,,,1.9,1,0,,,,,FAIL-劣化,,/home/uav/sitl_sim/t2_results/R4A25_t2_A_173156/vins_out.bag,2026-09-30T02:26:48
R4A30_t2_A_173156,replay_product,2026-09-29,回放(场景=源袋),目录名编码,小跳/渐进劣化,0.2,仅odom跳变(传播解尚稳:窗口解单侧毒),0.8075,0.5638,0.00547,62,207,9.7,125.0,0,,,0,0,,,,1.62,1,0,,,,,FAIL-劣化,,/home/uav/sitl_sim/t2_results/R4A30_t2_A_173156/vins_out.bag,2026-09-30T02:26:48
R4A35_t2_A_173156,replay_product,2026-09-29,回放(场景=源袋),目录名编码,无帧跳变(慢劣化或未发散),,,1.3732,0.6212,0.00955,66,170,9.7,125.0,0,,,0,0,,,,1.66,0,0,,,,,健康-无帧跳变,,/home/uav/sitl_sim/t2_results/R4A35_t2_A_173156/vins_out.bag,2026-09-30T02:26:48
R4C18_t2_C_033818_shift,replay_product,2026-09-29,回放(场景=源袋),目录名编码,爆散,6.7,同时跳变(共同上游:优化器解毒化传播),1.976,0.5329,0.00583,78,165,9.9,124.5,0,,,0,0,,,,39.27,94,91,7.4,,,,FAIL-发散(爆散),,/home/uav/sitl_sim/t2_results/R4C18_t2_C_033818_shift/vins_out.bag,2026-09-30T02:26:48
R5REP_t2v3_route_103935,replay_product,,,,,,,,,,,,,,,,,,,,,,,,,,,,,SCAN-ERROR,"analyze 异常: ROSBagFormatException('expected ""op"" field in record')",/home/uav/sitl_sim/t2_results/R5REP_t2v3_route_103935/vins_out.bag,2026-09-30T02:26:48
R6_u5v2,replay_product,,回放(场景=源袋),目录名编码,,,,,,,,,,,,,,,,,,,,,,,,,,无袋,目录无 flight.bag/vins_out.bag(以无袋行入账),/home/uav/sitl_sim/t2_results/R6_u5v2,2026-09-30T02:28:40
U1DBG_t2_B_175551,replay_product,,回放(场景=源袋),目录名编码,,,,,,,,,,,,,,,,,,,,,,,,,,无袋,目录无 flight.bag/vins_out.bag(以无袋行入账),/home/uav/sitl_sim/t2_results/U1DBG_t2_B_175551,2026-09-30T02:28:40
U1FINAL_t2_A_173156,replay_product,,回放(场景=源袋),目录名编码,,,,,,,,,,,,,,,,,,,,,,,,,,无袋,目录无 flight.bag/vins_out.bag(以无袋行入账),/home/uav/sitl_sim/t2_results/U1FINAL_t2_A_173156,2026-09-30T02:28:40
U1FIX_t2_A_173156,replay_product,,回放(场景=源袋),目录名编码,,,,,,,,,,,,,,,,,,,,,,,,,,无袋,目录无 flight.bag/vins_out.bag(以无袋行入账),/home/uav/sitl_sim/t2_results/U1FIX_t2_A_173156,2026-09-30T02:28:40
U1FIX_t2_B_shift,replay_product,,回放(场景=源袋),目录名编码,,,,,,,,,,,,,,,,,,,,,,,,,,无袋,目录无 flight.bag/vins_out.bag(以无袋行入账),/home/uav/sitl_sim/t2_results/U1FIX_t2_B_shift,2026-09-30T02:28:40
U1FIX_t2_C_shift,replay_product,,回放(场景=源袋),目录名编码,,,,,,,,,,,,,,,,,,,,,,,,,,无袋,目录无 flight.bag/vins_out.bag(以无袋行入账),/home/uav/sitl_sim/t2_results/U1FIX_t2_C_shift,2026-09-30T02:28:40
U1FIX_t2_D_shift,replay_product,,回放(场景=源袋),目录名编码,,,,,,,,,,,,,,,,,,,,,,,,,,无袋,目录无 flight.bag/vins_out.bag(以无袋行入账),/home/uav/sitl_sim/t2_results/U1FIX_t2_D_shift,2026-09-30T02:28:40
U1FIX_t2_E_shift,replay_product,,回放(场景=源袋),目录名编码,,,,,,,,,,,,,,,,,,,,,,,,,,无袋,目录无 flight.bag/vins_out.bag(以无袋行入账),/home/uav/sitl_sim/t2_results/U1FIX_t2_E_shift,2026-09-30T02:28:40
U4AD_E21_t2_AD_concat,replay_product,,回放(场景=源袋),目录名编码,,,,,,,,,,,,,,,,,,,,,,,,,,无袋,目录无 flight.bag/vins_out.bag(以无袋行入账),/home/uav/sitl_sim/t2_results/U4AD_E21_t2_AD_concat,2026-09-30T02:28:40
U4AD_t2_AD_concat,replay_product,,回放(场景=源袋),目录名编码,,,,,,,,,,,,,,,,,,,,,,,,,,无袋,目录无 flight.bag/vins_out.bag(以无袋行入账),/home/uav/sitl_sim/t2_results/U4AD_t2_AD_concat,2026-09-30T02:28:40
U7P1B_t2w5_p1b_shift,replay_product,,回放(场景=源袋),目录名编码,,,,,,,,,,,,,,,,,,,,,,,,,,无袋,目录无 flight.bag/vins_out.bag(以无袋行入账),/home/uav/sitl_sim/t2_results/U7P1B_t2w5_p1b_shift,2026-09-30T02:28:40
U9P1B_OFF_t2w5_p1_093114,replay_product,,回放(场景=源袋),目录名编码,,,,,,,,,,,,,,,,,,,,,,,,,,无袋,目录无 flight.bag/vins_out.bag(以无袋行入账),/home/uav/sitl_sim/t2_results/U9P1B_OFF_t2w5_p1_093114,2026-09-30T02:28:40
det_t2_C_shift_012315,replay_product,,回放(场景=源袋),目录名编码,,,,,,,,,,,,,,,,,,,,,,,,,,无袋,目录无 flight.bag/vins_out.bag(以无袋行入账),/home/uav/sitl_sim/t2_results/det_t2_C_shift_012315,2026-09-30T02:28:40
det_t2_C_shift_012315_r1_t2_C_shift,replay_product,,回放(场景=源袋),目录名编码,,,,,,,,,,,,,,,,,,,,,,,,,,无袋,目录无 flight.bag/vins_out.bag(以无袋行入账),/home/uav/sitl_sim/t2_results/det_t2_C_shift_012315_r1_t2_C_shift,2026-09-30T02:28:40
det_t2_C_shift_012315_r2_t2_C_shift,replay_product,,回放(场景=源袋),目录名编码,,,,,,,,,,,,,,,,,,,,,,,,,,无袋,目录无 flight.bag/vins_out.bag(以无袋行入账),/home/uav/sitl_sim/t2_results/det_t2_C_shift_012315_r2_t2_C_shift,2026-09-30T02:28:40
det_t2_C_shift_012315_r3_t2_C_shift,replay_product,,回放(场景=源袋),目录名编码,,,,,,,,,,,,,,,,,,,,,,,,,,无袋,目录无 flight.bag/vins_out.bag(以无袋行入账),/home/uav/sitl_sim/t2_results/det_t2_C_shift_012315_r3_t2_C_shift,2026-09-30T02:28:40
det_t2_C_shift_035234,replay_product,,回放(场景=源袋),目录名编码,,,,,,,,,,,,,,,,,,,,,,,,,,无袋,目录无 flight.bag/vins_out.bag(以无袋行入账),/home/uav/sitl_sim/t2_results/det_t2_C_shift_035234,2026-09-30T02:28:40
det_t2_C_shift_035234_r1_t2_C_shift,replay_product,,回放(场景=源袋),目录名编码,,,,,,,,,,,,,,,,,,,,,,,,,,无袋,目录无 flight.bag/vins_out.bag(以无袋行入账),/home/uav/sitl_sim/t2_results/det_t2_C_shift_035234_r1_t2_C_shift,2026-09-30T02:28:40
det_t2_C_shift_035234_r2_t2_C_shift,replay_product,,回放(场景=源袋),目录名编码,,,,,,,,,,,,,,,,,,,,,,,,,,无袋,目录无 flight.bag/vins_out.bag(以无袋行入账),/home/uav/sitl_sim/t2_results/det_t2_C_shift_035234_r2_t2_C_shift,2026-09-30T02:28:40
det_t2_C_shift_035234_r3_t2_C_shift,replay_product,,回放(场景=源袋),目录名编码,,,,,,,,,,,,,,,,,,,,,,,,,,无袋,目录无 flight.bag/vins_out.bag(以无袋行入账),/home/uav/sitl_sim/t2_results/det_t2_C_shift_035234_r3_t2_C_shift,2026-09-30T02:28:40
w1,replay_product,,回放(场景=源袋),目录名编码,,,,,,,,,,,,,,,,,,,,,,,,,,无袋,目录无 flight.bag/vins_out.bag(以无袋行入账),/home/uav/sitl_sim/t2_results/w1,2026-09-30T02:28:40
flight_2026-09-23_212510,whitelist_bag,2026-09-23,早期直录,T2 白名单源袋(在线配置),无帧跳变(慢劣化或未发散),,,,,,,,,,0,,,0,0,,,,0.0,0,0,,,,,健康-无帧跳变,T2diag(无日志或旧二进制无插桩),/home/uav/sitl_sim/bags/flight_2026-09-23_212510.bag,2026-09-30T02:28:41
flight_2026-09-23_214433,whitelist_bag,2026-09-23,早期直录,T2 白名单源袋(在线配置),无帧跳变(慢劣化或未发散),,,,,,,,,,0,,,0,0,,,,0.0,0,0,,,,,健康-无帧跳变,T2diag(无日志或旧二进制无插桩),/home/uav/sitl_sim/bags/flight_2026-09-23_214433.bag,2026-09-30T02:28:41
flight_2026-09-23_221002,whitelist_bag,2026-09-23,早期直录,T2 白名单源袋(在线配置),无帧跳变(慢劣化或未发散),,,,,,,,,,0,,,0,0,,,,0.0,0,0,,,,,健康-无帧跳变,T2diag(无日志或旧二进制无插桩),/home/uav/sitl_sim/bags/flight_2026-09-23_221002.bag,2026-09-30T02:28:42
flight_2026-09-26_175942,whitelist_bag,2026-09-26,早期直录,T2 白名单源袋(在线配置),无帧跳变(慢劣化或未发散),,,,,,,,,,0,,,0,0,,,,0.0,0,0,,,,,健康-无帧跳变,T2diag(无日志或旧二进制无插桩),/home/uav/sitl_sim/bags/flight_2026-09-26_175942.bag,2026-09-30T02:28:43
flight_2026-09-26_190237,whitelist_bag,2026-09-26,早期直录,T2 白名单源袋(在线配置),无帧跳变(慢劣化或未发散),,,,,,,,,,0,,,0,0,,1.33,0.9,0.0,0,0,,,,,健康-无帧跳变,T2diag(无日志或旧二进制无插桩),/home/uav/sitl_sim/bags/flight_2026-09-26_190237.bag,2026-09-30T02:28:50
flight_2026-09-26_194757,whitelist_bag,2026-09-26,早期直录,T2 白名单源袋(在线配置),无帧跳变(慢劣化或未发散),,,,,,,,,,0,,,0,0,,1.1,0.1,0.0,0,0,,,,,健康-无帧跳变,T2diag(无日志或旧二进制无插桩),/home/uav/sitl_sim/bags/flight_2026-09-26_194757.bag,2026-09-30T02:28:54
flight_2026-09-26_195352,whitelist_bag,2026-09-26,早期直录,T2 白名单源袋(在线配置),无帧跳变(慢劣化或未发散),,,,,,,,,,0,,,0,0,,0.83,0.1,0.0,0,0,,,,,健康-无帧跳变,T2diag(无日志或旧二进制无插桩),/home/uav/sitl_sim/bags/flight_2026-09-26_195352.bag,2026-09-30T02:29:01
flight_2026-09-26_195352.orig,whitelist_bag,,,,,,,,,,,,,,,,,,,,,,,,,,,,,SCAN-ERROR,analyze 异常: ROSBagUnindexedException('Unindexed bag'),/home/uav/sitl_sim/bags/flight_2026-09-26_195352.orig.bag,2026-09-30T02:29:01
flight_2026-09-26_202121,whitelist_bag,2026-09-26,早期直录,T2 白名单源袋(在线配置),无帧跳变(慢劣化或未发散),,,,,,,,,,0,,,0,0,,2.07,0.1,0.0,0,0,,,,,健康-无帧跳变,T2diag(无日志或旧二进制无插桩),/home/uav/sitl_sim/bags/flight_2026-09-26_202121.bag,2026-09-30T02:29:07
flight_2026-09-26_203339,whitelist_bag,2026-09-26,早期直录,T2 白名单源袋(在线配置),无帧跳变(慢劣化或未发散),,,,,,,,,,0,,,0,0,,2.62,0.1,0.0,0,0,,,,,健康-无帧跳变,T2diag(无日志或旧二进制无插桩),/home/uav/sitl_sim/bags/flight_2026-09-26_203339.bag,2026-09-30T02:29:23
flight_2026-09-26_204338,whitelist_bag,2026-09-26,早期直录,T2 白名单源袋(在线配置),无帧跳变(慢劣化或未发散),,,,,,,,,,0,,,0,0,,2.62,0.1,0.0,0,0,,,,,健康-无帧跳变,T2diag(无日志或旧二进制无插桩),/home/uav/sitl_sim/bags/flight_2026-09-26_204338.bag,2026-09-30T02:29:29
flight_2026-09-26_205156,whitelist_bag,2026-09-26,早期直录,T2 白名单源袋(在线配置),无帧跳变(慢劣化或未发散),,,,,,,,,,0,,,0,0,,1.23,0.1,0.0,0,0,,,,,健康-无帧跳变,T2diag(无日志或旧二进制无插桩),/home/uav/sitl_sim/bags/flight_2026-09-26_205156.bag,2026-09-30T02:29:46
flight_2026-09-26_205817,whitelist_bag,2026-09-26,早期直录,T2 白名单源袋(在线配置),无帧跳变(慢劣化或未发散),,,,,,,,,,0,,,0,0,,1.23,0.1,0.0,0,0,,,,,健康-无帧跳变,T2diag(无日志或旧二进制无插桩),/home/uav/sitl_sim/bags/flight_2026-09-26_205817.bag,2026-09-30T02:29:56
flight_2026-09-26_220814,whitelist_bag,2026-09-26,早期直录,T2 白名单源袋(在线配置),无帧跳变(慢劣化或未发散),,,,,,,,,,0,,,0,0,,5.63,0.1,0.0,0,0,,,,,健康-无帧跳变,T2diag(无日志或旧二进制无插桩),/home/uav/sitl_sim/bags/flight_2026-09-26_220814.bag,2026-09-30T02:31:39
flight_2026-09-26_222034,whitelist_bag,2026-09-26,早期直录,T2 白名单源袋(在线配置),无帧跳变(慢劣化或未发散),,,,,,,,,,0,,,0,0,,1.12,0.1,0.0,0,0,,,,,健康-无帧跳变,T2diag(无日志或旧二进制无插桩),/home/uav/sitl_sim/bags/flight_2026-09-26_222034.bag,2026-09-30T02:33:09
flight_2026-09-26_224815,whitelist_bag,2026-09-26,早期直录,T2 白名单源袋(在线配置),无帧跳变(慢劣化或未发散),,,,,,,,,,0,,,0,0,,1.12,0.1,0.0,0,0,,,,,健康-无帧跳变,T2diag(无日志或旧二进制无插桩),/home/uav/sitl_sim/bags/flight_2026-09-26_224815.bag,2026-09-30T02:33:48
flight_2026-09-26_230126,whitelist_bag,2026-09-26,早期直录,T2 白名单源袋(在线配置),无帧跳变(慢劣化或未发散),,,,,,,,,,0,,,0,0,,1.08,0.1,0.0,0,0,,,,,健康-无帧跳变,T2diag(无日志或旧二进制无插桩),/home/uav/sitl_sim/bags/flight_2026-09-26_230126.bag,2026-09-30T02:34:04
flight_2026-09-26_230801,whitelist_bag,2026-09-26,早期直录,T2 白名单源袋(在线配置),无帧跳变(慢劣化或未发散),,,,,,,,,,0,,,0,0,,1.05,0.1,0.0,0,0,,,,,健康-无帧跳变,T2diag(无日志或旧二进制无插桩),/home/uav/sitl_sim/bags/flight_2026-09-26_230801.bag,2026-09-30T02:34:15
t2v3_ground_202520,whitelist_bag,2026-09-28,ground,T2 白名单源袋(在线配置),无帧跳变(慢劣化或未发散),,,,,,,,9.5,125.0,5660,8.0,11.7,0,0,1.41,0.1,0.1,0.03,0,0,,,,,健康-无帧跳变,T2diag(无日志或旧二进制无插桩),/home/uav/sitl_sim/bags/t2v3_ground_202520.bag,2026-09-30T02:34:18
t2v3_hover_203248,whitelist_bag,2026-09-28,hover,T2 白名单源袋(在线配置),小跳/渐进劣化,31.1,同时跳变(共同上游:优化器解毒化传播),,,,,,9.6,125.0,17294,8.0,79.7,0,0,1.46,1.12,0.11,1.21,2,1,31.3,,,,FAIL-劣化,T2diag(无日志或旧二进制无插桩),/home/uav/sitl_sim/bags/t2v3_hover_203248.bag,2026-09-30T02:34:27
t2v3_route_112652,whitelist_bag,2026-09-29,route,T2 白名单源袋(在线配置),小跳/渐进劣化,76.1,仅odom跳变(传播解尚稳:窗口解单侧毒),,,,,,9.8,209.0,37113,4.0,26.8,0,0,1.12,1.11,0.93,4.64,22,7,77.6,,,,FAIL-劣化,T2diag(无日志或旧二进制无插桩),/home/uav/sitl_sim/bags/t2v3_route_112652.bag,2026-09-30T02:34:33
t2v3_route_215016,whitelist_bag,2026-09-28,route,T2 白名单源袋(在线配置),数值溢出型(含 extreme/非有限帧),29.9,同时跳变(共同上游:优化器解毒化传播),,,,,,9.7,124.9,83162,8.0,104.4,0,0,1145423.83,1.59,0.05,1146550.59,1,0,,,,,FAIL-数值溢出,T2diag(无日志或旧二进制无插桩),/home/uav/sitl_sim/bags/t2v3_route_215016.bag,2026-09-30T02:35:16
t2v3_w2b_121141,whitelist_bag,2026-09-29,w2b,T2 白名单源袋(在线配置),数值溢出型(含 extreme/非有限帧),41.8,仅odom跳变(传播解尚稳:窗口解单侧毒),,,,,,9.6,207.3,20899,4.0,12.4,0,0,1.59,3.77,1.09,6.02,10,16,41.8,,,,FAIL-数值溢出,T2diag(无日志或旧二进制无插桩),/home/uav/sitl_sim/bags/t2v3_w2b_121141.bag,2026-09-30T02:35:23
