bag,seg,metric,n,p25,p50,p90,p50_ci95_lo,p50_ci95_hi
U3PG_210307,0,M1_supply_frac,25,0.4533333333,0.6,0.624,0.46,0.6066666667
U3PG_210307,1,M1_supply_frac,24,0.4716666667,0.5466666667,0.64,0.4733333333,0.6266666667
U3PG_210307,2,M1_supply_frac,24,0.4666666667,0.5533333333,0.6333333333,0.4666666667,0.6266666667
U3PG_210307,ALL,M1_supply_frac,73,0.4666666667,0.6,0.6333333333,0.4733333333,0.6133333333
U3PG_210307,0,M2_grid4x4_occupancy_frac,25,0.5625,0.625,0.6625,0.5625,0.625
U3PG_210307,1,M2_grid4x4_occupancy_frac,24,0.625,0.625,0.6875,0.625,0.625
U3PG_210307,2,M2_grid4x4_occupancy_frac,24,0.625,0.625,0.66875,0.625,0.625
U3PG_210307,ALL,M2_grid4x4_occupancy_frac,73,0.625,0.625,0.6875,0.625,0.625
U3PH_210708,0,M1_supply_frac,24,1,1,1,1,1
U3PH_210708,1,M1_supply_frac,24,1,1,1,1,1
U3PH_210708,2,M1_supply_frac,24,1,1,1,1,1
U3PH_210708,ALL,M1_supply_frac,72,1,1,1,1,1
U3PH_210708,0,M2_grid4x4_occupancy_frac,24,1,1,1,1,1
U3PH_210708,1,M2_grid4x4_occupancy_frac,24,1,1,1,1,1
U3PH_210708,2,M2_grid4x4_occupancy_frac,24,1,1,1,1,1
U3PH_210708,ALL,M2_grid4x4_occupancy_frac,72,1,1,1,1,1
U3PO_211438,0,M1_supply_frac,26,0.64,0.75,1,0.64,0.8533333333
U3PO_211438,1,M1_supply_frac,24,0.7733333333,0.8133333333,0.8666666667,0.78,0.84
U3PO_211438,2,M1_supply_frac,24,0.805,0.83,0.9586666667,0.8066666667,0.86
U3PO_211438,ALL,M1_supply_frac,74,0.7666666667,0.8066666667,0.99,0.7933333333,0.84
U3PO_211438,0,M2_grid4x4_occupancy_frac,26,0.625,0.75,1,0.625,0.875
U3PO_211438,1,M2_grid4x4_occupancy_frac,24,0.609375,0.8125,0.91875,0.625,0.8125
U3PO_211438,2,M2_grid4x4_occupancy_frac,24,0.6875,0.875,1,0.6875,0.9375
U3PO_211438,ALL,M2_grid4x4_occupancy_frac,74,0.625,0.75,1,0.6875,0.8125
U3PR1_212450,0,M1_supply_frac,24,0.5916666667,0.86,0.994,0.64,0.9133333333
U3PR1_212450,1,M1_supply_frac,24,0.8183333333,0.8266666667,0.9,0.82,0.8866666667
U3PR1_212450,2,M1_supply_frac,24,0.82,0.8466666667,0.9406666667,0.8333333333,0.88
U3PR1_212450,ALL,M1_supply_frac,72,0.8,0.84,0.9326666667,0.82,0.8733333333
U3PR1_212450,0,M2_grid4x4_occupancy_frac,24,0.625,0.90625,1,0.6875,1
U3PR1_212450,1,M2_grid4x4_occupancy_frac,24,0.875,0.9375,1,0.875,0.9375
U3PR1_212450,2,M2_grid4x4_occupancy_frac,24,0.8125,0.90625,1,0.8125,0.9375
U3PR1_212450,ALL,M2_grid4x4_occupancy_frac,72,0.8125,0.9375,1,0.875,0.9375
U3PR2_213717,0,M1_supply_frac,24,0.465,0.4933333333,0.588,0.4733333333,0.5133333333
U3PR2_213717,1,M1_supply_frac,24,0.4583333333,0.4733333333,0.5313333333,0.46,0.4933333333
U3PR2_213717,2,M1_supply_frac,24,0.4466666667,0.4566666667,0.5066666667,0.4533333333,0.48
U3PR2_213717,ALL,M1_supply_frac,72,0.4533333333,0.4733333333,0.5393333333,0.4666666667,0.4933333333
U3PR2_213717,0,M2_grid4x4_occupancy_frac,24,0.6875,0.75,0.75,0.6875,0.75
U3PR2_213717,1,M2_grid4x4_occupancy_frac,24,0.6875,0.6875,0.73125,0.6875,0.6875
U3PR2_213717,2,M2_grid4x4_occupancy_frac,24,0.625,0.6875,0.6875,0.625,0.6875
U3PR2_213717,ALL,M2_grid4x4_occupancy_frac,72,0.671875,0.6875,0.75,0.6875,0.6875
X1final_173345,0,M1_supply_frac,24,0.6666666667,0.9233333333,1,0.6866666667,0.9866666667
X1final_173345,1,M1_supply_frac,24,0.945,0.9833333333,1,0.96,1
X1final_173345,2,M1_supply_frac,24,0.9066666667,0.9366666667,1,0.9133333333,0.9933333333
X1final_173345,ALL,M1_supply_frac,72,0.9033333333,0.9566666667,1,0.9333333333,0.9866666667
X1final_173345,0,M2_grid4x4_occupancy_frac,24,0.734375,1,1,0.75,1
X1final_173345,1,M2_grid4x4_occupancy_frac,24,1,1,1,1,1
X1final_173345,2,M2_grid4x4_occupancy_frac,24,1,1,1,1,1
X1final_173345,ALL,M2_grid4x4_occupancy_frac,72,1,1,1,1,1
