t,cost,bas,track,vel,phase
11.664,945.9,0.000935,129,0.002,GROUND
11.764,238.1,0.001085,100,0.003,GROUND
11.896,180.8,0.001173,112,0.001,GROUND
12.028,195.3,0.001372,125,0.002,GROUND
12.128,599.1,0.001672,121,0.003,GROUND
12.228,170.1,0.002149,122,0.001,GROUND
12.300,182.5,0.003092,123,0.002,GROUND
12.428,247.7,0.003505,121,0.002,GROUND
12.528,217,0.004019,126,0.002,GROUND
12.628,4.036e+04,0.004685,116,0.002,GROUND
12.728,225.3,0.005626,94,0.001,GROUND
12.828,377.1,0.006462,123,0.002,GROUND
12.928,6170,0.003867,119,0.002,GROUND
13.028,164.3,0.011271,117,0.003,GROUND
13.128,216.5,0.023171,121,0.003,GROUND
13.228,216.5,0.033377,115,0.001,GROUND
13.328,647.8,0.037214,129,0.002,GROUND
13.428,210.6,0.042923,114,0.003,GROUND
13.500,279,0.056581,114,0.002,GROUND
13.628,296.6,0.068271,129,0.003,GROUND
13.728,283.2,0.076085,130,0.002,GROUND
13.800,193.2,0.081717,128,0.003,GROUND
13.928,213.5,0.087021,133,0.002,GROUND
14.028,232.3,0.088638,127,0.001,GROUND
14.128,480.2,0.09315,133,0.003,GROUND
14.228,814.6,0.093743,130,0.003,GROUND
14.328,741.8,0.093765,122,0.002,GROUND
14.428,391.7,0.09428,129,0.001,GROUND
14.528,457.5,0.09561,128,0.003,GROUND
14.628,521.5,0.097113,127,0.002,GROUND
14.728,614.2,0.097845,133,0.002,GROUND
14.800,219.7,0.098744,126,0.002,GROUND
14.900,323.1,0.099112,128,0.001,GROUND
15.000,392.2,0.099192,124,0.002,GROUND
15.080,368.8,0.097421,133,0.003,GROUND
15.180,490,0.092646,115,0.002,GROUND
15.280,226.9,0.084924,127,0.002,GROUND
15.384,217.9,0.077754,129,0.002,GROUND
15.512,351.1,0.074833,133,0.002,GROUND
15.616,315.2,0.071942,123,0.003,GROUND
15.748,536.8,0.06792,132,0.003,GROUND
15.880,264.4,0.063738,132,0.001,GROUND
15.980,254.6,0.059541,128,0.002,GROUND
16.084,451.7,0.059046,130,0.002,GROUND
16.180,379.4,0.060398,126,0.002,GROUND
16.280,455.9,0.060497,128,0.002,GROUND
16.380,347.8,0.061799,126,0.001,GROUND
16.480,292.2,0.063759,132,0.003,GROUND
16.580,344.8,0.064124,127,0.005,GROUND
16.680,627.5,0.064515,125,0.001,GROUND
16.780,336.9,0.067362,130,0.002,GROUND
16.880,1237,0.07218,134,0.001,GROUND
16.984,976.3,0.074228,129,0.003,GROUND
17.080,2323,0.074422,125,0.002,GROUND
17.180,1321,0.077472,116,0.001,GROUND
17.284,890.2,0.077572,127,0.003,GROUND
17.380,3285,0.077437,128,0.003,GROUND
17.480,4933,0.077642,132,0.002,GROUND
17.584,5271,0.077946,130,0.001,GROUND
17.684,5145,0.078636,130,0.001,GROUND
17.784,4081,0.078676,123,0.001,GROUND
17.884,1.411e+04,0.078554,125,0.002,GROUND
17.984,203,0.084576,100,0.002,GROUND
18.084,9527,0.092301,130,0.002,GROUND
18.184,234,0.097733,115,0.001,GROUND
18.284,424.1,0.106689,123,0.001,GROUND
18.384,1.401e+04,0.11176,131,0.003,GROUND
18.484,215.2,0.115626,117,0.001,GROUND
18.584,333.1,0.118834,123,0.001,GROUND
18.684,427.9,0.118141,132,0.002,GROUND
18.784,519.8,0.116003,117,0.002,GROUND
18.884,585.1,0.112116,124,0.002,GROUND
18.984,1023,0.107138,130,0.001,GROUND
19.084,595.1,0.105524,121,0.003,GROUND
19.188,733.5,0.103473,126,0.002,GROUND
19.284,1947,0.106515,125,0.003,GROUND
19.384,833.6,0.113237,126,0.003,GROUND
19.484,742.3,0.11754,129,0.001,GROUND
19.616,968.3,0.119775,121,0.002,GROUND
19.748,458,0.12613,119,0.001,GROUND
19.848,1532,0.132448,123,0.003,GROUND
19.948,2505,0.132735,135,0.010,GROUND
20.048,481.6,0.146893,119,0.003,GROUND
20.148,345.3,0.156148,121,0.001,GROUND
20.248,362.8,0.175979,114,0.001,GROUND
20.320,353,0.196699,125,0.001,GROUND
20.448,1778,0.235887,127,0.003,GROUND
20.548,3122,0.260812,123,0.001,GROUND
20.648,666.5,0.278353,115,0.003,GROUND
20.752,2363,0.317344,128,0.001,GROUND
20.852,1002,0.335977,127,0.002,GROUND
20.952,1415,0.353177,129,0.003,GROUND
21.060,2.477e+04,0.358947,121,0.001,GROUND
21.160,518.7,0.361749,127,0.002,GROUND
21.260,876.6,0.348901,126,0.004,GROUND
21.360,1726,0.350059,105,0.001,GROUND
21.460,692.5,0.34832,121,0.002,GROUND
21.564,2.653e+04,0.349545,125,0.002,GROUND
21.660,394.1,0.349301,124,0.001,GROUND
21.760,332.2,0.343433,126,0.002,GROUND
21.860,403.3,0.343055,121,0.003,GROUND
21.960,659,0.346577,130,0.001,GROUND
22.060,456.5,0.348136,119,0.003,GROUND
22.160,881.2,0.353513,126,0.002,GROUND
22.260,2732,0.343853,134,0.001,GROUND
22.360,869.9,0.344427,131,0.002,GROUND
22.460,769.9,0.346079,129,0.002,GROUND
22.560,652.1,0.340917,125,0.002,GROUND
22.660,701.3,0.334509,134,0.001,GROUND
22.760,465.7,0.328391,124,0.001,GROUND
22.860,353.7,0.324868,128,0.001,GROUND
22.960,269.5,0.323778,131,0.002,GROUND
23.060,445.6,0.32651,130,0.002,GROUND
23.160,701.4,0.3284,131,0.001,GROUND
23.260,447.1,0.327911,114,0.002,GROUND
23.360,710.6,0.328951,129,0.002,GROUND
23.460,472.2,0.334068,128,0.002,GROUND
23.560,1404,0.333621,122,0.002,GROUND
23.664,1107,0.338264,121,0.003,GROUND
23.760,851.3,0.339695,124,0.001,GROUND
23.860,558.3,0.338048,129,0.001,GROUND
23.960,834.2,0.340546,127,0.001,GROUND
24.060,2932,0.336568,133,0.002,GROUND
24.160,905.9,0.338576,129,0.002,GROUND
24.260,1092,0.340827,128,0.002,GROUND
24.360,589.7,0.340719,127,0.002,GROUND
24.460,675.1,0.339251,129,0.002,GROUND
24.560,599,0.335342,136,0.002,GROUND
24.660,787.5,0.336775,125,0.002,GROUND
24.760,789.7,0.334459,126,0.001,GROUND
24.860,473.4,0.335391,127,0.002,GROUND
24.960,429.4,0.333848,129,0.001,GROUND
25.064,1215,0.328625,131,0.002,GROUND
25.164,750.4,0.329354,129,0.001,GROUND
25.260,474.5,0.328933,120,0.002,GROUND
25.360,1449,0.326773,127,0.001,GROUND
25.460,662,0.330103,127,0.001,GROUND
25.560,683.1,0.332635,129,0.002,GROUND
25.660,546.6,0.333632,127,0.003,GROUND
25.760,600.8,0.332271,129,0.002,GROUND
25.860,1054,0.33229,127,0.002,GROUND
25.960,472.6,0.332055,128,0.001,GROUND
26.060,336.5,0.333683,131,0.001,GROUND
26.160,552.2,0.337852,129,0.001,GROUND
26.260,528.4,0.337728,128,0.001,GROUND
26.360,440,0.336137,127,0.002,GROUND
26.460,836.9,0.333352,131,0.001,GROUND
26.560,968.7,0.338374,132,0.003,GROUND
26.660,1300,0.338429,128,0.002,GROUND
26.760,1426,0.333899,126,0.002,GROUND
26.860,1047,0.336466,125,0.000,GROUND
26.960,2052,0.333938,129,0.002,GROUND
27.060,2053,0.33333,128,0.001,GROUND
27.160,1825,0.333337,130,0.001,GROUND
27.260,1083,0.332204,130,0.002,GROUND
27.360,3509,0.330903,133,0.001,GROUND
27.460,1669,0.331355,136,0.001,GROUND
27.560,863.7,0.3297,127,0.001,GROUND
27.660,821.3,0.329753,129,0.002,GROUND
27.760,953.3,0.33016,128,0.003,GROUND
27.892,1161,0.329191,128,0.002,GROUND
27.992,1265,0.326046,125,0.001,GROUND
28.092,1224,0.326246,123,0.003,GROUND
28.192,7284,0.32494,124,0.003,GROUND
28.272,1.021e+04,0.323863,111,0.002,GROUND
28.372,1866,0.320744,131,0.002,GROUND
28.472,4568,0.317862,131,0.001,GROUND
28.576,3686,0.32075,131,0.002,GROUND
28.672,2538,0.323708,121,0.001,GROUND
28.772,834.5,0.320788,126,0.001,GROUND
28.872,1583,0.318078,120,0.002,GROUND
28.976,2470,0.317262,127,0.001,GROUND
29.072,1582,0.317058,129,0.002,GROUND
29.172,1.051e+05,0.313431,130,0.002,GROUND
29.272,547.2,0.308408,120,0.001,GROUND
29.372,596.8,0.305239,128,0.001,GROUND
29.472,1151,0.29531,120,0.003,GROUND
29.572,1371,0.292867,128,0.002,GROUND
29.672,961.7,0.286217,125,0.003,GROUND
29.772,8716,0.281628,129,0.001,GROUND
29.872,2577,0.279907,109,0.003,GROUND
29.972,7.897e+04,0.285458,132,0.001,GROUND
30.072,3030,0.281531,127,0.003,GROUND
30.172,2274,0.281462,131,0.001,GROUND
30.272,2340,0.285506,132,0.003,GROUND
30.372,1.497e+04,0.284785,130,0.002,GROUND
30.472,2901,0.278736,127,0.002,GROUND
30.572,1623,0.281404,132,0.002,GROUND
30.672,1566,0.285839,133,0.002,GROUND
30.772,1144,0.288042,125,0.002,GROUND
30.872,1717,0.288733,131,0.002,GROUND
31.008,2263,0.289226,124,0.002,GROUND
31.116,978,0.287805,125,0.002,GROUND
31.236,1480,0.252052,127,0.002,GROUND
31.336,1545,0.241261,122,0.002,GROUND
31.436,1575,0.243616,127,0.002,GROUND
31.536,1266,0.246074,123,0.003,GROUND
31.608,1165,0.245831,123,0.001,GROUND
31.716,884.9,0.245061,121,0.003,GROUND
31.808,2236,0.24523,126,0.001,GROUND
31.936,4222,0.254981,119,0.034,GROUND
32.008,3.574e+04,0.269169,90,0.137,GROUND
32.108,2676,0.258987,64,0.263,GROUND
32.236,776.4,0.264532,47,0.372,TRANSIT
32.336,926.3,0.317276,78,0.444,TRANSIT
32.408,1172,0.38329,94,0.478,TRANSIT
32.508,1237,0.424981,89,0.526,TRANSIT
32.636,1159,0.455924,69,0.568,TRANSIT
32.736,1236,0.481886,100,0.593,TRANSIT
32.808,1102,0.497042,98,0.595,TRANSIT
32.916,1023,0.485612,104,0.595,TRANSIT
33.008,923.3,0.483248,91,0.588,TRANSIT
33.116,1046,0.46453,86,0.576,TRANSIT
33.240,1123,0.453876,104,0.564,TRANSIT
33.340,1059,0.425861,92,0.547,TRANSIT
33.472,1113,0.396728,90,0.536,TRANSIT
33.572,1012,0.36666,96,0.527,TRANSIT
33.704,916.1,0.357881,105,0.517,TRANSIT
33.808,930.6,0.356064,100,0.366,TRANSIT
33.912,959.6,0.334816,109,0.225,TRANSIT
34.008,862.5,0.30876,110,0.131,TRANSIT
34.136,786.4,0.30139,115,0.100,TRANSIT
34.236,917.9,0.297967,117,0.129,TRANSIT
34.336,777.2,0.29317,119,0.150,TRANSIT
34.436,764.7,0.293389,111,0.163,TRANSIT
34.536,759.7,0.292725,121,0.168,TRANSIT
34.636,737.6,0.289152,103,0.163,TRANSIT
34.708,718.2,0.287279,116,0.163,TRANSIT
34.820,712.7,0.284751,121,0.160,TRANSIT
34.936,863.5,0.286111,117,0.153,TRANSIT
35.008,661.3,0.285069,116,0.148,TRANSIT
35.108,647.1,0.282258,120,0.141,TRANSIT
35.236,645.4,0.280674,121,0.133,TRANSIT
35.336,606.6,0.275367,116,0.116,TRANSIT
35.440,597.9,0.272139,118,0.102,TRANSIT
35.576,599.1,0.269649,124,0.091,TRANSIT
35.672,606.8,0.268754,118,0.089,TRANSIT
35.804,605.5,0.267329,123,0.073,TRANSIT
35.908,633.2,0.267437,111,0.067,TRANSIT
36.036,573.4,0.266362,120,0.056,TRANSIT
36.136,574.7,0.266016,124,0.052,TRANSIT
36.236,577.3,0.266367,119,0.045,TRANSIT
36.336,578,0.265032,121,0.040,TRANSIT
36.436,577.3,0.265257,127,0.034,TRANSIT
36.508,578.2,0.264283,130,0.032,TRANSIT
36.616,575.8,0.26229,125,0.029,TRANSIT
36.736,573,0.261462,125,0.030,TRANSIT
36.836,563.9,0.265057,128,0.024,TRANSIT
36.912,562.3,0.263747,129,0.023,TRANSIT
37.008,565.3,0.266802,129,0.027,TRANSIT
37.136,564.7,0.26948,130,0.019,TRANSIT
37.236,555.6,0.27175,128,0.013,TRANSIT
37.336,547.1,0.269932,132,0.010,TRANSIT
37.408,546.9,0.269286,134,0.007,TRANSIT
37.520,552,0.267289,129,0.009,TRANSIT
37.612,549.4,0.265604,126,0.010,TRANSIT
37.692,547.1,0.26582,128,0.010,TRANSIT
37.784,545.3,0.267708,130,0.007,TRANSIT
37.892,546.3,0.265847,130,0.006,TRANSIT
38.012,543.8,0.26623,122,0.006,TRANSIT
38.084,541.5,0.266758,133,0.006,TRANSIT
38.200,542,0.266081,132,0.009,TRANSIT
38.312,542.5,0.268072,128,0.008,TRANSIT
38.412,549.8,0.271974,130,0.008,TRANSIT
38.488,547.2,0.270033,130,0.007,TRANSIT
38.596,547.3,0.268646,132,0.005,TRANSIT
38.684,547.4,0.269645,130,0.006,TRANSIT
38.796,546.3,0.269486,128,0.007,TRANSIT
38.912,548.1,0.270043,132,0.004,TRANSIT
38.988,551.4,0.270426,133,0.003,TRANSIT
39.092,557.2,0.268616,134,0.004,TRANSIT
39.188,555.1,0.271039,130,0.004,TRANSIT
39.292,554,0.271811,132,0.002,TRANSIT
39.388,552.2,0.271802,127,0.004,TRANSIT
39.492,551,0.270973,131,0.004,TRANSIT
39.584,553.8,0.274744,132,0.009,TRANSIT
39.696,556.7,0.275819,130,0.008,TRANSIT
39.788,551,0.272193,130,0.007,TRANSIT
39.892,552.3,0.275601,134,0.013,TRANSIT
40.012,551.5,0.277422,122,0.014,TRANSIT
40.084,549.4,0.271967,127,0.012,TRANSIT
40.200,549,0.273593,128,0.011,TRANSIT
40.312,547.9,0.273901,126,0.012,TRANSIT
40.412,549.5,0.277405,132,0.013,TRANSIT
40.512,548.9,0.278066,133,0.019,TRANSIT
40.584,547.5,0.27226,127,0.017,TRANSIT
40.684,561,0.280261,130,0.017,TRANSIT
40.780,559.3,0.27681,130,0.012,TRANSIT
40.912,565.6,0.270758,131,0.006,TRANSIT
41.012,554.6,0.270239,137,0.014,TRANSIT
41.112,561,0.277205,129,0.010,TRANSIT
41.184,553.3,0.275439,122,0.009,TRANSIT
41.312,566,0.279456,131,0.012,TRANSIT
41.412,559.7,0.277486,128,0.003,TRANSIT
41.512,557.7,0.277026,131,0.003,TRANSIT
41.612,555.5,0.27776,130,0.008,TRANSIT
41.684,553.1,0.278896,134,0.012,TRANSIT
41.812,553.5,0.277963,123,0.014,TRANSIT
41.912,555.4,0.278873,133,0.007,TRANSIT
42.012,553.6,0.278205,127,0.007,TRANSIT
42.112,553.7,0.279887,132,0.003,TRANSIT
42.212,553,0.275228,133,0.008,TRANSIT
42.312,560.5,0.272027,129,0.012,TRANSIT
42.412,556.9,0.280873,130,0.009,TRANSIT
42.484,552.5,0.280039,132,0.006,TRANSIT
42.624,562,0.269852,136,0.016,TRANSIT
42.716,553.5,0.272754,136,0.018,TRANSIT
42.848,557.7,0.279633,126,0.011,TRANSIT
42.948,556.5,0.273978,124,0.021,TRANSIT
43.080,561.2,0.266045,126,0.014,TRANSIT
43.180,554.2,0.266221,130,0.022,TRANSIT
43.316,562.6,0.27383,122,0.017,TRANSIT
43.416,565,0.284515,122,0.029,TRANSIT
43.548,561.6,0.283163,123,0.021,TRANSIT
43.680,569.5,0.277985,127,0.012,TRANSIT
43.780,565.9,0.276225,127,0.011,TRANSIT
43.880,566.6,0.279393,132,0.008,TRANSIT
44.016,571.3,0.272754,125,0.007,TRANSIT
44.148,567.4,0.276911,128,0.003,TRANSIT
44.248,570.1,0.27396,122,0.005,TRANSIT
44.380,577.8,0.271939,133,0.013,TRANSIT
44.512,577.1,0.274563,133,0.005,TRANSIT
44.584,581.6,0.277568,136,0.009,TRANSIT
44.712,582.8,0.280347,127,0.008,TRANSIT
44.784,577.5,0.281347,125,0.009,TRANSIT
44.896,574,0.27619,127,0.014,TRANSIT
44.992,577,0.270642,131,0.012,TRANSIT
45.108,575,0.274709,136,0.019,TRANSIT
45.192,578.1,0.27701,137,0.016,TRANSIT
45.296,585.2,0.274284,132,0.006,TRANSIT
45.392,582.9,0.279083,135,0.011,TRANSIT
45.504,584.3,0.273166,129,0.007,TRANSIT
45.596,584,0.265369,133,0.016,TRANSIT
45.692,582.5,0.277472,133,0.007,TRANSIT
45.800,584.7,0.283669,137,0.007,TRANSIT
45.892,582,0.281195,128,0.002,TRANSIT
46.008,586.2,0.28223,135,0.003,TRANSIT
46.100,583.7,0.287538,136,0.004,TRANSIT
46.200,582.1,0.285473,138,0.013,TRANSIT
46.292,584.4,0.282452,130,0.016,TRANSIT
46.408,582.8,0.28806,133,0.009,TRANSIT
46.492,569.6,0.286292,129,0.022,GOAL
46.608,592.7,0.266812,126,0.014,GOAL
46.708,582.1,0.289944,124,0.034,GOAL
46.796,573.4,0.298474,129,0.052,GOAL
46.912,578.9,0.289074,128,0.056,GOAL
46.992,575.1,0.29999,126,0.078,GOAL
47.112,585.8,0.292022,123,0.075,GOAL
47.196,566.1,0.292022,124,0.096,GOAL
47.292,562.7,0.292022,119,0.097,GOAL
47.392,557.8,0.292022,131,0.099,GOAL
47.512,557.2,0.292022,113,0.091,GOAL
47.596,562.5,0.292022,129,0.090,GOAL
47.708,613.2,0.428936,121,0.088,GOAL
47.792,559.7,0.330939,121,0.071,GOAL
47.904,554.7,0.300006,123,0.061,GOAL
48.008,569.5,0.214371,124,0.043,GOAL
48.108,572.4,0.203173,125,0.025,GOAL
48.196,561.9,0.199065,127,0.032,GOAL
48.312,579.3,0.265958,118,0.057,GOAL
48.424,703,0.285199,126,0.077,GOAL
48.496,611.7,0.289318,126,0.083,GOAL
48.624,4143,0.291854,119,0.096,GOAL
48.700,608.2,0.294188,116,0.101,GOAL
48.840,868.2,0.305496,125,0.109,GOAL
48.960,617.2,0.326329,124,0.119,GOAL
49.032,605.2,0.33965,126,0.130,GOAL
49.132,609.6,0.34265,123,0.145,GOAL
49.260,629.6,0.350623,116,0.166,GOAL
49.360,604.8,0.328321,119,0.174,GOAL
49.492,611,0.327646,122,0.189,GOAL
49.612,644.4,0.316026,117,0.201,GOAL
49.712,582.7,0.314794,122,0.208,GOAL
49.824,593.6,0.317792,110,0.219,GOAL
49.904,601.8,0.321488,120,0.230,GOAL
50.024,693,0.318012,120,0.239,GOAL
50.096,584.2,0.309212,117,0.244,GOAL
50.208,586.8,0.285871,122,0.247,GOAL
50.300,585.8,0.276006,119,0.249,GOAL
50.404,588.3,0.252711,111,0.252,GOAL
50.500,695.2,0.22904,125,0.252,GOAL
50.604,606.5,0.230219,118,0.257,GOAL
50.724,619.6,0.229979,122,0.261,GOAL
50.796,627.8,0.232797,121,0.267,GOAL
50.904,635.4,0.237572,122,0.276,GOAL
51.004,829.1,0.222571,120,0.281,GOAL
51.112,634.3,0.224012,117,0.287,GOAL
51.200,643.2,0.226691,122,0.295,GOAL
51.300,648.9,0.224695,119,0.300,GOAL
51.396,1066,0.222146,108,0.301,GOAL
51.500,709.9,0.227651,119,0.308,GOAL
51.608,721.3,0.232688,122,0.314,GOAL
51.708,703.6,0.237584,117,0.317,GOAL
51.800,805,0.251718,115,0.320,GOAL
51.904,718.3,0.258194,105,0.329,GOAL
52.000,729.7,0.265545,120,0.334,GOAL
52.108,747.5,0.264911,117,0.339,GOAL
52.224,834.5,0.275659,121,0.346,GOAL
52.300,735.6,0.275774,119,0.345,GOAL
52.396,739.5,0.274331,117,0.349,GOAL
52.504,738.2,0.27869,118,0.355,GOAL
52.600,957.6,0.27744,115,0.351,GOAL
52.724,743.6,0.283752,110,0.354,GOAL
52.796,742.9,0.286268,119,0.358,GOAL
52.928,747.9,0.289457,105,0.362,GOAL
53.060,968.6,0.313207,110,0.369,GOAL
53.160,804.9,0.312518,111,0.374,GOAL
53.260,808,0.315501,120,0.376,GOAL
53.364,881.2,0.318116,114,0.380,GOAL
53.464,830.5,0.314357,110,0.381,GOAL
53.564,835.8,0.31303,108,0.382,GOAL
53.660,842.2,0.316063,112,0.381,GOAL
53.760,901.5,0.320233,105,0.385,GOAL
53.860,852.8,0.317766,120,0.386,GOAL
53.960,856.6,0.317678,118,0.385,GOAL
54.064,997.3,0.313344,111,0.382,GOAL
54.204,844.4,0.308846,106,0.374,GOAL
54.304,821.5,0.304092,107,0.371,GOAL
54.404,857.1,0.300643,108,0.364,GOAL
54.500,807.5,0.302637,116,0.362,GOAL
54.616,811.2,0.304857,109,0.358,GOAL
54.724,816.8,0.303477,110,0.357,GOAL
54.824,880.6,0.301496,109,0.353,GOAL
54.896,796.5,0.304973,116,0.354,GOAL
55.036,803,0.307627,101,0.350,GOAL
55.160,800.1,0.309436,104,0.349,GOAL
55.304,893.7,0.312796,112,0.345,GOAL
55.404,800.1,0.31384,112,0.340,GOAL
55.524,779.3,0.312316,108,0.335,GOAL
55.596,841.4,0.312083,109,0.334,GOAL
55.724,770.2,0.310927,113,0.332,GOAL
55.804,759.2,0.309017,119,0.329,GOAL
55.924,764.5,0.308748,115,0.328,GOAL
56.008,818.1,0.313208,119,0.329,GOAL
56.124,746,0.315537,119,0.325,GOAL
56.200,754.7,0.315351,126,0.320,GOAL
56.304,755.2,0.31523,119,0.321,GOAL
56.424,759.2,0.315904,115,0.319,GOAL
56.504,901.9,0.325073,116,0.320,GOAL
56.604,768.1,0.325143,118,0.320,GOAL
56.732,779.2,0.326524,116,0.325,GOAL
56.860,790,0.326706,119,0.330,GOAL
56.932,891.8,0.328599,111,0.334,GOAL
57.060,800.4,0.332044,116,0.337,GOAL
57.160,794.6,0.332193,122,0.340,GOAL
57.260,798.7,0.331849,111,0.340,GOAL
57.360,888.3,0.336681,125,0.337,GOAL
57.492,825.7,0.337884,110,0.338,GOAL
57.608,833.1,0.337982,120,0.341,GOAL
57.700,838.8,0.340339,131,0.345,GOAL
57.812,906.3,0.347405,114,0.349,GOAL
57.924,873.4,0.348279,115,0.350,GOAL
58.000,880.6,0.348343,120,0.348,GOAL
58.124,880.9,0.351143,126,0.349,GOAL
58.196,942.6,0.354091,126,0.348,GOAL
58.308,913.6,0.355306,132,0.351,GOAL
58.400,915.7,0.355955,123,0.349,GOAL
58.516,918.8,0.357881,119,0.351,GOAL
58.604,1202,0.35767,124,0.353,GOAL
58.708,934.5,0.359322,111,0.353,GOAL
58.796,942,0.35976,121,0.355,GOAL
58.912,932.5,0.362361,126,0.355,GOAL
59.000,1020,0.363438,126,0.361,GOAL
59.124,955.8,0.360516,117,0.357,GOAL
59.196,955.3,0.358727,127,0.354,GOAL
59.296,970.8,0.358996,127,0.356,GOAL
59.408,1183,0.364945,115,0.359,GOAL
59.512,994.7,0.36667,115,0.363,GOAL
59.624,1005,0.36715,114,0.360,GOAL
59.724,1019,0.370853,119,0.359,GOAL
59.800,1084,0.375096,113,0.359,GOAL
59.896,1027,0.378022,120,0.359,GOAL
60.004,1035,0.379296,115,0.354,GOAL
60.100,1044,0.380804,122,0.352,GOAL
60.204,1193,0.390784,118,0.349,GOAL
60.308,1029,0.390403,115,0.346,GOAL
60.424,1033,0.39186,124,0.348,GOAL
60.496,1038,0.391607,124,0.346,GOAL
60.608,1368,0.39523,119,0.343,GOAL
60.744,1049,0.397505,106,0.342,GOAL
60.860,1045,0.398062,118,0.340,GOAL
60.992,1051,0.400364,120,0.339,GOAL
61.108,1140,0.409317,112,0.339,GOAL
61.224,1063,0.409419,115,0.333,GOAL
61.324,1038,0.411896,126,0.332,GOAL
61.412,1039,0.413455,124,0.330,GOAL
61.504,1136,0.419139,125,0.334,GOAL
61.644,1076,0.422239,122,0.330,GOAL
61.760,1077,0.42291,120,0.328,GOAL
61.860,1079,0.424578,122,0.332,GOAL
62.004,1204,0.430943,116,0.327,GOAL
62.124,1027,0.429023,115,0.320,GOAL
62.196,1031,0.433016,124,0.319,GOAL
62.296,1036,0.432714,124,0.314,GOAL
62.404,1117,0.43398,118,0.314,GOAL
62.504,1049,0.438609,119,0.313,GOAL
62.624,1058,0.441129,117,0.313,GOAL
62.704,1069,0.442823,120,0.316,GOAL
62.796,1042,0.447111,122,0.319,GOAL
62.924,1099,0.455347,119,0.325,GOAL
63.028,1055,0.456634,125,0.326,GOAL
63.172,1052,0.459454,112,0.324,GOAL
63.260,1049,0.459278,115,0.323,GOAL
63.360,1088,0.463021,116,0.322,GOAL
63.460,1009,0.464703,122,0.317,GOAL
63.560,1017,0.463395,118,0.311,GOAL
63.660,1030,0.465934,118,0.314,GOAL
63.760,1031,0.4675,122,0.313,GOAL
63.904,1094,0.475263,119,0.317,GOAL
63.996,1012,0.47768,124,0.318,GOAL
64.104,1021,0.483659,123,0.315,GOAL
64.224,1020,0.483504,117,0.315,GOAL
64.324,1073,0.483077,119,0.315,GOAL
64.424,1036,0.486405,120,0.314,GOAL
64.500,1040,0.488844,124,0.317,GOAL
64.604,1048,0.493757,126,0.318,GOAL
64.704,1052,0.495342,126,0.318,GOAL
64.804,1112,0.499274,122,0.320,GOAL
64.924,1087,0.503674,124,0.321,GOAL
64.996,1105,0.50727,129,0.321,GOAL
65.124,1112,0.504024,124,0.320,GOAL
65.208,1112,0.507245,122,0.322,GOAL
65.324,1299,0.510621,126,0.323,GOAL
65.428,1137,0.511917,116,0.327,GOAL
65.500,1133,0.51247,122,0.329,GOAL
65.608,1140,0.516839,116,0.329,GOAL
65.708,1140,0.519483,111,0.330,GOAL
65.836,1224,0.519179,109,0.334,GOAL
65.960,1154,0.524554,120,0.331,GOAL
66.100,1170,0.531919,125,0.330,GOAL
66.204,1175,0.537022,114,0.332,GOAL
66.332,1308,0.543341,113,0.337,GOAL
66.460,1175,0.544733,116,0.335,GOAL
66.544,1174,0.547615,130,0.335,GOAL
66.628,1183,0.550384,126,0.334,GOAL
66.724,1339,0.552809,125,0.331,GOAL
66.824,1216,0.554094,123,0.322,GOAL
66.900,1221,0.555202,123,0.319,GOAL
67.008,1237,0.559234,120,0.316,GOAL
67.108,1242,0.560039,115,0.317,GOAL
67.224,1432,0.568232,112,0.320,GOAL
67.324,1276,0.568435,120,0.323,GOAL
67.432,1281,0.569541,114,0.327,GOAL
67.560,1292,0.570696,122,0.327,GOAL
67.692,1289,0.573228,124,0.330,GOAL
67.792,1373,0.57976,121,0.334,GOAL
67.924,1319,0.580126,118,0.335,GOAL
68.024,1325,0.580799,133,0.334,GOAL
68.128,1331,0.582187,126,0.333,GOAL
68.260,1839,0.587539,122,0.332,GOAL
68.392,1329,0.59349,118,0.335,GOAL
68.496,1321,0.595313,119,0.333,GOAL
68.592,1322,0.595147,119,0.330,GOAL
68.728,1534,0.598185,118,0.329,GOAL
68.860,1364,0.606968,107,0.331,GOAL
68.992,1353,0.60735,110,0.325,GOAL
69.092,1356,0.61276,118,0.324,GOAL
69.240,1397,0.621682,122,0.329,GOAL
69.332,1341,0.621234,113,0.326,GOAL
69.460,1354,0.626909,112,0.327,GOAL
69.560,1350,0.630232,114,0.328,GOAL
69.692,1436,0.635737,114,0.330,GOAL
69.792,1356,0.638909,113,0.329,GOAL
69.936,1367,0.642897,117,0.323,GOAL
70.060,1374,0.648911,126,0.320,GOAL
70.192,1407,0.654136,119,0.316,GOAL
70.292,1332,0.657465,127,0.313,GOAL
70.392,1337,0.662332,116,0.311,GOAL
70.532,1344,0.667207,119,0.311,GOAL
70.660,1417,0.662934,124,0.309,GOAL
70.792,1339,0.665595,117,0.311,GOAL
70.892,1337,0.668538,122,0.312,GOAL
70.992,1350,0.676043,121,0.313,GOAL
71.092,1362,0.681187,120,0.316,GOAL
71.196,1477,0.68497,113,0.323,GOAL
71.272,1358,0.685379,121,0.324,GOAL
71.360,1367,0.691221,120,0.323,GOAL
71.460,1373,0.692628,116,0.318,GOAL
71.564,1383,0.692209,119,0.313,GOAL
71.692,1527,0.693388,107,0.300,GOAL
71.792,1406,0.692307,116,0.294,GOAL
71.936,1419,0.695662,117,0.284,GOAL
72.060,1424,0.697343,123,0.276,GOAL
72.192,1481,0.70277,108,0.271,GOAL
72.332,1446,0.706462,112,0.264,GOAL
72.460,1448,0.709693,116,0.261,GOAL
72.544,1448,0.712727,123,0.257,GOAL
72.660,1452,0.711854,119,0.247,GOAL
72.764,1506,0.710538,122,0.240,GOAL
72.860,1455,0.713922,118,0.238,GOAL
72.960,1459,0.714931,122,0.231,GOAL
73.060,1472,0.719829,126,0.226,GOAL
73.160,1476,0.718734,126,0.221,GOAL
73.260,1486,0.722685,128,0.219,GOAL
73.396,1554,0.729241,117,0.219,GOAL
73.524,1486,0.732976,118,0.219,GOAL
73.624,1485,0.736469,125,0.216,GOAL
73.724,1491,0.736835,122,0.210,GOAL
73.828,1498,0.736362,124,0.207,GOAL
73.928,1498,0.738816,122,0.206,GOAL
74.064,1589,0.740883,127,0.201,GOAL
74.192,1522,0.741983,107,0.198,GOAL
74.328,1536,0.743599,112,0.198,GOAL
74.460,1554,0.747475,110,0.202,GOAL
74.560,1553,0.746426,120,0.196,GOAL
74.692,1559,0.746997,116,0.195,GOAL
74.792,2039,0.749149,120,0.196,GOAL
74.924,1516,0.748102,123,0.183,GOAL
75.024,1522,0.745566,124,0.179,GOAL
75.124,1530,0.747651,122,0.175,GOAL
75.224,1537,0.745673,123,0.170,GOAL
75.328,1543,0.74764,126,0.167,GOAL
75.460,1544,0.748608,119,0.157,GOAL
75.592,1548,0.749096,109,0.149,GOAL
75.692,1527,0.748415,129,0.146,GOAL
75.792,1531,0.745307,122,0.139,GOAL
75.924,1538,0.750005,125,0.140,GOAL
76.028,1543,0.749953,122,0.140,GOAL
76.160,1543,0.751549,120,0.136,GOAL
76.292,1539,0.752505,122,0.132,GOAL
76.392,1543,0.754739,129,0.131,GOAL
76.492,1547,0.755968,124,0.129,GOAL
76.636,1561,0.758459,120,0.131,GOAL
76.760,1526,0.759888,117,0.133,GOAL
76.864,1525,0.761354,126,0.134,GOAL
76.936,1528,0.760143,125,0.134,GOAL
77.060,1525,0.762622,120,0.130,GOAL
77.160,1523,0.7641,124,0.131,GOAL
77.248,1521,0.763876,133,0.130,GOAL
77.360,1525,0.76317,121,0.131,GOAL
77.460,1534,0.766828,127,0.133,GOAL
77.560,1538,0.765695,126,0.131,GOAL
77.664,1541,0.768387,127,0.133,GOAL
77.796,1573,0.7681,119,0.137,GOAL
77.944,1523,0.769087,125,0.138,GOAL
78.060,1533,0.770215,122,0.139,GOAL
78.160,1546,0.774142,129,0.140,GOAL
78.260,1550,0.775154,123,0.142,GOAL
78.364,1557,0.772456,130,0.140,GOAL
78.460,1556,0.772905,134,0.140,GOAL
78.592,1554,0.771424,122,0.138,GOAL
78.692,1552,0.773766,119,0.141,GOAL
78.824,1597,0.77693,128,0.141,GOAL
78.924,1576,0.779189,124,0.141,GOAL
79.024,1598,0.779931,123,0.139,GOAL
79.124,1602,0.777548,123,0.134,GOAL
79.228,1597,0.77945,124,0.133,GOAL
79.340,1608,0.783964,121,0.132,GOAL
79.464,1610,0.77992,128,0.128,GOAL
79.592,1615,0.778979,133,0.127,GOAL
79.692,1620,0.779975,131,0.125,GOAL
79.828,1692,0.780635,131,0.121,GOAL
79.936,1573,0.781748,131,0.118,GOAL
80.060,1581,0.78205,121,0.116,GOAL
80.160,1584,0.780987,134,0.111,GOAL
80.232,1584,0.781296,131,0.111,GOAL
80.336,1578,0.780741,126,0.110,GOAL
80.460,1577,0.780244,131,0.108,GOAL
80.592,1581,0.782325,125,0.105,GOAL
80.692,1585,0.781977,126,0.098,GOAL
80.832,1591,0.779306,133,0.092,GOAL
80.960,1591,0.779672,127,0.085,GOAL
81.060,1641,0.783284,124,0.085,GOAL
81.164,1602,0.784632,128,0.088,GOAL
81.260,1600,0.78489,125,0.085,GOAL
81.392,1608,0.786385,119,0.083,GOAL
81.492,1610,0.785104,125,0.078,GOAL
81.624,1614,0.785826,121,0.081,GOAL
81.724,1588,0.78404,130,0.083,GOAL
81.824,1587,0.784512,135,0.082,GOAL
81.940,1578,0.785971,124,0.081,GOAL
82.060,1592,0.786498,129,0.081,GOAL
82.160,1593,0.7901,122,0.078,GOAL
82.292,1599,0.787821,128,0.071,GOAL
82.428,1602,0.790125,126,0.068,GOAL
82.560,1624,0.790362,123,0.065,GOAL
82.660,1606,0.795715,122,0.070,GOAL
82.764,1601,0.795923,122,0.063,GOAL
82.864,1602,0.792823,121,0.055,GOAL
82.940,1599,0.793078,129,0.051,GOAL
83.028,1598,0.793053,124,0.044,GOAL
83.128,1602,0.794661,122,0.032,GOAL
83.260,1603,0.793912,122,0.018,GOAL
83.392,1603,0.792092,120,0.002,GOAL
83.532,1609,0.79194,125,0.014,GOAL
83.632,1611,0.797522,128,0.017,GOAL
83.760,1602,0.793817,120,0.020,GOAL
83.892,1599,0.795134,126,0.020,GOAL
83.992,1596,0.794802,121,0.023,GOAL
84.092,1594,0.792658,128,0.029,GOAL
84.228,1597,0.795435,128,0.026,GOAL
84.340,1600,0.796762,133,0.026,GOAL
84.460,1602,0.789055,122,0.030,GOAL
84.560,1596,0.790208,125,0.028,GOAL
84.660,1591,0.792077,130,0.026,GOAL
84.760,1590,0.791334,126,0.026,GOAL
84.864,1590,0.789568,124,0.026,GOAL
84.960,1590,0.787956,125,0.029,GOAL
85.092,1590,0.789948,121,0.025,GOAL
85.224,1591,0.786151,129,0.025,GOAL
85.332,1593,0.790503,132,0.029,GOAL
85.460,1588,0.788868,134,0.030,GOAL
85.560,1589,0.786327,124,0.030,GOAL
85.692,1588,0.786666,131,0.025,GOAL
85.796,1589,0.788246,128,0.024,GOAL
85.928,1593,0.788396,127,0.024,GOAL
86.032,1594,0.787785,129,0.027,GOAL
86.128,1594,0.783807,130,0.026,GOAL
86.260,1594,0.78709,129,0.019,GOAL
86.392,1591,0.78648,130,0.022,GOAL
86.528,1593,0.786525,128,0.019,GOAL
86.652,1603,0.780175,126,0.022,GOAL
86.760,1596,0.784499,129,0.015,GOAL
86.892,1598,0.78231,134,0.014,GOAL
86.992,1599,0.786154,128,0.016,GOAL
87.128,1593,0.785059,120,0.019,GOAL
87.260,1597,0.788908,115,0.020,GOAL
87.360,1593,0.784245,132,0.027,GOAL
87.440,1591,0.785711,128,0.025,GOAL
87.532,1592,0.784894,129,0.030,GOAL
87.660,1602,0.779773,124,0.022,GOAL
87.792,1597,0.784096,129,0.019,GOAL
87.892,1597,0.77991,129,0.026,GOAL
88.028,1605,0.783458,122,0.020,GOAL
88.160,1596,0.785089,127,0.030,GOAL
88.260,1598,0.78441,131,0.030,GOAL
88.392,1599,0.77833,123,0.032,GOAL
88.492,1600,0.784264,130,0.028,GOAL
88.632,1601,0.779588,130,0.027,GOAL
88.760,1602,0.780419,133,0.027,GOAL
88.892,1600,0.783299,130,0.031,GOAL
88.992,1596,0.785235,132,0.037,GOAL
89.136,1597,0.780176,132,0.031,GOAL
89.260,1606,0.778025,126,0.034,GOAL
89.392,1605,0.778061,128,0.026,GOAL
89.464,1598,0.781954,126,0.032,GOAL
89.560,1600,0.784798,129,0.034,GOAL
89.692,1602,0.784822,122,0.031,GOAL
89.828,1611,0.790308,124,0.043,GOAL
89.960,1611,0.781114,125,0.048,GOAL
90.040,1606,0.78396,125,0.054,GOAL
90.144,1606,0.778413,129,0.055,GOAL
90.260,1614,0.783204,128,0.040,GOAL
90.340,1605,0.782746,130,0.049,GOAL
90.460,1609,0.783355,128,0.042,GOAL
90.560,1612,0.789198,127,0.047,GOAL
90.692,1610,0.78135,121,0.043,GOAL
90.792,1607,0.784256,131,0.050,GOAL
90.892,1606,0.780209,133,0.050,GOAL
91.024,1613,0.781086,122,0.034,GOAL
91.132,1616,0.789888,131,0.047,GOAL
91.260,1611,0.784516,128,0.049,GOAL
91.392,1610,0.78579,124,0.043,GOAL
91.528,1614,0.78359,128,0.037,GOAL
91.660,1617,0.784878,130,0.043,GOAL
91.792,1616,0.783555,121,0.042,GOAL
91.928,1617,0.787204,122,0.051,GOAL
92.028,1612,0.780803,125,0.062,GOAL
92.160,1622,0.776473,113,0.046,GOAL
92.264,1614,0.7746,120,0.049,GOAL
92.360,1610,0.777994,117,0.041,GOAL
92.460,1608,0.777994,131,0.016,GOAL
92.592,1604,0.777994,120,0.017,GOAL
92.692,1593,0.777994,124,0.006,GOAL
92.792,1594,0.777994,117,0.010,GOAL
92.896,1597,0.777994,119,0.017,GOAL
92.992,1598,0.777994,118,0.017,GOAL
93.092,1601,0.777994,115,0.025,GOAL
93.224,1603,0.777994,124,0.017,GOAL
93.324,1600,0.777994,117,0.024,GOAL
93.424,1606,0.777994,122,0.027,GOAL
93.524,1610,0.777994,126,0.031,GOAL
93.624,1604,0.777994,120,0.024,GOAL
93.728,1605,0.777994,111,0.026,GOAL
93.860,1614,0.777994,124,0.030,GOAL
93.960,1617,0.777994,112,0.036,GOAL
94.060,1611,0.777994,120,0.040,GOAL
94.160,1637,0.777994,114,0.067,GOAL
94.260,1616,0.777994,119,0.101,GOAL
94.364,1715,0.753774,125,0.135,GOAL
94.460,1625,0.737729,116,0.172,GOAL
94.560,1628,0.708995,122,0.197,GOAL
94.660,1632,0.745653,114,0.233,GOAL
94.760,3026,0.740905,123,0.260,GOAL
94.860,1606,0.760443,113,0.281,GOAL
94.960,1604,0.758418,116,0.290,GOAL
95.060,1781,0.763124,119,0.296,GOAL
95.160,1609,0.757939,104,0.289,GOAL
95.260,1613,0.760533,107,0.280,GOAL
95.360,1859,0.764338,111,0.272,GOAL
95.460,1620,0.768954,112,0.261,GOAL
95.564,1625,0.767311,116,0.241,GOAL
95.660,1629,0.769617,114,0.226,GOAL
95.760,1548,0.77046,105,0.210,GOAL
95.860,1551,0.773218,119,0.192,GOAL
95.960,1604,0.771007,119,0.179,GOAL
96.060,1503,0.772652,112,0.162,GOAL
96.160,1506,0.775687,118,0.143,GOAL
96.264,1506,0.774904,122,0.118,GOAL
96.360,1509,0.772357,124,0.099,GOAL
96.492,1441,0.772252,121,0.075,GOAL
96.624,1451,0.77227,123,0.060,GOAL
96.696,1435,0.774325,123,0.045,GOAL
96.824,1439,0.771727,127,0.024,GOAL
96.924,1446,0.772524,121,0.012,GOAL
96.996,1444,0.772023,119,0.008,GOAL
97.124,1456,0.770841,114,0.010,GOAL
97.196,1453,0.769288,119,0.015,GOAL
97.324,1456,0.772164,113,0.019,GOAL
97.424,1451,0.772163,120,0.029,GOAL
97.524,1454,0.773274,120,0.031,GOAL
97.624,1460,0.77129,122,0.042,GOAL
97.724,1462,0.771824,121,0.043,GOAL
97.824,1469,0.771529,119,0.043,GOAL
97.924,1441,0.772482,122,0.046,GOAL
98.028,1446,0.772576,116,0.048,GOAL
98.160,1446,0.773754,121,0.040,GOAL
98.260,1444,0.774134,125,0.040,GOAL
98.360,1448,0.771768,119,0.048,GOAL
98.460,1450,0.771103,122,0.044,GOAL
98.560,1451,0.77101,128,0.039,GOAL
98.660,1448,0.773421,124,0.035,GOAL
98.760,1446,0.773355,131,0.039,GOAL
98.860,1448,0.772404,125,0.041,GOAL
98.964,1450,0.773028,125,0.030,GOAL
99.064,1450,0.773667,128,0.025,GOAL
99.192,1454,0.773304,125,0.030,GOAL
99.324,1453,0.77339,122,0.029,GOAL
99.424,1455,0.773919,122,0.019,GOAL
99.528,1461,0.771387,124,0.024,GOAL
99.624,1460,0.772507,122,0.020,GOAL
99.724,1464,0.771992,120,0.019,GOAL
99.824,1472,0.769303,124,0.022,GOAL
99.924,1469,0.770947,125,0.007,GOAL
99.996,1479,0.769273,122,0.017,GOAL
100.124,1485,0.769098,119,0.016,GOAL
100.224,1479,0.770997,121,0.013,GOAL
100.324,1474,0.768386,121,0.011,GOAL
100.424,1472,0.769559,119,0.015,GOAL
100.524,1468,0.768184,120,0.008,GOAL
100.624,1461,0.768821,114,0.012,GOAL
100.724,1463,0.766017,119,0.005,GOAL
100.824,1463,0.763371,122,0.009,GOAL
100.924,1460,0.764058,118,0.015,GOAL
101.024,1470,0.762009,118,0.013,GOAL
101.124,1468,0.764922,119,0.022,GOAL
101.224,1463,0.764229,124,0.020,GOAL
101.324,1460,0.768233,118,0.029,GOAL
101.424,1459,0.766265,125,0.019,GOAL
101.524,1451,0.767013,124,0.018,GOAL
101.596,1449,0.76615,127,0.018,GOAL
101.724,1451,0.764236,116,0.020,GOAL
101.824,1452,0.76528,122,0.011,GOAL
101.928,1457,0.765828,121,0.012,GOAL
102.060,1463,0.765782,120,0.017,GOAL
102.160,1463,0.763546,126,0.019,GOAL
102.264,1461,0.764398,124,0.024,GOAL
102.360,1468,0.763252,121,0.021,GOAL
102.460,1475,0.763918,123,0.016,GOAL
102.560,1476,0.763733,132,0.018,GOAL
102.660,1474,0.763104,129,0.011,GOAL
102.760,1504,0.758501,119,0.062,GOAL
102.860,1495,0.756836,120,0.203,GOAL
102.960,1487,0.759657,113,0.325,GOAL
103.060,1561,0.756078,111,0.416,GOAL
103.160,1478,0.75788,114,0.496,GOAL
103.260,1488,0.75805,104,0.570,GOAL
103.364,1900,0.751196,96,0.623,GOAL
103.460,1704,0.744991,100,0.653,GOAL
103.560,1475,0.743063,88,0.685,GOAL
103.660,1562,0.742371,96,0.706,GOAL
103.760,1676,0.742372,82,0.725,GOAL
103.860,1799,0.740702,69,0.727,GOAL
103.960,1723,0.737294,81,0.723,GOAL
104.060,1849,0.73885,73,0.711,GOAL
104.160,1895,0.748207,61,0.703,GOAL
104.260,1721,0.747374,50,0.686,GOAL
104.360,1762,0.750687,16,0.673,GOAL
104.460,2262,0.751292,67,0.189,GOAL
104.560,1782,0.751946,99,0.216,GOAL
104.660,3027,0.774279,75,0.130,GOAL
104.764,1779,0.75622,81,0.229,GOAL
104.860,2270,0.750041,70,0.236,GOAL
104.960,1571,0.753827,75,0.246,GOAL
105.060,1647,0.752167,95,0.177,GOAL
105.160,1629,0.751738,92,0.218,GOAL
105.260,1522,0.75245,96,0.251,GOAL
105.360,1633,0.752236,87,0.254,GOAL
105.460,1733,0.754214,89,0.153,GOAL
105.564,1687,0.750602,91,0.183,GOAL
105.660,1626,0.747111,92,0.232,GOAL
105.760,1972,0.746652,92,0.263,GOAL
105.864,1996,0.75214,99,0.191,GOAL
105.960,1611,0.756321,77,0.209,GOAL
106.060,1504,0.758986,97,0.269,GOAL
106.160,1505,0.758616,109,0.272,GOAL
106.260,1750,0.752386,111,0.204,GOAL
106.360,1486,0.758317,93,0.284,GOAL
106.460,1711,0.754732,110,0.137,GOAL
106.560,1501,0.757974,93,0.292,GOAL
106.660,1486,0.758071,112,0.298,GOAL
106.764,1456,0.757595,96,0.300,GOAL
106.860,1777,0.755443,108,0.195,GOAL
106.992,1480,0.7568,93,0.312,GOAL
107.128,1670,0.756599,118,0.110,GOAL
107.260,1482,0.758036,86,0.323,GOAL
107.360,1714,0.757778,121,0.067,GOAL
107.464,1517,0.757996,91,0.318,GOAL
107.560,1738,0.75781,111,0.182,GOAL
107.692,1486,0.758034,111,0.339,GOAL
107.824,1462,0.758036,112,0.346,GOAL
107.924,1459,0.758037,101,0.345,GOAL
108.024,1457,0.758162,116,0.349,GOAL
108.124,1455,0.758262,107,0.349,GOAL
108.224,1857,0.759219,105,0.154,GOAL
108.296,1525,0.759413,98,0.143,POST
108.396,1846,0.759353,114,0.012,POST
108.524,1514,0.758816,97,0.007,POST
108.596,1568,0.758993,110,0.004,POST
108.724,1498,0.758726,88,0.006,POST
108.796,1595,0.758471,109,0.008,POST
108.924,1586,0.7586,95,0.015,POST
109.024,1562,0.758452,103,0.010,POST
109.124,1505,0.758695,114,0.007,POST
109.224,1490,0.758712,100,0.009,POST
109.324,1489,0.758656,110,0.011,POST
109.424,1539,0.758793,115,0.008,POST
109.524,1492,0.75874,119,0.008,POST
109.624,1489,0.758768,109,0.008,POST
109.724,1489,0.759032,116,0.008,POST
109.824,1989,0.763045,69,0.176,POST
109.924,1927,0.763892,43,0.303,POST
109.996,1876,0.763844,58,0.323,POST
110.124,2090,0.757344,35,0.360,POST
110.224,1923,0.712913,71,0.528,POST
110.324,1904,0.687521,67,0.773,POST
110.424,2014,0.670204,57,1.007,POST
110.524,2967,0.692644,44,1.200,POST
110.624,2003,0.692644,35,1.295,POST
110.724,2274,0.692644,27,1.314,POST
110.824,1626,0.685468,27,1.269,POST
110.924,1692,0.708041,24,1.179,POST
111.028,1674,0.711193,42,0.847,POST
111.160,1502,0.694193,38,0.767,POST
111.260,2323,0.768515,73,0.506,POST
111.360,1657,0.735524,70,0.415,POST
111.460,2195,0.807808,97,0.112,POST
111.564,2025,0.820134,91,0.012,POST
111.660,1886,0.82592,100,0.008,POST
111.760,1689,0.827502,103,0.010,POST
111.860,1697,0.827164,106,0.011,POST
111.960,1698,0.827479,112,0.012,POST
112.060,1689,0.827017,112,0.014,POST
112.160,1698,0.827407,111,0.014,POST
112.260,1687,0.826384,109,0.013,POST
112.360,1690,0.826027,116,0.015,POST
112.492,1692,0.824698,118,0.010,POST
112.596,1686,0.822434,114,0.008,POST
112.724,1685,0.820297,120,0.006,POST
112.824,3003,0.817917,114,0.003,POST
112.924,1731,0.817235,83,0.003,POST
113.024,2070,0.815745,114,0.004,POST
113.124,1757,0.815005,104,0.002,POST
113.224,1736,0.814625,110,0.002,POST
113.328,1794,0.812561,107,0.002,POST
113.460,1943,0.813672,120,0.004,POST
113.560,2008,0.813168,108,0.001,POST
113.660,1781,0.811889,121,0.002,POST
113.764,1743,0.811577,112,0.003,POST
113.864,1738,0.811514,116,0.004,POST
113.960,1742,0.810827,118,0.004,POST
114.060,1846,0.810779,110,0.005,POST
114.160,1735,0.810435,115,0.004,POST
114.264,1834,0.809314,113,0.005,POST
114.392,1731,0.809865,118,0.004,POST
114.524,1755,0.811078,109,0.001,POST
114.624,1740,0.811288,115,0.004,POST
114.724,2113,0.809485,119,0.003,POST
114.824,1807,0.808811,93,0.003,POST
114.924,2434,0.807098,117,0.004,POST
115.024,1788,0.806539,104,0.002,POST
115.128,1760,0.808338,113,0.005,POST
115.260,1793,0.807825,110,0.001,POST
115.360,1773,0.806922,119,0.002,POST
115.464,1788,0.806186,107,0.002,POST
115.560,1764,0.805536,115,0.000,POST
115.660,1741,0.805618,106,0.002,POST
115.760,2233,0.805819,112,0.003,POST
115.832,1758,0.80535,115,0.002,POST
115.964,1755,0.805194,110,0.003,POST
116.060,1766,0.804724,109,0.003,POST
116.160,1795,0.80392,118,0.003,POST
116.260,1823,0.803008,105,0.003,POST
116.360,1775,0.802781,118,0.002,POST
116.460,1764,0.803053,110,0.001,POST
116.560,1774,0.803131,122,0.004,POST
116.660,1756,0.802598,104,0.001,POST
116.760,1782,0.801459,122,0.003,POST
116.860,1776,0.801333,104,0.005,POST
116.960,1741,0.801197,114,0.002,POST
117.060,1743,0.800716,112,0.003,POST
117.160,1746,0.80039,110,0.002,POST
117.260,1744,0.79993,116,0.002,POST
117.360,1736,0.799817,110,0.003,POST
117.460,1745,0.798091,115,0.001,POST
117.560,1859,0.797575,111,0.002,POST
117.660,1691,0.797718,88,0.002,POST
117.760,1705,0.797065,109,0.001,POST
117.860,1742,0.797142,82,0.002,POST
117.992,1773,0.797147,115,0.001,POST
118.092,1694,0.797227,99,0.003,POST
118.224,2697,0.797014,115,0.001,POST
118.324,1646,0.796977,106,0.003,POST
118.424,1680,0.796877,116,0.002,POST
118.524,1637,0.79748,108,0.001,POST
118.624,1724,0.800709,107,0.001,POST
118.696,1612,0.804839,108,0.002,POST
118.796,1701,0.806967,118,0.002,POST
118.924,1767,0.797025,112,0.004,POST
118.996,1671,0.79692,114,0.002,POST
119.124,1640,0.796735,107,0.004,POST
119.224,1684,0.796598,119,0.001,POST
119.324,1644,0.795513,104,0.002,POST
119.424,1616,0.795159,121,0.002,POST
119.524,1640,0.795176,109,0.004,POST
119.624,1643,0.794851,116,0.004,POST
119.724,1805,0.794469,109,0.003,POST
119.824,1614,0.794542,117,0.002,POST
119.924,1666,0.794979,106,0.001,POST
120.024,1752,0.795097,120,0.001,POST
120.124,1665,0.795789,107,0.002,POST
120.224,1642,0.795605,118,0.001,POST
120.324,1787,0.795578,105,0.001,POST
120.424,1654,0.795151,104,0.001,POST
120.528,1636,0.794589,110,0.003,POST
120.660,2242,0.794202,107,0.003,POST
120.760,1629,0.793827,119,0.003,POST
120.860,1618,0.793833,108,0.001,POST
120.960,1613,0.793787,112,0.002,POST
121.060,1621,0.793926,101,0.002,POST
121.160,1615,0.794033,122,0.002,POST
121.260,1611,0.793931,110,0.004,POST
121.360,1653,0.793753,116,0.002,POST
121.464,1623,0.793498,109,0.002,POST
121.560,1611,0.793395,113,0.002,POST
121.660,1618,0.793314,109,0.003,POST
121.760,1644,0.792885,110,0.001,POST
121.860,1614,0.792757,111,0.002,POST
121.960,1618,0.792888,116,0.003,POST
122.060,2171,0.792836,109,0.001,POST
122.160,1621,0.792894,116,0.002,POST
122.260,1646,0.792802,117,0.001,POST
122.360,1622,0.793012,118,0.002,POST
122.460,1622,0.793196,112,0.002,POST
122.560,2801,0.792901,117,0.002,POST
122.660,1636,0.792871,113,0.003,POST
122.760,1688,0.79346,113,0.002,POST
122.860,1620,0.793718,119,0.002,POST
122.960,1619,0.793801,111,0.002,POST
123.060,2166,0.7933,112,0.001,POST
123.160,1628,0.792915,116,0.001,POST
123.260,1615,0.792832,113,0.001,POST
123.360,1621,0.793154,110,0.004,POST
123.460,1724,0.793049,119,0.003,POST
123.560,1649,0.792616,117,0.001,POST
123.660,1619,0.792672,114,0.002,POST
123.760,1807,0.792455,114,0.002,POST
123.860,1645,0.792435,104,0.003,POST
123.960,1674,0.792502,120,0.001,POST
124.060,1630,0.79228,114,0.002,POST
124.160,1640,0.792117,121,0.002,POST
124.260,1644,0.79218,121,0.001,POST
124.360,1700,0.792618,114,0.003,POST
124.460,1720,0.792938,124,0.001,POST
124.560,1637,0.79286,113,0.002,POST
124.664,1650,0.792843,116,0.001,POST
124.792,1711,0.793193,118,0.002,POST
124.924,1743,0.793183,115,0.002,POST
124.996,1641,0.792839,117,0.001,POST
125.124,1708,0.792588,119,0.003,POST
125.224,1706,0.792418,112,0.002,POST
125.324,1712,0.79263,115,0.002,POST
125.404,1635,0.79246,111,0.002,POST
125.524,1670,0.792253,116,0.004,POST
125.624,1670,0.791867,112,0.002,POST
125.696,1652,0.791536,116,0.001,POST
125.824,1675,0.79124,107,0.003,POST
125.924,1744,0.79099,116,0.002,POST
126.024,1660,0.791086,110,0.002,POST
126.128,1665,0.790981,116,0.005,POST
126.260,1772,0.790504,111,0.003,POST
126.360,1653,0.790127,116,0.003,POST
126.464,1664,0.790102,109,0.002,POST
126.564,1845,0.790302,112,0.002,POST
126.660,1670,0.790422,111,0.003,POST
126.760,1708,0.790307,120,0.001,POST
126.860,1805,0.790414,111,0.001,POST
126.960,1664,0.790784,118,0.002,POST
127.060,1672,0.791077,115,0.002,POST
127.164,1710,0.790722,116,0.001,POST
127.260,1755,0.790529,119,0.003,POST
127.360,1727,0.790674,114,0.002,POST
127.460,1815,0.790667,115,0.002,POST
127.560,1664,0.79105,119,0.002,POST
127.660,1685,0.790738,112,0.001,POST
127.760,1727,0.790313,116,0.002,POST
127.860,1678,0.789978,114,0.002,POST
127.960,1657,0.790058,117,0.001,POST
128.064,1645,0.789965,114,0.003,POST
128.160,1662,0.78966,103,0.002,POST
128.260,1697,0.789385,117,0.002,POST
128.360,1787,0.788486,106,0.002,POST
128.460,1656,0.78828,113,0.002,POST
128.592,1658,0.788428,116,0.003,POST
128.696,1653,0.788532,115,0.003,POST
128.824,1683,0.788306,110,0.003,POST
128.924,1650,0.788554,115,0.002,POST
129.028,1670,0.788944,113,0.003,POST
129.160,1823,0.789496,116,0.003,POST
129.260,1697,0.789747,113,0.002,POST
129.392,1691,0.789426,117,0.001,POST
129.528,1702,0.788884,107,0.003,POST
129.664,1733,0.788788,112,0.002,POST
129.760,1634,0.78885,110,0.001,POST
129.860,1678,0.788838,117,0.000,POST
129.960,1649,0.788737,103,0.003,POST
130.060,1663,0.788708,111,0.001,POST
130.160,1643,0.788628,102,0.002,POST
130.260,1654,0.78856,125,0.002,POST
130.360,1638,0.788772,112,0.001,POST
130.460,1631,0.788817,115,0.002,POST
130.560,1630,0.788772,113,0.002,POST
130.660,1681,0.78872,115,0.001,POST
130.760,1642,0.788721,117,0.001,POST
130.860,1656,0.788562,113,0.002,POST
130.960,1659,0.788301,113,0.001,POST
131.060,1795,0.788346,118,0.004,POST
131.160,1647,0.788371,121,0.001,POST
131.264,1648,0.788427,113,0.001,POST
131.360,1632,0.788336,120,0.001,POST
131.460,1.05e+04,0.788751,114,0.001,POST
131.560,1635,0.788856,116,0.002,POST
131.660,1972,0.788484,114,0.003,POST
131.792,1732,0.78844,101,0.002,POST
131.924,1682,0.788355,120,0.003,POST
132.024,1660,0.788354,106,0.002,POST
132.124,1703,0.788346,112,0.003,POST
132.224,1691,0.788219,111,0.002,POST
132.324,1823,0.78805,88,0.001,POST
132.424,1759,0.787786,109,0.002,POST
132.524,1875,0.787586,87,0.002,POST
132.624,1948,0.787687,109,0.002,POST
132.724,1808,0.787941,90,0.003,POST
132.828,2114,0.787587,106,0.001,POST
132.960,2051,0.787704,102,0.003,POST
133.060,1869,0.787735,117,0.003,POST
133.160,1912,0.787702,107,0.002,POST
133.260,1693,0.787707,121,0.002,POST
133.360,1806,0.787736,104,0.002,POST
133.460,1835,0.78755,119,0.003,POST
133.564,1871,0.78782,106,0.002,POST
133.660,1966,0.787818,123,0.003,POST
133.760,1923,0.787676,110,0.002,POST
133.860,1955,0.787764,118,0.000,POST
133.960,1806,0.787732,113,0.004,POST
134.060,1992,0.788686,118,0.003,POST
134.160,1980,0.787516,110,0.002,POST
134.260,1848,0.78774,121,0.002,POST
134.360,1842,0.78715,103,0.001,POST
134.460,1750,0.787291,118,0.002,POST
134.564,1760,0.786985,79,0.001,POST
134.660,1771,0.787157,114,0.001,POST
134.764,1972,0.788631,82,0.002,POST
134.860,6348,0.796562,114,0.001,POST
134.960,2382,0.807616,93,0.001,POST
135.060,2839,0.805629,107,0.002,POST
135.160,3068,0.803568,97,0.002,POST
135.260,2753,0.804879,102,0.001,POST
