HAFIX_REVERIFY20|run_DRILLD1_N8P_160603|OK|556454302|8:05|698/698|540458|rc=0
HAFIX_REVERIFY20|run_DRILLD1_N8P_161514|OK|557627686|8:05|699/699|544172|rc=0
HAFIX_REVERIFY20|run_DRILLD1_N8P_162425|OK|555884837|8:05|697/697|539807|rc=0
HAFIX_REVERIFY20|run_DRILLD1_N8P_163333|OK|122449738|1:34|154/154|122363|rc=0
HAFIX_REVERIFY20|run_DRILLD1_N8P_163614|OK|231660701|3:17|291/291|220311|rc=0
HAFIX_REVERIFY20|run_DRILLD1_N8P_164037|OK|557676165|8:05|699/699|544132|rc=0
HAFIX_REVERIFY20|run_DRILLD1_N8P_164946|OK|231454325|3:17|291/291|220155|rc=0
HAFIX_REVERIFY20|run_DRILLD1_N8P_165918|OK|121688709|1:34|153/153|121017|rc=0
HAFIX_REVERIFY20|run_DRILLD1_N8P_170157|OK|231380389|3:17|291/291|219423|rc=0
HAFIX_REVERIFY20|run_DRILLD1_N8P_170617|OK|556052194|8:05|697/697|540085|rc=0
HAFIX_REVERIFY20|run_DRILLD1_N8P_171526|OK|232199381|3:17|291/291|221041|rc=0
HAFIX_REVERIFY20|run_DRILLD1_N8P_171947|OK|122227607|1:34|154/154|121925|rc=0
HAFIX_REVERIFY20|run_DRILLD1_N8P_172227|OK|231631932|3:17|291/291|220322|rc=0
HAFIX_REVERIFY20|run_DRILLD1_N8P_172651|OK|555527948|8:05|697/697|539397|rc=0
HAFIX_REVERIFY20|run_DRILLD1_N8P_173559|OK|231784795|3:17|291/291|220517|rc=0
HAFIX_REVERIFY20|run_DRILLD1_N8P_174020|OK|121744727|1:34|153/153|121369|rc=0
HAFIX_REVERIFY20|run_DRILLD1_N8P_174258|OK|232856827|3:17|292/292|222606|rc=0
HAFIX_REVERIFY20|run_DRILLD1_N8P_174719|OK|555807036|8:05|697/697|539751|rc=0
HAFIX_REVERIFY20|run_DRILLD1_N8P_175628|OK|558135451|8:05|700/700|544615|rc=0
HAFIX_REVERIFY20|run_DRILLD1_N8P_180538|OK|131993093|1:42|166/166|131584|rc=0
HAFIX_INCREMENT10|run_DRILLD1_N8P_183020|OK|115343548|1:32|145/145|113800|rc=0
HAFIX_INCREMENT10|run_DRILLD1_N8P_183259|OK|425116708|6:06|533/533|420931|rc=0
HAFIX_INCREMENT10|run_DRILLD1_N8P_184009|OK|115475966|1:32|145/145|114026|rc=0
HAFIX_INCREMENT10|run_DRILLD1_N8P_184248|OK|117808824|1:34|148/148|115948|rc=0
HAFIX_INCREMENT10|run_DRILLD1_N8P_184528|OK|424483058|6:06|532/532|420151|rc=0
HAFIX_INCREMENT10|run_DRILLD1_N8P_185237|OK|426609412|6:06|535/535|424376|rc=0
HAFIX_INCREMENT10|run_DRILLD1_N8P_185947|OK|118194175|1:34|149/149|116686|rc=0
HAFIX_INCREMENT10|run_DRILLD1_N8P_190228|OK|110202299|1:27|139/139|108217|rc=0
HAFIX_INCREMENT10|run_DRILLD1_N8P_190534|OK|424393210|6:06|532/532|419974|rc=0
HAFIX_INCREMENT10|run_DRILLD1_N8P_192242|OK|115464978|1:32|145/145|113955|rc=0
BIAS_BX_2A|run_BX_DRY_E12O_052956|OK|64445094|1:51|80/80|145176|rc=0
BIAS_BX_2A|run_BX_DRY_N8P_043039|NOBAG|-|-|-|-|ZERO-BAG-NOTE
BIAS_BX_2A|run_BX_DRY_N8P_052019|OK|593378974|7:36|744/744|601011|rc=0
BIAS_BX_2A|run_BX_E12O_A_060401|OK|61207511|1:46|76/76|138379|rc=0
BIAS_BX_2A|run_BX_E12O_B_060122|OK|60983340|1:46|76/76|137931|rc=0
BIAS_BX_2A|run_BX_E12P_A_062152|OK|498499732|6:21|625/625|509838|rc=0
BIAS_BX_2A|run_BX_E12P_B_062921|OK|477213809|6:19|598/598|482456|rc=0
BIAS_BX_2A|run_BX_E8P_A_053810|OK|111440983|1:28|140/140|109523|rc=0
BIAS_BX_2A|run_BX_E8P_B_054025|NOBAG|-|-|-|-|ZERO-BAG-NOTE
BIAS_BX_2A|run_BX_E8P_B_r2_054222|OK|438667701|6:19|550/550|432403|rc=0
BIAS_BX_2A|run_BX_N8P_A_061409|OK|516687087|6:36|648/648|527454|rc=0
BIAS_BX_2A|run_BX_N8P_B_061141|OK|121853691|1:34|153/153|121583|rc=0
BIAS_BX_2A|run_BX_NE8O_A_060641|OK|57430200|1:40|71/71|129352|rc=0
BIAS_BX_2A|run_BX_NE8O_B_060914|OK|53801061|1:34|67/67|121432|rc=0
BIAS_BX_2A|run_BX_S12P_A_055204|OK|236224847|3:21|297/297|225039|rc=0
BIAS_BX_2A|run_BX_S12P_B_054927|OK|133422273|1:42|168/168|133992|rc=0
BIAS_BX_2A|run_BX_S8O_A_055622|OK|57361307|1:40|71/71|129219|rc=0
BIAS_BX_2A|run_BX_S8O_B_055855|OK|54803917|1:34|68/68|123205|rc=0
BIAS_BX_2A|run_BX_S8P_A_063855|OK|127056809|1:38|160/160|126540|rc=0
BIAS_BX_2A|run_BX_S8P_B_063627|OK|122283027|1:34|154/154|121972|rc=0
BIAS_TK_2B|run_TK_DRY_N8P_121840|OK|129557254|1:40|163/163|129024|rc=0
BIAS_TK_2B|run_TK_E12O_A_125615|OK|63364695|1:50|79/79|142928|rc=0
BIAS_TK_2B|run_TK_E12O_B_125335|OK|62248782|1:47|77/77|140436|rc=0
BIAS_TK_2B|run_TK_E12P_A_131358|OK|151722933|2:03|191/191|144927|rc=0
BIAS_TK_2B|run_TK_E12P_B_131702|OK|490965949|6:19|615/615|500510|rc=0
BIAS_TK_2B|run_TK_E8P_A_122330|OK|110609302|1:28|139/139|108385|rc=0
BIAS_TK_2B|run_TK_E8P_B_122544|OK|113806080|1:28|143/143|112694|rc=0
BIAS_TK_2B|run_TK_N8P_A_130628|OK|500883130|6:22|628/628|513468|rc=0
BIAS_TK_2B|run_TK_N8P_B_130352|OK|132743558|1:42|167/167|132525|rc=0
BIAS_TK_2B|run_TK_NE8O_A_125858|OK|54602689|1:34|68/68|122780|rc=0
BIAS_TK_2B|run_TK_NE8O_B_130125|OK|54123920|1:34|67/67|121988|rc=0
BIAS_TK_2B|run_TK_S12P_A_123048|OK|498508774|6:22|625/625|509394|rc=0
BIAS_TK_2B|run_TK_S12P_B_122759|OK|147705008|1:54|186/186|146559|rc=0
BIAS_TK_2B|run_TK_S8O_A_123817|OK|228138490|6:32|282/282|521283|rc=0
BIAS_TK_2B|run_TK_S8O_B_124553|OK|232525299|6:38|288/288|530648|rc=0
BIAS_TK_2B|run_TK_S8P_A_133224|OK|554797545|7:07|695/695|563248|rc=0
BIAS_TK_2B|run_TK_S8P_B_132408|OK|556285934|7:07|697/697|566168|rc=0
M3P36|run_M3pbase_E12O_1_044934|OK|62996902|1:49|78/78|142234|rc=0
M3P36|run_M3pbase_E12O_2_045217|OK|59921934|1:44|74/74|135416|rc=0
M3P36|run_M3pbase_E12O_3_045455|OK|69544603|2:00|86/86|156370|rc=0
M3P36|run_M3pbase_E8P_1_041130|OK|438140677|6:19|549/549|432161|rc=0
M3P36|run_M3pbase_E8P_2_041836|OK|583813056|7:36|732/732|566174|rc=0
M3P36|run_M3pbase_E8P_3_042721|OK|437171613|6:19|548/548|430026|rc=0
M3P36|run_M3pbase_N8P_1_050516|OK|122229903|1:34|154/154|121901|rc=0
M3P36|run_M3pbase_N8P_2_050744|OK|122079085|1:34|153/153|121856|rc=0
M3P36|run_M3pbase_N8P_3_051012|OK|122207221|1:34|154/154|121978|rc=0
M3P36|run_M3pbase_NE8O_1_045749|OK|54846981|1:34|68/68|123304|rc=0
M3P36|run_M3pbase_NE8O_2_050016|OK|57536227|1:40|72/72|129545|rc=0
M3P36|run_M3pbase_NE8O_3_050249|OK|54188152|1:34|67/67|122113|rc=0
M3P36|run_M3pbase_S12P_1_043426|OK|130055086|1:40|163/163|130033|rc=0
M3P36|run_M3pbase_S12P_2_043700|OK|129556174|1:40|163/163|129450|rc=0
M3P36|run_M3pbase_S12P_3_043934|OK|134493118|1:43|169/169|134242|rc=0
M3P36|run_M3pbase_S8O_1_044212|OK|53878602|1:34|67/67|121430|rc=0
M3P36|run_M3pbase_S8O_2_044438|OK|54128313|1:34|67/67|122028|rc=0
M3P36|run_M3pbase_S8O_3_044705|OK|55237311|1:36|69/69|124397|rc=0
M3P36|run_M3pv2_E12O_1_062914|OK|66444580|1:55|83/83|150316|rc=0
M3P36|run_M3pv2_E12O_2_063203|OK|63744368|1:49|79/79|143688|rc=0
M3P36|run_M3pv2_E12O_3_063446|OK|59971533|1:43|75/75|135338|rc=0
M3P36|run_M3pv2_E8P_1_060235|OK|109362501|1:28|138/138|106781|rc=0
M3P36|run_M3pv2_E8P_2_060449|OK|442568526|6:19|555/555|438017|rc=0
M3P36|run_M3pv2_E8P_3_061154|OK|107852297|1:28|136/136|104708|rc=0
M3P36|run_M3pv2_N8P_1_064941|OK|517165435|6:36|648/648|528319|rc=0
M3P36|run_M3pv2_N8P_2_065724|OK|129583489|1:40|163/163|129038|rc=0
M3P36|run_M3pv2_N8P_3_065958|NOBAG|-|-|-|-|ZERO-BAG-NOTE
M3P36|run_M3pv2_NE8O_1_063722|OK|223104815|6:22|276/276|509859|rc=0
M3P36|run_M3pv2_NE8O_2_064447|OK|54117227|1:34|67/67|121953|rc=0
M3P36|run_M3pv2_NE8O_3_064714|OK|54542235|1:34|68/68|122748|rc=0
M3P36|run_M3pv2_S12P_1_061409|OK|136466545|1:45|171/171|135956|rc=0
M3P36|run_M3pv2_S12P_2_061648|OK|126452515|1:37|159/159|126776|rc=0
M3P36|run_M3pv2_S12P_3_061918|OK|121557684|1:33|153/153|121467|rc=0
M3P36|run_M3pv2_S8O_1_062145|OK|54231147|1:34|67/67|122221|rc=0
M3P36|run_M3pv2_S8O_2_062412|OK|54466572|1:34|68/68|122584|rc=0
M3P36|run_M3pv2_S8O_3_062639|OK|58817385|1:42|73/73|132353|rc=0
TOTAL=103
