t,n_points
25.348,0
25.448,0
25.548000000000002,0
25.648,0
25.796,0
25.884,0
25.988,0
26.084,0
26.184,0
26.312,0
26.412,84
26.512,80
26.612,36
26.716,36
26.848,24
26.948,30
27.048,26
27.148,69
27.248,68
27.348,68
27.448,68
27.548000000000002,67
27.652,64
27.748,52
27.848,51
27.948,47
28.048,45
28.148,44
28.248,40
28.348,40
28.448,103
28.552,85
28.648,82
28.748,67
28.848,65
28.948,63
29.048,61
29.148,52
29.248,32
29.348,26
29.448,22
29.548000000000002,89
29.648,66
29.748,53
29.848,45
29.948,42
30.048,19
30.152,19
30.252,32
30.348,29
30.448,27
30.548000000000002,43
30.648,43
30.748,45
30.848,41
30.948,41
31.048,37
31.148,39
31.248,38
31.348,74
31.448,66
31.548000000000002,56
31.652,53
31.748,50
31.848,50
31.98,49
32.112,45
32.188,45
32.284,58
32.384,52
32.512,50
32.584,55
32.712,57
32.788,65
32.912,64
33.012,64
33.084,79
33.184,72
33.316,73
33.448,86
33.58,75
33.692,77
33.812,75
33.912,98
34.012,95
34.112,104
34.184,104
34.296,104
34.412,103
34.512,100
34.592,110
34.688,110
34.788,108
34.912,122
34.984,121
35.112,121
35.184,121
35.292,116
35.412,128
35.484,128
35.584,128
35.712,128
35.812,128
35.912,128
36.012,127
36.084,126
36.212,126
36.312,126
36.416,126
36.548,125
36.648,125
36.748,125
36.848,125
36.948,125
37.048,125
37.148,124
37.248,124
37.352,124
37.48,124
37.612,123
37.688,123
37.82,123
37.948,123
38.08,120
38.192,128
38.292,128
38.412,128
38.512,128
38.612,128
38.688,128
38.812,127
38.884,127
39.0,127
39.112,127
39.212,127
39.288,127
39.412,127
39.488,127
39.612,126
39.712,126
39.812,126
39.912,126
40.012,126
40.092,126
40.212,126
40.312,126
40.412,126
40.512,126
40.612,126
40.692,126
40.784,126
40.9,126
41.012,126
41.112,126
41.184,126
41.284,126
41.4,126
41.512,126
41.584,126
41.692,126
41.812,126
41.912,126
41.984,126
42.116,126
42.248,126
42.348,126
42.448,126
42.552,126
42.648,126
42.748,126
42.848,126
42.948,126
43.088,126
43.212,126
43.312,126
43.388,126
43.512,126
43.592,125
43.696,124
43.812,124
43.888,124
43.988,124
44.084,124
44.212,124
44.312,124
44.412,124
44.512,124
44.584,124
44.716,124
44.848,124
44.948,124
45.048,124
45.148,124
45.252,124
45.348,124
45.448,124
45.548,124
45.648,124
45.748,124
45.852,124
45.948,124
46.048,117
46.148,136
46.248,136
46.348,135
46.448,135
46.548,126
46.648,139
46.748,139
46.848,129
46.956,121
47.048,132
47.148,123
47.248,118
47.348,115
47.448,122
47.548,132
47.68,135
47.788,146
47.888,144
47.984,146
48.084,140
48.184,150
48.284,141
48.412,137
48.488,132
48.584,140
48.712,139
48.792,130
48.888,133
48.984,133
49.104,128
49.22,133
49.348,133
49.448,124
49.548,138
49.652,138
49.784,132
49.884,135
49.984,135
50.092,135
50.184,142
50.284,142
50.384,138
50.484,150
50.616,149
50.752,147
50.848,157
50.948,157
51.048,145
51.148,152
51.248,150
51.348,137
51.448,146
51.548,130
51.68,142
51.784,136
51.888,146
51.984,128
52.084,134
52.188,134
52.284,126
52.388,122
52.484,131
52.612,114
52.696,104
52.784,114
52.892,106
52.988,96
53.084,105
53.184,96
53.284,87
53.392,93
53.484,85
53.584,73
53.688,70
53.784,64
53.884,62
53.996,63
54.084,62
54.184,58
54.284,56
54.42,58
54.548,62
54.68,56
54.788,55
54.884,54
54.992,53
55.084,54
55.192,54
55.292,52
55.388,56
55.484,54
55.596,50
55.688,54
55.788,51
55.888,52
55.984,50
56.084,47
56.212,46
56.292,39
56.388,37
56.512,38
56.588,41
56.684,37
56.788,35
56.888,34
56.988,32
57.088,33
57.192,29
57.284,23
57.388,19
57.484,17
57.588,15
57.692,13
57.828,8
57.948,5
58.048,1
58.18,0
58.284,0
58.384,0
58.484,0
58.6,0
58.692,0
58.784,0
58.884,0
58.992,0
59.084,0
59.192,0
59.288,0
59.388,0
59.488,0
59.588,0
59.684,0
59.788,0
59.884,0
59.992,0
60.084,0
60.184,0
60.284,0
60.392,0
60.484,1
60.588,1
60.696,0
60.784,0
60.892,0
60.984,0
61.084,0
61.184,0
61.284,0
61.388,0
61.512,0
61.584,1
61.696,0
61.784,0
61.912,0
61.988,0
62.084,0
62.192,0
62.288,0
62.384,0
62.484,0
62.588,0
62.688,0
62.792,0
62.884,12
62.984,15
63.092,17
63.224,14
63.348,7
63.448,7
63.548,7
63.648,4
63.748,4
63.848,2
63.948,0
64.048,0
64.148,0
64.248,0
64.348,0
64.448,0
64.548,0
64.68,0
64.824,0
64.948,0
65.032,0
65.148,0
65.248,0
65.348,0
65.448,0
65.584,0
65.684,0
65.812,0
65.912,3
66.012,4
66.092,13
66.212,26
66.312,38
66.412,48
66.512,65
66.612,75
66.712,71
66.784,77
66.912,74
67.012,74
67.116,74
67.252,73
67.336,70
67.448,68
67.548,53
67.648,41
67.748,34
67.848,0
67.948,0
68.048,0
68.148,0
68.248,0
68.348,0
68.448,0
68.548,0
68.648,0
68.748,0
68.848,0
68.948,0
69.048,0
69.148,0
69.248,0
69.348,0
69.448,0
69.548,0
69.68,0
69.812,0
69.916,0
70.048,0
70.148,0
70.248,0
70.384,0
70.512,0
70.612,0
70.712,0
70.812,0
70.912,0
71.012,0
71.112,0
71.212,0
71.312,0
71.412,0
71.512,0
71.616,0
71.748,0
71.848,0
71.948,0
72.048,0
72.148,0
72.248,0
72.38,0
72.488,0
72.612,0
72.712,0
72.784,0
72.912,0
73.012,0
73.084,0
73.216,0
73.348,0
73.428,0
73.548,0
73.648,0
73.748,0
73.848,0
73.98,0
74.112,0
74.212,0
74.284,0
74.412,0
74.512,0
74.616,0
74.748,0
74.848,0
74.948,0
75.052,0
75.148,0
75.248,0
75.348,0
75.448,0
75.58,0
75.712,3
75.812,4
75.884,4
76.016,3
76.148,3
76.248,2
76.348,2
76.448,2
76.548,2
76.648,1
76.748,0
76.848,0
76.948,0
77.048,0
77.12,0
77.248,0
77.348,0
77.448,0
77.58,0
77.68,0
77.812,0
77.912,0
78.012,0
78.112,0
78.212,0
78.284,0
78.412,0
78.512,0
78.612,1
78.712,4
78.816,7
78.948,8
79.048,8
79.148,10
79.252,0
79.348,3
79.448,5
79.548,1
79.648,3
79.748,0
79.848,0
79.948,0
80.048,0
80.148,0
80.248,0
80.348,0
80.448,0
80.548,0
80.648,0
80.78,0
80.912,0
81.012,0
81.112,0
81.212,0
81.312,0
81.412,0
81.516,0
81.616,2
81.748,1
81.88,1
81.98,0
82.112,17
82.212,23
82.312,32
82.412,44
82.512,50
82.612,56
82.712,62
82.812,67
82.912,72
83.012,72
83.116,77
83.252,89
83.348,91
83.448,88
83.548,89
83.648,82
83.748,82
83.848,79
83.948,81
84.048,81
84.148,80
84.248,78
84.348,59
84.448,47
84.548,39
84.648,38
84.748,35
84.848,30
84.948,21
85.048,19
85.148,16
85.248,13
85.348,10
85.448,10
85.548,5
85.648,3
85.748,0
85.848,0
85.948,0
86.048,0
86.148,0
86.28,0
86.412,0
86.512,0
86.612,0
86.712,0
86.812,0
86.912,0
87.012,0
87.112,0
87.212,0
87.312,0
87.412,0
87.512,0
87.612,0
87.716,0
87.816,2
87.948,5
88.048,4
88.148,6
88.248,10
88.352,21
88.452,47
88.58,64
88.716,63
88.848,72
88.948,81
89.048,86
89.148,88
89.28,88
89.412,87
89.512,85
89.612,86
89.712,84
89.816,82
89.952,74
90.048,64
90.148,47
90.248,46
90.348,45
90.448,37
90.548,32
90.648,21
90.748,14
90.848,8
90.948,3
91.048,3
91.148,1
91.252,0
91.348,0
91.452,0
91.548,0
91.648,0
91.748,0
91.848,4
91.98,5
92.112,8
92.212,7
92.316,4
92.448,6
92.548,7
92.648,13
92.748,20
92.88,20
93.012,46
93.112,61
93.212,76
93.312,76
93.412,91
93.512,55
93.612,54
93.712,54
93.812,54
93.912,54
94.012,53
94.112,49
94.212,47
94.312,42
94.412,30
94.512,0
94.612,0
94.712,0
94.812,0
94.912,0
95.012,0
95.116,0
95.216,0
95.348,0
95.448,0
95.548,0
95.648,0
95.748,0
95.848,0
95.948,0
96.048,0
96.124,0
96.248,0
96.348,0
96.448,0
96.548,0
96.648,0
96.748,0
96.848,0
96.948,0
97.048,0
97.148,0
97.248,0
97.348,0
97.48,0
97.616,0
97.748,0
97.848,0
97.98,0
98.116,0
98.248,0
98.348,0
98.448,0
98.548,0
98.652,0
98.78,0
98.912,0
99.012,0
99.112,0
99.212,0
99.312,0
99.408,0
99.512,0
99.612,0
99.684,0
99.812,0
99.912,0
100.012,0
100.112,0
100.212,0
100.312,0
100.412,0
100.512,0
100.612,0
100.712,0
100.812,0
100.912,1
101.012,3
101.112,0
101.212,6
101.312,8
101.412,5
101.512,2
101.612,1
101.712,0
101.812,0
101.912,0
102.016,0
102.116,0
102.248,0
102.348,0
102.452,0
102.548,0
102.656,0
102.752,0
102.848,0
102.948,0
103.048,0
103.148,0
103.248,0
103.348,0
103.448,0
103.548,0
103.648,0
103.748,0
103.848,0
103.948,0
104.048,0
104.148,2
104.248,1
104.38,1
104.48,1
104.612,1
104.712,0
104.812,1
104.912,0
105.012,0
105.112,0
105.184,0
105.312,0
105.416,0
105.548,0
105.68,0
105.812,0
105.884,0
106.012,0
106.112,0
106.212,0
106.316,0
106.412,0
106.512,0
106.612,0
106.716,0
106.816,0
106.948,0
107.048,1
107.148,0
107.248,0
107.348,0
107.448,0
107.548,0
107.648,0
107.748,0
107.856,0
107.98,0
108.112,0
108.184,0
108.312,0
108.412,0
108.512,0
108.612,0
108.716,1
108.812,1
108.912,3
109.012,0
109.112,1
109.212,1
109.312,11
109.412,3
109.512,2
109.612,1
109.712,1
109.812,1
109.912,1
109.984,1
110.112,1
110.212,0
110.312,0
110.416,0
110.548,0
110.648,1
110.748,0
110.848,2
110.948,1
111.048,1
111.18,1
111.316,1
111.448,1
111.548,3
111.648,2
111.748,2
111.848,2
111.948,3
112.048,4
112.148,4
112.248,4
112.348,5
112.448,3
112.548,3
112.648,3
112.748,2
112.848,1
112.948,1
113.048,1
113.148,1
113.248,1
113.348,0
113.448,0
113.548,0
113.648,0
113.748,0
113.848,0
113.952,0
114.048,0
114.148,0
114.248,0
114.348,0
114.452,0
114.58,0
114.712,0
114.812,0
114.9,0
115.012,0
115.084,0
115.212,0
115.312,0
115.412,0
115.484,0
115.612,0
115.712,0
115.812,0
115.912,0
116.012,0
116.112,0
116.212,0
116.312,0
116.412,0
116.484,0
116.584,0
116.716,0
116.848,0
116.948,0
117.048,0
117.152,0
117.248,0
117.348,0
117.448,0
117.548,0
117.648,0
117.748,0
117.852,2
117.952,2
118.048,4
118.148,6
118.248,3
118.348,4
118.452,4
118.548,6
118.648,6
118.748,3
118.88,8
119.016,6
119.148,6
119.248,8
119.348,7
119.448,10
119.548,8
119.648,9
119.748,8
119.848,6
119.98,4
120.112,4
120.212,4
120.312,3
120.412,4
120.512,3
120.612,2
120.712,2
120.812,1
120.912,1
121.012,1
121.112,2
121.212,6
121.312,9
121.412,7
121.512,6
121.612,6
121.716,7
121.848,12
121.948,15
122.048,16
122.148,16
122.28,11
122.412,10
122.516,11
122.648,11
122.748,11
122.852,9
122.952,13
123.048,13
123.152,12
123.248,10
123.348,10
123.448,11
123.548,8
123.648,8
123.752,5
123.848,3
123.952,1
124.052,1
124.148,1
124.28,2
124.416,2
124.512,1
124.612,3
124.712,4
124.784,5
124.912,3
125.012,4
125.112,4
125.212,5
125.312,4
125.412,3
125.512,3
125.612,2
125.716,8
125.848,6
125.948,3
126.048,4
126.148,3
126.248,3
126.348,3
126.448,4
126.548,4
126.652,3
126.748,4
126.852,6
126.948,7
127.052,6
127.148,6
127.248,4
127.348,3
127.448,2
127.548,2
127.68,1
127.812,1
127.912,0
128.012,0
128.112,1
128.212,1
128.312,1
128.412,3
