round,machine,boot,arm,cat,j0_result_txt,j0_total,jump_m,transit_m,jump_frac,n_jump,dominant,n_prop,t2fail,four_green,arrive_old,arrive_new,l3_flag,corrobor
run_DIAGCAUCHY_231757,3090,B1005,SG:guard=1 sane_p=50.0 sane_v=15.0 resume_gap=,中漂移,34.289,34.2888,16.9502,17.3812,0.4937,113,mixed,10862,0,0,4.715,4.715,-,
run_SUPHV3b_001918,3090,B1005,SG:guard=1 sane_p=50.0 sane_v=15.0 resume_gap=,中漂移,3.909,3.9089,0.8032,4.1547,0.162,47,transit,31144,0,0,0.057,0.057,-,
run_SUPHVa_224750,3090,B1005,SG:guard=0 sane_p=1000.0 sane_v=50.0 resume_ga,中漂移,4.73,4.73,0.5942,4.4052,0.1189,6,transit,34821,0,0,0.373,0.373,-,
run_SUPP2A_234133,3090,B1005,SG:guard=1 sane_p=50.0 sane_v=15.0 resume_gap=,中漂移,2.349,2.3487,0.187,2.461,0.0706,3,transit,59642,0,0,3.556,3.556,-,
run_SUPP2Av3_235735,3090,B1005,SG:guard=1 sane_p=50.0 sane_v=15.0 resume_gap=,中漂移,0.823,0.8232,0.0,0.8232,0.0,0,transit,59636,0,0,3.719,3.719,-,
run_SUPP3INJ_000528,3090,B1005,SG:guard=1 sane_p=50.0 sane_v=15.0 resume_gap=,中漂移,2.159,2.1587,0.0,0.9856,0.0,0,transit,57236,0,0,5.096,5.096,-,
run_T2MACH2_011343,3090,B1004,GATE:cost_gate=1 ratio=10.0 n=5 win=20 | min_d,中漂移,2.722,2.722,0.2273,2.6523,0.0789,3,transit,43197,0,0,2.166,2.459,-,
run_T2MACH8_015411,3090,B1004,GATE:cost_gate=1 ratio=10.0 n=5 win=20 | min_d,中漂移,4.188,4.1881,0.6112,3.6693,0.1428,8,transit,83049,0,0,2.171,3.333,-,
run_T2RA13_134733,3090,B1004,SG:guard=1 sane_p=50.0 sane_v=15.0 resume_gap=,中漂移,0.981,0.9809,0.1078,0.9253,0.1043,1,transit,84638,0,0,3.897,3.366,-,
run_T2RA16_141056,3090,B1004,SG:guard=1 sane_p=50.0 sane_v=15.0 resume_gap=,中漂移,8.461,8.4614,1.0041,8.9179,0.1012,41,transit,158664,0,0,3.217,3.393,-,
run_T2RA17hov_142425,3090,B1004,SG:guard=1 sane_p=50.0 sane_v=15.0 resume_gap=,中漂移,0.578,0.5783,0.0,0.5783,0.0,0,transit,43460,0,0,0.746,0.165,-,
run_T2RA19_143516,3090,B1004,SG:guard=1 sane_p=50.0 sane_v=15.0 resume_gap=,中漂移,4.068,4.068,0.954,3.1616,0.2318,9,transit,45375,0,0,3.118,3.311,-,
run_T2RA1_122012,3090,B1004,SG:guard=1 sane_p=50.0 sane_v=15.0 resume_gap=,中漂移,4.081,4.0812,0.7429,3.3746,0.1804,6,transit,44488,0,0,3.922,3.320,-,
run_T2RA21_144657,3090,B1004,SG:guard=1 sane_p=50.0 sane_v=15.0 resume_gap=,中漂移,3.32,3.32,0.6368,2.7875,0.186,6,transit,155543,0,0,3.983,3.084,-,
run_T2RA23hov_151312,3090,B1004,SG:guard=1 sane_p=50.0 sane_v=15.0 resume_gap=,中漂移,0.677,0.6772,0.3302,0.8221,0.2865,7,transit,56201,0,0,0.638,0.087,-,
run_T2RA2_122435,3090,B1004,SG:guard=1 sane_p=50.0 sane_v=15.0 resume_gap=,中漂移,3.832,3.8322,1.2858,2.7662,0.3173,10,transit,84507,0,0,1.906,2.442,-,
run_T2RA4_124434,3090,B1004,SG:guard=1 sane_p=50.0 sane_v=15.0 resume_gap=,中漂移,4.832,4.8319,1.0803,3.7687,0.2228,9,transit,157642,0,0,3.916,3.353,-,
run_T2RA7_125801,3090,B1004,SG:guard=1 sane_p=50.0 sane_v=15.0 resume_gap=,中漂移,54.183,54.1833,3.0264,53.843,0.0532,181,transit,45671,0,0,3.046,2.952,-,
run_T2RA8_130517,3090,B1004,SG:guard=1 sane_p=50.0 sane_v=15.0 resume_gap=,中漂移,3.456,3.4559,2.1115,3.5275,0.3744,30,mixed,84343,0,0,3.846,3.224,-,
run_X2g1_024637,3090,B1004,GATE:cost_gate=0 ratio=10.0 n=5 win=20 | min_d,中漂移,0.809,0.8089,0.3962,0.729,0.3521,3,mixed,63782,0,0,4.512,3.420,-,
run_X3l2a_031040,3090,B1004,GATE:cost_gate=0 ratio=10.0 n=5 win=20 | min_d,中漂移,6.287,6.2871,0.5449,5.7628,0.0864,5,transit,94033,0,0,3.628,3.297,-,
run_health_smoke_2_221729,3090,B1005,SG:guard=0 sane_p=1000.0 sane_v=50.0 resume_ga,中漂移,7.479,7.4788,2.5634,5.9302,0.3018,76,transit,39805,0,0,3.323,3.267,-,
run_T2U4OBS1_031909,"?(无证据行,关机窗)",n/a,GATE:cost_gate=1 ratio=10.0 n=5 win=20 | min_d,中漂移,1.249,1.2489,0.5029,1.5404,0.2461,4,transit,36249,0,0,4.727,4.918,-,
run_E4R2-GOFF-D10-LODOM_100819,NUC,n/a,GATE:cost_gate=0 ratio=10.0 n=5 win=20 | min_d,中漂移,1.892,1.8916,0.0,1.8916,0.0,0,transit,54949,0,0,0.778,0.323,-,重判绿佐证(L3)
run_F3B14_163613,NUC,n/a,GATE:cost_gate=0 ratio=10.0 n=5 win=20 | min_d,中漂移,15.805,15.8045,18.2034,11.1424,0.6203,257,mixed,30381,0,0,0.919,0.317,-,重判绿佐证(L3)
run_T2BL5_203404,NUC,n/a,GATE:cost_gate=1 ratio=10.0 n=5 win=20 | min_d,中漂移,0.664,0.6641,0.0179,0.6525,0.0267,6,transit,52816,0,0,2.008,1.156,-,
run_T2BL7_204325,NUC,n/a,GATE:cost_gate=1 ratio=10.0 n=5 win=20 | min_d,中漂移,64.105,64.1053,21.4464,46.0563,0.3177,178,transit,60675,0,0,0.467,1.810,-,
run_T2BL9_205405,NUC,n/a,GATE:cost_gate=1 ratio=10.0 n=5 win=20 | min_d,中漂移,7.755,7.7549,4.0006,5.9079,0.4038,163,mixed,60344,0,0,1.228,1.345,-,
run_T2ZETA2_132510,NUC,n/a,GATE:cost_gate=1 ratio=10.0 n=5 win=20 | min_d,中漂移,6.141,6.1406,9.425,5.9554,0.6128,340,mixed,67857,0,0,7.846,8.019,-,
run_U3PO_211438,NUC,n/a,legacy(无banner),中漂移,2.603,2.6025,1.9068,2.9652,0.3914,31,mixed,74117,0,0,4.436,4.970,-,
run_X1final_040643,NUC,n/a,GATE:cost_gate=1 ratio=10.0 n=5 win=20 | min_d,中漂移,2.594,2.5942,2.2155,2.5176,0.4681,88,mixed,33587,0,0,4.637,4.941,-,
run_DIAGGUARD2_233403,3090,B1005,SG:guard=1 sane_p=50.0 sane_v=15.0 resume_gap=,净轮,0.418,0.4181,0.0,0.4181,0.0,0,transit,60719,0,0,4.697,4.697,-,
run_T2M0_010259,3090,B1004,GATE:cost_gate=1 ratio=10.0 n=5 win=20 | min_d,净轮,0.09,0.0901,0.2054,0.2788,0.4243,2,mixed,43190,0,0,0.826,0.041,-,重判绿佐证(L3)
run_T2RA12hov_133845,3090,B1004,SG:guard=1 sane_p=50.0 sane_v=15.0 resume_gap=,净轮,0.085,0.0848,0.0,0.0848,0.0,0,transit,44257,0,0,0.797,0.140,-,重判绿佐证(L3)
run_T2RA14_135448,3090,B1004,SG:guard=1 sane_p=50.0 sane_v=15.0 resume_gap=,净轮,0.493,0.4933,0.0,0.4933,0.0,0,transit,82851,0,0,5.159,4.706,-,
run_T2RA5hover_121549,3090,B1004,SG:guard=1 sane_p=50.0 sane_v=15.0 resume_gap=,净轮,0.232,0.2319,0.0,0.2319,0.0,0,transit,44362,0,0,0.76,0.173,-,重判绿佐证(L3)
run_VRG1_025100,3090,B1006,SG:guard=1 sane_p=50.0 sane_v=15.0 resume_gap=,净轮,0.137,0.137,0.0,0.137,0.0,0,transit,19931,0,1,0.277,,,
run_X2g3_025529,3090,B1004,GATE:cost_gate=0 ratio=10.0 n=5 win=20 | min_d,净轮,0.092,0.0918,0.1111,0.1987,0.3585,1,mixed,44506,0,0,0.849,0.035,-,重判绿佐证(L3)
run_VRFY2_040542,?,n/a,SG:guard=1 sane_p=50.0 sane_v=15.0 resume_gap=,净轮,,0.1003,0.0,0.1003,0.0,0,transit,19723,0,,,,,
run_F3B3_042444,"?(无证据行,关机窗)",n/a,GATE:cost_gate=1 ratio=10.0 n=5 win=20 | min_d,净轮,,0.059,0.0,0.059,0.0,0,transit,7372,0,,,,,
run_F3B4_043658,"?(无证据行,关机窗)",n/a,GATE:cost_gate=1 ratio=10.0 n=5 win=20 | min_d,净轮,,0.0363,0.0,0.0363,0.0,0,negligible,7254,0,,,,,
run_E4R2-GOFF-D10_095056,NUC,n/a,GATE:cost_gate=0 ratio=10.0 n=5 win=20 | min_d,净轮,0.057,0.0566,0.0,0.0566,0.0,0,transit,38497,0,0,0.786,0.086,-,重判绿佐证(L3)
run_E4R2-GOFF-D30-I125_103836,NUC,n/a,GATE:cost_gate=0 ratio=10.0 n=5 win=20 | min_d,净轮,0.016,0.0162,0.0,0.0162,0.0,0,negligible,7754,0,0,0.936,0.343,-,重判绿佐证(L3)
run_E4R2-GOFF-D30_102511,NUC,n/a,GATE:cost_gate=0 ratio=10.0 n=5 win=20 | min_d,净轮,0.118,0.1181,0.0,0.1181,0.0,0,transit,38364,0,0,0.779,0.109,-,重判绿佐证(L3)
run_E4R2-GOFF-D60_103420,NUC,n/a,GATE:cost_gate=0 ratio=10.0 n=5 win=20 | min_d,净轮,0.031,0.0306,0.0,0.0306,0.0,0,negligible,38724,0,0,0.682,0.128,-,
run_E4R2-GON-D10_095654,NUC,n/a,GATE:cost_gate=0 ratio=10.0 n=5 win=20 | min_d,净轮,0.122,0.1221,0.0,0.1221,0.0,0,transit,38392,0,0,0.847,0.113,-,重判绿佐证(L3)
run_E4R2-REGRESS_104334,NUC,n/a,GATE:cost_gate=0 ratio=10.0 n=5 win=20 | min_d,净轮,0.142,0.1421,0.0,0.1421,0.0,0,transit,38575,0,0,0.609,0.074,-,
run_F3B2_035213,NUC,n/a,GATE:cost_gate=1 ratio=10.0 n=5 win=20 | min_d,净轮,0.123,0.1227,0.0,0.1227,0.0,0,transit,38072,0,0,0.851,0.051,-,重判绿佐证(L3)
run_F3B8_094417,NUC,n/a,GATE:cost_gate=1 ratio=10.0 n=5 win=20 | min_d,净轮,0.026,0.0262,0.0,0.0262,0.0,0,negligible,26947,0,0,0.964,0.312,-,重判绿佐证(L3)
run_U7OL2_202043,NUC,n/a,legacy(无banner),净轮,0.392,0.3917,0.0,0.3917,0.0,0,transit,38557,0,0,0.708,0.016,-,
run_SUPHV2a_230310,3090,B1005,SG:guard=1 sane_p=50.0 sane_v=15.0 resume_gap=,风暴,0.371,0.3708,0.0,0.3708,0.0,0,transit,580,216,0,161.397,161.397,-,
run_SUPHV2b_230920,3090,B1005,SG:guard=1 sane_p=50.0 sane_v=15.0 resume_gap=,风暴,10.503,10.5028,6.5432,13.8383,0.321,26,transit,5287,154,0,3.016,3.016,-,
run_SUPHV3a_001611,3090,B1005,SG:guard=1 sane_p=50.0 sane_v=15.0 resume_gap=,风暴,0.907,0.9073,0.0,1.3454,0.0,0,transit,30495,1,0,0.286,0.286,-,
run_SUPP2Av2_235010,3090,B1005,SG:guard=1 sane_p=50.0 sane_v=15.0 resume_gap=,风暴,2.429,2.429,44.2879,42.1317,0.5125,189,mixed,55346,2,0,4.851,4.851,-,
run_SUPX1b_224122,3090,B1005,SG:guard=0 sane_p=1000.0 sane_v=50.0 resume_ga,风暴,6.816,6.8162,542.3791,206.3013,0.7244,9548,jump,69173,11,0,1.846,1.846,-,
run_T2MACH10_020846,3090,B1004,GATE:cost_gate=1 ratio=10.0 n=5 win=20 | min_d,风暴,16.759,16.7593,114.2055,115.1952,0.4978,5624,mixed,81751,1,0,3.543,3.374,-,
run_T2MACH11_021559,3090,B1004,GATE:cost_gate=1 ratio=10.0 n=5 win=20 | min_d,风暴,4.176,4.1762,112.7872,105.6612,0.5163,4608,mixed,81013,2,0,2.031,2.803,-,
run_T2MACH12_022312,3090,B1004,GATE:cost_gate=1 ratio=10.0 n=5 win=20 | min_d,风暴,9.297,9.2966,98.0927,86.1143,0.5325,2170,mixed,81058,1,0,3.596,3.243,-,
run_T2MACH1_010832,3090,B1004,GATE:cost_gate=1 ratio=10.0 n=5 win=20 | min_d,风暴,4.702,4.7015,128.8177,126.6098,0.5043,6979,mixed,53264,2,0,3.707,3.185,-,
run_T2MACH3_011804,3090,B1004,GATE:cost_gate=1 ratio=10.0 n=5 win=20 | min_d,风暴,0.008,0.0076,0.0,0.0076,0.0,0,negligible,78947,1,0,8.026,6.953,-,
run_T2MACH4_012523,3090,B1004,GATE:cost_gate=1 ratio=10.0 n=5 win=20 | min_d,风暴,13.074,13.0736,143.6938,137.4102,0.5112,7403,mixed,81256,2,0,2.089,2.824,-,
run_T2MACH5_013233,3090,B1004,GATE:cost_gate=1 ratio=10.0 n=5 win=20 | min_d,风暴,2.997,2.9968,226.526,223.8521,0.503,5768,mixed,79946,1,0,5.388,4.648,-,
run_T2MACH6_013944,3090,B1004,GATE:cost_gate=1 ratio=10.0 n=5 win=20 | min_d,风暴,65.172,65.1725,34.3501,77.3655,0.3075,1005,transit,81302,2,0,0.673,0.960,-,
run_T2MACH7_014657,3090,B1004,GATE:cost_gate=1 ratio=10.0 n=5 win=20 | min_d,风暴,5.992,5.9919,148.5384,151.5205,0.495,7185,mixed,81909,2,0,2.777,2.644,-,
run_T2MACH9_020133,3090,B1004,GATE:cost_gate=1 ratio=10.0 n=5 win=20 | min_d,风暴,964.675,964.6754,493.3616,471.3623,0.5114,1567,mixed,83745,1,0,3.513,3.261,-,
run_T2RA10_132515,3090,B1004,SG:guard=1 sane_p=50.0 sane_v=15.0 resume_gap=,风暴,2.408,2.4082,44.5804,44.5499,0.5002,890,mixed,117874,4,0,5.004,4.665,-,
run_T2RA15_140205,3090,B1004,SG:guard=1 sane_p=50.0 sane_v=15.0 resume_gap=,风暴,6.569,6.569,5.1271,8.9552,0.3641,53,mixed,105646,1,0,3.344,3.288,-,
run_T2RA20_143940,3090,B1004,SG:guard=1 sane_p=50.0 sane_v=15.0 resume_gap=,风暴,3.352,3.3519,29.0879,28.4928,0.5052,129,mixed,76228,2,0,3.389,3.219,-,
run_T2RA22_145941,3090,B1004,SG:guard=1 sane_p=50.0 sane_v=15.0 resume_gap=,风暴,5.324,5.324,30.1737,33.3182,0.4752,113,mixed,149454,1,0,5.707,4.891,-,
run_T2RA3_123151,3090,B1004,SG:guard=1 sane_p=50.0 sane_v=15.0 resume_gap=,风暴,5.049,5.0493,246.7233,29.8132,0.8922,1484,jump,135434,2,0,3.507,3.258,-,
run_T2RA9_131232,3090,B1004,SG:guard=1 sane_p=50.0 sane_v=15.0 resume_gap=,风暴,21.203,21.2032,12.69,3.8548,0.767,287,jump,148388,1,0,5.341,4.554,-,
run_T3U1V_023428,3090,B1004,GATE:cost_gate=0 ratio=10.0 n=5 win=20 | min_d,风暴,6.469,6.4686,234.561,230.3677,0.5045,11479,mixed,82436,2,0,0.791,0.583,-,重判绿佐证(L3)
run_X2g4_030233,3090,B1004,GATE:cost_gate=0 ratio=10.0 n=5 win=20 | min_d,风暴,3.92,3.9204,67.5398,57.9638,0.5382,2539,mixed,64078,1,0,2.346,1.433,-,
run_X3l2b_032653,3090,B1004,GATE:cost_gate=0 ratio=10.0 n=5 win=20 | min_d,风暴,368.155,368.155,226.5238,146.7324,0.6069,4619,mixed,91525,1,0,4.031,3.207,-,
run_health_smoke_1_220521,3090,B1005,SG:guard=0 sane_p=1000.0 sane_v=50.0 resume_ga,风暴,4.252,4.2524,478.986,58.0377,0.8919,1960,jump,64438,3,0,4.54,3.404,-,
run_F3B16_191620,3090(推定:boot窗),B1004,GATE:cost_gate=0 ratio=10.0 n=5 win=20 | min_d,风暴,,1.3863,0.1446,0.3699,0.281,1,transit,9776,1,,,,,
run_SUPX2a_225543,3090(推定:boot窗),B1005,SG:guard=1 sane_p=50.0 sane_v=15.0 resume_gap=,风暴,,3.9487,0.0,0.3676,0.0,0,transit,1348,73,,,,,
run_SUPX2b_230005,3090(推定:boot窗),B1005,SG:guard=1 sane_p=50.0 sane_v=15.0 resume_gap=,风暴,,3.3657,0.0,0.345,0.0,0,transit,990,52,,,,,
run_T2BL1_201552,3090(推定:boot窗),B1004,GATE:cost_gate=1 ratio=10.0 n=5 win=20 | min_d,风暴,,11.2646,36.8508,24.412,0.6015,714,mixed,6852,1,,,,,
run_T2BL3_202549,3090(推定:boot窗),B1004,GATE:cost_gate=1 ratio=10.0 n=5 win=20 | min_d,风暴,,1.5719,7.5259,7.5184,0.5002,166,mixed,10509,1,,,,,
run_T2BL6_203956,3090(推定:boot窗),B1004,GATE:cost_gate=1 ratio=10.0 n=5 win=20 | min_d,风暴,,26.654,129.52,105.0674,0.5521,3528,mixed,33375,3,,,,,
run_T2BL8_204921,3090(推定:boot窗),B1004,GATE:cost_gate=1 ratio=10.0 n=5 win=20 | min_d,风暴,,35.6292,21.1386,39.3326,0.3496,567,mixed,28120,3,,,4715774.989,-,
run_VRFY1_023908,3090(推定:boot窗),B1006,SG:guard=1 sane_p=50.0 sane_v=15.0 resume_gap=,风暴,,5.3647,0.0,0.2365,0.0,0,transit,4050,110,,,,,
run_F3B10_154733,"?(无证据行,关机窗)",n/a,GATE:cost_gate=0 ratio=10.0 n=5 win=20 | min_d,风暴,,630.689,472.9698,298.2332,0.6133,4774,mixed,22019,4,,,4715810.751,-,
run_F3B11_155643,"?(无证据行,关机窗)",n/a,GATE:cost_gate=0 ratio=10.0 n=5 win=20 | min_d,风暴,,2.2413,1.4694,1.6127,0.4768,18,mixed,10851,1,,,4715812.806,-,
run_F3B13_161000,"?(无证据行,关机窗)",n/a,GATE:cost_gate=0 ratio=10.0 n=5 win=20 | min_d,风暴,,3.1235,52.4382,41.8136,0.5564,766,mixed,23074,2,,,5758242.616,-,
run_F3B5_092608,"?(无证据行,关机窗)",n/a,GATE:cost_gate=1 ratio=10.0 n=5 win=20 | min_d,风暴,,29.5284,241.3467,244.5196,0.4967,2685,mixed,20291,9,,,,,
run_F3B7_093720,"?(无证据行,关机窗)",n/a,GATE:cost_gate=1 ratio=10.0 n=5 win=20 | min_d,风暴,,10.6922,215.6827,205.6978,0.5118,3175,mixed,24857,1,,,,,
run_F3B9_094909,"?(无证据行,关机窗)",n/a,GATE:cost_gate=1 ratio=10.0 n=5 win=20 | min_d,风暴,,25.0048,36.629,13.0192,0.7378,1607,jump,22770,3,,,,,
run_T2ZETA4_135544,"?(无证据行,关机窗)",n/a,GATE:cost_gate=0 ratio=10.0 n=5 win=20 | min_d,风暴,,1.6391,1.6904,1.2612,0.5727,17,mixed,16073,1,,,4715817.497,-,
run_T2ZETACTL2_134622,"?(无证据行,关机窗)",n/a,GATE:cost_gate=1 ratio=10.0 n=5 win=20 | min_d,风暴,,2.0214,1.3024,0.8903,0.594,60,mixed,8451,1,,,4715811.859,-,
run_X1final_043355,"?(无证据行,关机窗)",n/a,X-line(gates-config canonical),风暴,102.704,102.704,0.9958,0.9402,0.5143,2757,mixed,20590,1,,,8.090,-,
run_X1final_104720,"?(无证据行,关机窗)",n/a,X-line(gates-config canonical),风暴,57.484,57.4838,32.4627,26.3657,0.5518,155,mixed,2246,1,0,43.06,43.060,-,
run_E4R2-GON-D30_101723,NUC,n/a,GATE:cost_gate=0 ratio=10.0 n=5 win=20 | min_d,风暴,10.156,10.1559,9.0358,8.7274,0.5087,163,mixed,53562,3,0,1.0,9.575,-,
run_E4_GOFF_D10_193039,NUC,n/a,legacy(无banner),风暴,25.481,25.4806,4.8981,20.6543,0.1917,40,transit,2340,1,0,1.948,1.956,-,
run_E4_GOFF_D10_R2_194927,NUC,n/a,legacy(无banner),风暴,8.711,8.7107,0.1581,8.562,0.0181,1,transit,1889,1,0,10.633,10.642,-,
run_F3-P1B_095639,NUC,n/a,GATE:cost_gate=1 ratio=10.0 n=5 win=20 | min_d,风暴,45.12,45.1202,919.2404,897.0431,0.5061,10339,mixed,62076,18,0,0.998,7.747,-,
run_F3B12_160420,NUC,n/a,GATE:cost_gate=0 ratio=10.0 n=5 win=20 | min_d,风暴,336.447,336.4471,314.3477,197.0137,0.6147,8179,mixed,43651,16,0,23.238,106.095,-,
run_F3B15_190535,NUC,n/a,GATE:cost_gate=0 ratio=10.0 n=5 win=20 | min_d,风暴,29.07,29.0701,30.6614,5.1095,0.8572,6305,jump,46197,1,0,8.188,9.921,-,
run_F3B6_093203,NUC,n/a,GATE:cost_gate=1 ratio=10.0 n=5 win=20 | min_d,风暴,15.692,15.6918,13.4496,7.3607,0.6463,1918,mixed,34121,1,0,0.571,0.117,-,
run_T2BL2_201729,NUC,n/a,GATE:cost_gate=1 ratio=10.0 n=5 win=20 | min_d,风暴,417.626,417.6259,150.1311,509.9344,0.2274,17187,transit,82887,12,0,8.263,16.726,-,
run_T2BL4_202722,NUC,n/a,GATE:cost_gate=1 ratio=10.0 n=5 win=20 | min_d,风暴,116.22,116.2197,304.0856,238.0634,0.5609,20024,mixed,65744,14,0,7.434,86.606,-,
run_T2U4OBS1r_032512,NUC,n/a,GATE:cost_gate=1 ratio=10.0 n=5 win=20 | min_d,风暴,7.465,7.4646,217.5295,218.8492,0.4985,10228,mixed,72564,2,0,3.476,3.214,-,
run_T2U4OBS2_033232,NUC,n/a,GATE:cost_gate=1 ratio=10.0 n=5 win=20 | min_d,风暴,3.931,3.9314,70.5846,65.8586,0.5173,5866,mixed,72291,1,0,4.692,4.954,-,
run_T2ZETA1_131820,NUC,n/a,GATE:cost_gate=1 ratio=10.0 n=5 win=20 | min_d,风暴,2.225,2.2253,2.045,1.5291,0.5722,15,mixed,53790,2,0,8.144,8.723,-,
run_T2ZETA3_133227,NUC,n/a,GATE:cost_gate=1 ratio=10.0 n=5 win=20 | min_d,风暴,55.155,55.1547,52.9634,4.5457,0.921,100,jump,55182,1,0,8.151,8.999,-,
run_T2ZETA5_140137,NUC,n/a,GATE:cost_gate=0 ratio=10.0 n=5 win=20 | min_d,风暴,7.466,7.4659,8.5493,4.1561,0.6729,75,jump,66440,4,0,8.124,8.662,-,
run_U25FIX_035839,NUC,n/a,GATE:cost_gate=1 ratio=10.0 n=5 win=20 | min_d,风暴,1.937,1.9372,0.0,0.1698,0.0,0,transit,53715,1,0,1.0,2.207,-,
run_U7OL1_195920,NUC,n/a,legacy(无banner),风暴,609.775,609.7745,552.911,58.2848,0.9046,3520,jump,14574,1,0,4.366,4.901,-,
run_X1final_101627,NUC,n/a,X-line(gates-config canonical),风暴,471.179,471.1789,454.3701,19.2018,0.9595,6805,jump,26428,1,0,5.137,4.679,-,
run_X1final_105449,NUC,n/a,X-line(gates-config canonical),风暴,890.535,890.5347,520.6636,372.6956,0.5828,3366,mixed,16077,1,0,8.435,8.679,-,
run_X1final_172424,NUC,n/a,X-line(gates-config canonical),风暴,6.042,6.042,5.6842,3.599,0.6123,54,mixed,1860,1,0,11.314,11.314,-,
run_X2g1_041203,NUC,n/a,GATE:cost_gate=1 ratio=10.0 n=5 win=20 | min_d,风暴,0.674,0.674,1.1342,1.1901,0.488,30,mixed,55768,7,0,8.124,8.399,-,
