grid,round,tag,j0,four_green,t2fail,verdict,arrive,disarm,iqg_rejects
E8P,1,M3RE8P_1,NA,0,,FAIL,NA,0,0
E8P,2,M3RE8P_2,NA,0,,FAIL,NA,0,69
E8P,3,M3RE8P_3,NA,0,,FAIL,NA,0,0
S12P,1,M3RS12P_1,0.724,0,,FAIL,0.086,1,7
S12P,2,M3RS12P_2,0.223,1,,PASS,0.147,1,16
S12P,3,M3RS12P_3,4.322,0,,FAIL,0.097,1,0
S8O,1,M3RS8O_1,0.999,0,,FAIL,0.079,1,83
S8O,2,M3RS8O_2,0.083,1,,PASS,0.222,1,5
S8O,3,M3RS8O_3,0.263,0,,FAIL,5.895,1,0
E12O,1,M3RE12O_1,1.153,0,,FAIL,0.133,1,0
E12O,2,M3RE12O_2,0.121,1,,PASS,0.214,1,1
E12O,3,M3RE12O_3,0.141,1,,PASS,0.349,1,0
NE8O,1,M3RNE8O_1,0.070,1,,PASS,0.052,1,0
NE8O,2,M3RNE8O_2,0.150,1,,PASS,0.158,1,0
NE8O,3,M3RNE8O_3,4.279,0,,FAIL,0.066,1,10
N8P,1,M3RN8P_1,0.110,0,,FAIL,8.214,1,13
N8P,2,M3RN8P_2,0.169,0,,FAIL,7.834,1,253
N8P,3,M3RN8P_3,2.163,0,,FAIL,0.172,1,0
