cell,round,tag,verdict,jump,arrive,disarm,iqg_rejects
E8P,1,M3pv2_E8P_1,FAIL,NA,NA,0,0
0
E8P,2,M3pv2_E8P_2,FAIL,NA,NA,0,12
E8P,3,M3pv2_E8P_3,FAIL,NA,NA,0,0
0
S12P,1,M3pv2_S12P_1,FAIL,1.672,0.328,1,18
S12P,2,M3pv2_S12P_2,PASS,0.071,0.035,1,42
S12P,3,M3pv2_S12P_3,PASS,0.341,0.355,1,5
S8O,1,M3pv2_S8O_1,PASS,0.071,0.103,1,27
S8O,2,M3pv2_S8O_2,PASS,0.132,0.075,1,0
0
S8O,3,M3pv2_S8O_3,PASS,0.206,0.054,1,137
E12O,1,M3pv2_E12O_1,PASS,0.298,0.461,1,0
0
E12O,2,M3pv2_E12O_2,PASS,0.228,0.376,1,0
0
E12O,3,M3pv2_E12O_3,PASS,0.261,0.384,1,2
NE8O,1,M3pv2_NE8O_1,FAIL,0.058,9.784,1,52
NE8O,2,M3pv2_NE8O_2,PASS,0.215,0.244,1,1
NE8O,3,M3pv2_NE8O_3,PASS,0.094,0.129,1,0
0
N8P,1,M3pv2_N8P_1,FAIL,3.942,8.358,1,3
N8P,2,M3pv2_N8P_2,FAIL,1.221,0.072,1,4
N8P,3,M3pv2_N8P_3,NO-RESULT,NA,NA,NA,0
