tag,src,arm,op,delta,rep,material,alive,j0_end,elim_endstart,maxjump,jump_t,njumps,form_verdict,credit
3ARM_A_MA_d+10_r1_ta_3ARM_A_MA_d+10_r1_edited,T1,A,MA,+10,1,MA,1,0.0143,未消除(跳变族11事件复现; 终态0.0143m<1m 仅口径①面),55.041,104.5,11,改变形态✓(时刻偏移93.3s>2s✓+幅值变36%>30%✓),弱实锤(改变形态)
3ARM_A_MA_d+10_r2_ta_3ARM_A_MA_d+10_r2_edited,T1,A,MA,+10,2,MA,1,0.0143,未消除(跳变族11事件复现; 终态0.0143m<1m 仅口径①面),55.041,104.5,11,改变形态✓(时刻偏移93.3s>2s✓+幅值变36%>30%✓),弱实锤(改变形态)
3ARM_A_MA_d+20_r1_ta_3ARM_A_MA_d+20_r1_edited,T1,A,MA,+20,1,MA,1,0.0143,未消除(跳变族11事件复现; 终态0.0143m<1m 仅口径①面),55.041,104.5,11,改变形态✓(时刻偏移93.3s>2s✓+幅值变36%>30%✓),弱实锤(改变形态)
3ARM_A_MA_d+20_r2_ta_3ARM_A_MA_d+20_r2_edited,T1,A,MA,+20,2,MA,1,0.0143,未消除(跳变族11事件复现; 终态0.0143m<1m 仅口径①面),55.041,104.5,11,改变形态✓(时刻偏移93.3s>2s✓+幅值变36%>30%✓),弱实锤(改变形态)
3ARM_A_MA_d+2_r1_ta_3ARM_A_MA_d+2_r1_edited,T1,A,MA,+2,1,MA,1,0.0917,未消除(跳变族1633事件复现; 终态0.0917m<1m 仅口径①面),82.398,197.9,1633,"形态未变(dt=0.1s, dA=4%)",无作用
3ARM_A_MA_d+2_r2_ta_3ARM_A_MA_d+2_r2_edited,T1,A,MA,+2,2,MA,1,0.0143,未消除(跳变族1498事件复现; 终态0.0143m<1m 仅口径①面),85.950,197.9,1498,"形态未变(dt=0.1s, dA=0%)",无作用
3ARM_A_MA_d+5_r1_ta_3ARM_A_MA_d+5_r1_edited,T1,A,MA,+5,1,MA,1,0.0143,未消除(跳变族11事件复现; 终态0.0143m<1m 仅口径①面),55.041,104.5,11,改变形态✓(时刻偏移93.3s>2s✓+幅值变36%>30%✓),弱实锤(改变形态)
3ARM_A_MA_d+5_r2_ta_3ARM_A_MA_d+5_r2_edited,T1,A,MA,+5,2,MA,1,0.0143,未消除(跳变族11事件复现; 终态0.0143m<1m 仅口径①面),55.041,104.5,11,改变形态✓(时刻偏移93.3s>2s✓+幅值变36%>30%✓),弱实锤(改变形态)
3ARM_A_MA_d-10_r1_ta_3ARM_A_MA_d-10_r1_edited,T1,A,MA,-10,1,MA,1,0.0143,未消除(跳变族11事件复现; 终态0.0143m<1m 仅口径①面),55.041,104.5,11,改变形态✓(时刻偏移93.3s>2s✓+幅值变36%>30%✓),弱实锤(改变形态)
3ARM_A_MA_d-10_r2_ta_3ARM_A_MA_d-10_r2_edited,T1,A,MA,-10,2,MA,1,0.0143,未消除(跳变族11事件复现; 终态0.0143m<1m 仅口径①面),55.041,104.5,11,改变形态✓(时刻偏移93.3s>2s✓+幅值变36%>30%✓),弱实锤(改变形态)
3ARM_A_MA_d-20_r1_ta_3ARM_A_MA_d-20_r1_edited,T1,A,MA,-20,1,MA,1,0.0143,未消除(跳变族11事件复现; 终态0.0143m<1m 仅口径①面),55.041,104.5,11,改变形态✓(时刻偏移93.3s>2s✓+幅值变36%>30%✓),弱实锤(改变形态)
3ARM_A_MA_d-20_r2_ta_3ARM_A_MA_d-20_r2_edited,T1,A,MA,-20,2,MA,1,0.0143,未消除(跳变族11事件复现; 终态0.0143m<1m 仅口径①面),55.041,104.5,11,改变形态✓(时刻偏移93.3s>2s✓+幅值变36%>30%✓),弱实锤(改变形态)
3ARM_A_MA_d-2_r1_ta_3ARM_A_MA_d-2_r1_edited,T1,A,MA,-2,1,MA,1,0.0366,未消除(跳变族2350事件复现; 终态0.0366m<1m 仅口径①面),79.754,197.7,2350,"形态未变(dt=0.2s, dA=7%)",无作用
3ARM_A_MA_d-2_r2_ta_3ARM_A_MA_d-2_r2_edited,T1,A,MA,-2,2,MA,1,0.0276,未消除(跳变族2717事件复现; 终态0.0276m<1m 仅口径①面),82.829,197.8,2717,"形态未变(dt=0.0s, dA=3%)",无作用
3ARM_A_MA_d-5_r1_ta_3ARM_A_MA_d-5_r1_edited,T1,A,MA,-5,1,MA,1,0.0143,未消除(跳变族11事件复现; 终态0.0143m<1m 仅口径①面),55.041,104.5,11,改变形态✓(时刻偏移93.3s>2s✓+幅值变36%>30%✓),弱实锤(改变形态)
3ARM_A_MA_d-5_r2_ta_3ARM_A_MA_d-5_r2_edited,T1,A,MA,-5,2,MA,1,0.0143,未消除(跳变族11事件复现; 终态0.0143m<1m 仅口径①面),55.041,104.5,11,改变形态✓(时刻偏移93.3s>2s✓+幅值变36%>30%✓),弱实锤(改变形态)
3ARM_A_MA_d0_r1_ta_3ARM_A_MA_d0_r1_edited,T1,A,MA,0,1,MA,1,0.0158,未消除(跳变族2486事件复现; 终态0.0158m<1m 仅口径①面),82.183,197.2,2486,"形态未变(dt=0.7s, dA=4%)",无作用
3ARM_A_MA_d0_r2_ta_3ARM_A_MA_d0_r2_edited,T1,A,MA,0,2,MA,1,0.3323,未消除(跳变族1690事件复现; 终态0.3323m<1m 仅口径①面),84.988,197.9,1690,"形态未变(dt=0.1s, dA=1%)",无作用
3ARM_A_MB_d+10_r1_ta_3ARM_A_MB_d+10_r1_edited,T1,A,MB,+10,1,MB,1,4.5351,未消除(0 事件但终态4.5351m≥1m——慢漂族带),0.770,328.1,0,n/a(慢漂族),无作用
3ARM_A_MB_d+10_r2_ta_3ARM_A_MB_d+10_r2_edited,T1,A,MB,+10,2,MB,1,4.5351,未消除(0 事件但终态4.5351m≥1m——慢漂族带),0.770,328.1,0,n/a(慢漂族),无作用
3ARM_A_MB_d-10_r1_ta_3ARM_A_MB_d-10_r1_edited,T1,A,MB,-10,1,MB,1,4.5351,未消除(0 事件但终态4.5351m≥1m——慢漂族带),0.770,328.1,0,n/a(慢漂族),无作用
3ARM_A_MB_d-10_r2_ta_3ARM_A_MB_d-10_r2_edited,T1,A,MB,-10,2,MB,1,4.5351,未消除(0 事件但终态4.5351m≥1m——慢漂族带),0.770,328.1,0,n/a(慢漂族),无作用
3ARM_A_MB_d0_r1_ta_3ARM_A_MB_d0_r1_edited,T1,A,MB,0,1,MB,1,4.5079,未消除(0 事件但终态4.5079m≥1m——慢漂族带),0.944,328.1,0,n/a(慢漂族),无作用
3ARM_A_MB_d0_r2_ta_3ARM_A_MB_d0_r2_edited,T1,A,MB,0,2,MB,1,4.5922,未消除(0 事件但终态4.5922m≥1m——慢漂族带),1.323,23.2,0,n/a(慢漂族),无作用
3ARM_B_drop10_r1,T2,B,drop10,,1,MA,0,NA,NA,,,NA,NA,登记
3ARM_B_drop3_r1,T2,B,drop3,,1,MA,0,NA,NA,,,NA,NA,登记
3ARM_base_MA_r1,T1,base,MA,,,MA,0,0.8508,消除✓(终态0.8508m<1m ∧ 0 事件),2.834,7.7,0,改变形态✓(时刻偏移190.2s>2s✓+幅值变97%>30%✓),登记
3ARM_base_MA_r1b,T1,base,MA,,,MA,1,0.0115,未消除(跳变族2034事件复现; 终态0.0115m<1m 仅口径①面),85.611,197.8,2034,"形态未变(dt=0.0s, dA=0%)",登记
3ARM_base_MA_r2,T1,base,MA,,,MA,1,0.0300,未消除(跳变族1808事件复现; 终态0.0300m<1m 仅口径①面),85.846,197.9,1808,"形态未变(dt=0.1s, dA=0%)",登记
3ARM_base_MB_r1,T1,base,MB,,,MB,1,4.5462,未消除(0 事件但终态4.5462m≥1m——慢漂族带),0.740,328.1,0,n/a(慢漂族),登记
3ARM_base_MB_r2,T1,base,MB,,,MB,1,4.4719,未消除(0 事件但终态4.4719m≥1m——慢漂族带),0.823,328.1,0,n/a(慢漂族),登记
