drift,odom_x,odom_y,odom_z,poscmd_vm,poscmd_x,poscmd_y,poscmd_z,t_rel,truth_x,truth_y,truth_z
,,,,,,,,0.0,1.01,0.98,0.1
0.012,-0.0,-0.01,-0.0,,,,,1.0,1.01,0.98,0.1
0.012,-0.0,-0.0,0.0,,,,,2.0,1.01,0.98,0.1
0.01,-0.0,-0.0,0.0,,,,,3.0,1.01,0.98,0.1
0.009,-0.0,-0.0,0.0,,,,,4.0,1.01,0.98,0.1
0.006,0.0,-0.01,0.0,,,,,5.0,1.01,0.98,0.1
0.005,0.0,-0.01,0.0,,,,,6.0,1.01,0.98,0.1
0.006,0.0,-0.01,0.0,,,,,7.0,1.01,0.98,0.1
0.006,0.0,-0.01,0.01,,,,,8.0,1.01,0.98,0.1
0.006,0.01,-0.01,0.0,,,,,9.0,1.01,0.98,0.1
0.004,0.01,-0.0,0.01,,,,,10.0,1.01,0.98,0.1
0.004,0.0,-0.0,0.01,,,,,11.0,1.01,0.98,0.1
0.004,0.0,-0.0,0.0,,,,,12.0,1.01,0.98,0.1
0.003,0.01,-0.0,0.0,,,,,13.0,1.01,0.98,0.1
0.001,0.01,-0.0,0.0,,,,,14.0,1.01,0.98,0.1
0.019,0.01,-0.02,0.0,,,,,15.0,1.01,0.98,0.1
0.002,0.01,-0.0,0.0,,,,,16.0,1.01,0.98,0.1
0.024,0.01,-0.03,0.0,,,,,17.0,1.01,0.98,0.1
0.012,0.01,-0.01,0.0,,,,,18.0,1.01,0.98,0.1
0.007,0.01,-0.01,0.0,,,,,19.0,1.01,0.98,0.1
0.005,0.01,-0.01,0.0,,,,,20.0,1.01,0.98,0.1
0.001,0.01,-0.0,0.0,,,,,21.0,1.01,0.98,0.1
0.004,0.01,-0.0,0.0,,,,,22.0,1.01,0.98,0.1
0.001,0.01,-0.0,0.0,,,,,23.0,1.01,0.98,0.1
0.002,0.01,-0.0,0.0,,,,,24.0,1.01,0.98,0.1
0.007,0.01,0.0,0.0,,,,,25.0,1.01,0.98,0.1
0.006,0.01,-0.01,0.0,,,,,26.0,1.01,0.98,0.1
0.009,0.01,-0.01,-0.0,,,,,27.0,1.01,0.98,0.1
0.01,0.01,-0.01,-0.0,,,,,28.0,1.01,0.98,0.1
0.001,0.01,-0.0,0.0,,,,,29.0,1.01,0.98,0.1
0.002,0.01,-0.0,0.0,,,,,30.0,1.01,0.98,0.1
0.005,0.01,0.0,0.0,,,,,31.0,1.01,0.98,0.1
0.006,0.01,0.0,0.01,,,,,32.0,1.01,0.98,0.1
0.129,0.02,-0.24,0.19,,,,,33.0,1.01,0.85,0.21
0.083,0.08,-0.5,0.56,,,,,34.0,1.13,0.46,0.6
0.129,0.38,-0.59,0.9,,,,,35.0,1.48,0.36,0.92
0.154,0.72,-0.72,0.77,,,,,36.0,1.82,0.23,0.76
0.167,0.81,-0.73,0.69,,,,,37.0,1.92,0.23,0.66
0.16,0.79,-0.69,0.69,,,,,38.0,1.9,0.26,0.68
0.154,0.74,-0.67,0.71,,,,,39.0,1.84,0.28,0.71
0.153,0.72,-0.67,0.73,,,,,40.0,1.83,0.28,0.72
0.154,0.71,-0.67,0.73,,,,,41.0,1.82,0.29,0.73
0.153,0.71,-0.65,0.72,,,,,42.0,1.82,0.31,0.72
0.15,0.71,-0.65,0.72,,,,,43.0,1.82,0.31,0.72
0.153,0.72,-0.66,0.73,,,,,44.0,1.83,0.29,0.72
0.156,0.73,-0.67,0.73,,,,,45.0,1.85,0.29,0.72
0.155,0.73,-0.66,0.72,,,,,46.0,1.85,0.29,0.72
0.156,0.73,-0.66,0.73,,,,,47.0,1.85,0.3,0.72
0.156,0.73,-0.66,0.72,,,,,48.0,1.85,0.3,0.72
0.153,0.73,-0.65,0.72,,,,,49.0,1.84,0.31,0.71
0.153,0.74,-0.65,0.72,,,,,50.0,1.85,0.3,0.72
0.154,0.73,-0.66,0.73,,,,,51.0,1.84,0.3,0.72
0.155,0.72,-0.66,0.73,,,,,52.0,1.84,0.3,0.73
0.155,0.73,-0.66,0.73,,,,,53.0,1.84,0.3,0.72
0.155,0.73,-0.65,0.73,,,,,54.0,1.84,0.3,0.72
0.156,0.73,-0.65,0.73,,,,,55.0,1.84,0.31,0.72
0.153,0.73,-0.65,0.72,,,,,56.0,1.84,0.31,0.72
0.155,0.73,-0.65,0.72,,,,,57.0,1.84,0.3,0.72
0.154,0.73,-0.65,0.72,,,,,58.0,1.84,0.3,0.72
0.155,0.73,-0.66,0.72,,,,,59.0,1.84,0.3,0.72
0.154,0.73,-0.66,0.72,,,,,60.0,1.84,0.3,0.72
0.153,0.73,-0.65,0.72,,,,,61.0,1.84,0.3,0.72
0.154,0.73,-0.66,0.72,,,,,62.0,1.84,0.3,0.72
0.155,0.72,-0.66,0.72,,,,,63.0,1.84,0.3,0.72
0.155,0.72,-0.66,0.73,,,,,64.0,1.84,0.29,0.72
0.154,0.73,-0.66,0.72,,,,,65.0,1.84,0.3,0.72
0.154,0.72,-0.66,0.72,,,,,66.0,1.84,0.3,0.72
0.154,0.73,-0.66,0.72,,,,,67.0,1.84,0.3,0.72
0.155,0.73,-0.66,0.72,,,,,68.0,1.84,0.3,0.72
0.148,0.8,-0.72,0.73,0.119,0.75,-0.67,0.72,69.0,1.89,0.28,0.72
0.15,1.23,-0.86,0.74,0.466,0.99,-0.83,0.76,70.0,2.34,0.11,0.73
0.157,1.65,-1.18,0.81,0.649,1.46,-1.16,0.83,71.0,2.74,-0.21,0.78
0.178,2.07,-1.5,0.89,0.655,2.0,-1.55,0.91,72.0,3.16,-0.53,0.83
0.189,2.55,-1.82,0.94,0.569,2.53,-1.88,0.98,73.0,3.64,-0.84,0.88
0.318,2.72,-1.73,1.13,0.0,2.98,-2.0,1.0,74.0,3.76,-0.8,0.92
0.521,2.29,-1.62,1.04,0.0,2.98,-2.0,1.0,75.0,3.7,-0.92,1.01
0.257,2.68,-1.97,1.05,0.0,2.98,-2.0,1.0,76.0,3.8,-1.16,0.99
0.549,2.62,-1.65,0.54,0.0,2.98,-2.0,1.0,77.0,3.75,-1.02,1.04
0.299,2.48,-2.06,1.11,0.0,2.98,-2.0,1.0,78.0,3.77,-1.09,1.27
1.756,1.31,-2.43,0.49,0.0,2.98,-2.0,1.0,79.0,3.76,-0.86,1.39
2.172,0.64,-0.92,1.5,0.486,2.82,-1.98,1.0,80.0,3.75,-0.41,1.36
3.22,-0.01,0.35,0.49,0.483,2.39,-1.75,0.98,81.0,3.77,-0.19,1.18
4.786,-2.27,4.23,-0.66,0.478,2.15,-1.46,0.96,82.0,2.71,2.63,0.11
6.399,-2.43,7.0,-2.13,0.412,2.14,-1.18,0.91,83.0,3.28,4.35,0.32
5.165,0.91,4.82,-1.1,0.729,2.64,-1.64,0.94,84.0,5.82,3.29,1.28
13.506,-3.55,12.44,-1.1,0.0,3.0,-2.0,1.0,85.0,6.06,3.43,1.92
7.194,2.51,4.74,-3.91,0.0,3.0,-2.0,1.0,86.0,8.39,2.23,0.17
12.877,6.0,1.75,-12.79,0.0,3.0,-2.0,1.0,87.0,8.37,2.25,0.1
22.284,9.9,-2.11,-21.88,0.0,3.0,-2.0,1.0,88.0,8.37,2.25,0.1
33.384,14.42,-7.04,-31.55,0.0,3.0,-2.0,1.0,89.0,8.37,2.25,0.1
44.177,18.87,-12.29,-40.44,0.0,3.0,-2.0,1.0,90.0,8.37,2.25,0.1
56.633,24.14,-18.84,-50.21,0.0,3.0,-2.0,1.0,91.0,8.37,2.25,0.1
69.063,29.57,-25.79,-59.53,0.0,3.0,-2.0,1.0,92.0,8.37,2.25,0.1
83.244,35.75,-34.16,-69.77,0.0,3.0,-2.0,1.0,93.0,8.37,2.25,0.1
97.048,41.91,-42.67,-79.33,0.0,3.0,-2.0,1.0,94.0,8.37,2.25,0.1
111.736,48.6,-52.06,-89.11,0.0,3.0,-2.0,1.0,95.0,8.37,2.25,0.1
126.968,55.2,-61.98,-99.15,0.0,3.0,-2.0,1.0,96.0,8.37,2.25,0.1
136.073,61.2,-66.7,-104.87,0.0,3.0,-2.0,1.0,97.0,8.37,2.25,0.1
135.979,65.05,-63.24,-104.89,0.0,3.0,-2.0,1.0,98.0,8.37,2.25,0.1
135.941,68.58,-59.69,-104.96,0.0,3.0,-2.0,1.0,99.0,8.37,2.25,0.1
135.923,71.12,-56.79,-105.07,0.0,3.0,-2.0,1.0,100.0,8.37,2.25,0.1
135.907,73.92,-53.14,-105.26,0.0,3.0,-2.0,1.0,101.0,8.37,2.25,0.1
135.877,76.45,-49.01,-105.65,0.0,3.0,-2.0,1.0,102.0,8.37,2.25,0.1
135.889,78.72,-44.74,-106.1,0.0,3.0,-2.0,1.0,103.0,8.37,2.25,0.1
135.922,80.73,-39.97,-106.73,0.0,3.0,-2.0,1.0,104.0,8.37,2.25,0.1
274.055,121.09,-15.02,-248.81,0.0,3.0,-2.0,1.0,105.0,8.37,2.25,0.1
274.05,121.08,-15.01,-248.81,0.0,3.0,-2.0,1.0,106.0,8.37,2.25,0.1
274.045,121.08,-15.0,-248.8,0.0,3.0,-2.0,1.0,107.0,8.37,2.25,0.1
274.031,121.05,-14.99,-248.8,0.0,3.0,-2.0,1.0,108.0,8.37,2.25,0.1
274.029,121.05,-14.99,-248.8,0.0,3.0,-2.0,1.0,109.0,8.37,2.25,0.1
274.031,121.05,-14.98,-248.8,0.0,3.0,-2.0,1.0,110.0,8.37,2.25,0.1
274.021,121.03,-14.98,-248.8,0.0,3.0,-2.0,1.0,111.0,8.37,2.25,0.1
274.002,121.01,-14.96,-248.79,0.0,3.0,-2.0,1.0,112.0,8.37,2.25,0.1
273.986,120.98,-14.95,-248.79,0.0,3.0,-2.0,1.0,113.0,8.37,2.25,0.1
274.002,121.0,-14.96,-248.79,0.0,3.0,-2.0,1.0,114.0,8.37,2.25,0.1
274.003,121.0,-14.96,-248.79,0.0,3.0,-2.0,1.0,115.0,8.37,2.25,0.1
273.998,120.99,-14.96,-248.79,0.0,3.0,-2.0,1.0,116.0,8.37,2.25,0.1
274.001,121.0,-14.96,-248.79,0.0,3.0,-2.0,1.0,117.0,8.37,2.25,0.1
273.999,120.99,-14.96,-248.79,0.0,3.0,-2.0,1.0,118.0,8.37,2.25,0.1
273.996,120.99,-14.95,-248.79,0.0,3.0,-2.0,1.0,119.0,8.37,2.25,0.1
273.993,120.99,-14.95,-248.79,0.0,3.0,-2.0,1.0,120.0,8.37,2.25,0.1
273.994,120.99,-14.95,-248.79,0.0,3.0,-2.0,1.0,121.0,8.37,2.25,0.1
273.99,120.98,-14.95,-248.79,0.0,3.0,-2.0,1.0,122.0,8.37,2.25,0.1
273.988,120.98,-14.94,-248.79,0.0,3.0,-2.0,1.0,123.0,8.37,2.25,0.1
273.988,120.98,-14.95,-248.79,0.0,3.0,-2.0,1.0,124.0,8.37,2.25,0.1
273.983,120.97,-14.94,-248.79,0.0,3.0,-2.0,1.0,125.0,8.37,2.25,0.1
273.96,120.93,-14.93,-248.78,0.0,3.0,-2.0,1.0,126.0,8.37,2.25,0.1
273.96,120.93,-14.93,-248.78,0.0,3.0,-2.0,1.0,127.0,8.37,2.25,0.1
273.957,120.92,-14.93,-248.78,0.0,3.0,-2.0,1.0,128.0,8.37,2.25,0.1
273.963,120.93,-14.93,-248.79,0.0,3.0,-2.0,1.0,129.0,8.37,2.25,0.1
273.961,120.92,-14.93,-248.79,0.0,3.0,-2.0,1.0,130.0,8.37,2.25,0.1
273.938,120.89,-14.92,-248.78,0.0,3.0,-2.0,1.0,131.0,8.37,2.25,0.1
273.96,120.92,-14.93,-248.79,0.0,3.0,-2.0,1.0,132.0,8.37,2.25,0.1
273.947,120.9,-14.92,-248.78,0.0,3.0,-2.0,1.0,133.0,8.37,2.25,0.1
273.936,120.88,-14.91,-248.78,0.0,3.0,-2.0,1.0,134.0,8.37,2.25,0.1
273.938,120.88,-14.91,-248.78,0.0,3.0,-2.0,1.0,135.0,8.37,2.25,0.1
273.938,120.88,-14.91,-248.78,0.0,3.0,-2.0,1.0,136.0,8.37,2.25,0.1
273.933,120.87,-14.91,-248.78,0.0,3.0,-2.0,1.0,137.0,8.37,2.25,0.1
273.93,120.87,-14.9,-248.78,0.0,3.0,-2.0,1.0,138.0,8.37,2.25,0.1
273.928,120.86,-14.9,-248.78,0.0,3.0,-2.0,1.0,139.0,8.37,2.25,0.1
273.978,120.97,-14.91,-248.79,0.0,3.0,-2.0,1.0,140.0,8.37,2.25,0.1
273.954,120.92,-14.88,-248.78,0.0,3.0,-2.0,1.0,141.0,8.37,2.25,0.1
273.974,120.96,-14.91,-248.79,0.0,3.0,-2.0,1.0,142.0,8.37,2.25,0.1
273.957,120.93,-14.89,-248.78,0.0,3.0,-2.0,1.0,143.0,8.37,2.25,0.1
273.965,120.94,-14.9,-248.78,0.0,3.0,-2.0,1.0,144.0,8.37,2.25,0.1
273.972,120.96,-14.91,-248.78,0.0,3.0,-2.0,1.0,145.0,8.37,2.25,0.1
273.949,120.92,-14.88,-248.78,0.0,3.0,-2.0,1.0,146.0,8.37,2.25,0.1
273.965,120.94,-14.9,-248.78,0.0,3.0,-2.0,1.0,147.0,8.37,2.25,0.1
273.966,120.95,-14.9,-248.78,0.0,3.0,-2.0,1.0,148.0,8.37,2.25,0.1
273.952,120.92,-14.9,-248.78,0.0,3.0,-2.0,1.0,149.0,8.37,2.25,0.1
273.92,120.85,-14.86,-248.78,0.0,3.0,-2.0,1.0,150.0,8.37,2.25,0.1
273.917,120.85,-14.87,-248.78,0.0,3.0,-2.0,1.0,151.0,8.37,2.25,0.1
273.912,120.84,-14.86,-248.78,0.0,3.0,-2.0,1.0,152.0,8.37,2.25,0.1
273.916,120.84,-14.87,-248.78,0.0,3.0,-2.0,1.0,153.0,8.37,2.25,0.1
273.891,120.79,-14.85,-248.78,0.0,3.0,-2.0,1.0,154.0,8.37,2.25,0.1
273.918,120.85,-14.87,-248.78,0.0,3.0,-2.0,1.0,155.0,8.37,2.25,0.1
273.863,120.73,-14.84,-248.77,0.0,3.0,-2.0,1.0,156.0,8.37,2.25,0.1
273.853,120.71,-14.83,-248.77,0.0,3.0,-2.0,1.0,157.0,8.37,2.25,0.1
273.868,120.74,-14.84,-248.77,0.0,3.0,-2.0,1.0,158.0,8.37,2.25,0.1
273.935,120.89,-14.88,-248.78,0.0,3.0,-2.0,1.0,159.0,8.37,2.25,0.1
273.974,120.97,-14.9,-248.78,0.0,3.0,-2.0,1.0,160.0,8.37,2.25,0.1
273.96,120.94,-14.88,-248.78,0.0,3.0,-2.0,1.0,161.0,8.37,2.25,0.1
273.962,120.94,-14.88,-248.78,0.0,3.0,-2.0,1.0,162.0,8.37,2.25,0.1
273.961,120.94,-14.87,-248.78,0.0,3.0,-2.0,1.0,163.0,8.37,2.25,0.1
273.962,120.94,-14.87,-248.79,0.0,3.0,-2.0,1.0,164.0,8.37,2.25,0.1
273.964,120.94,-14.87,-248.79,0.0,3.0,-2.0,1.0,165.0,8.37,2.25,0.1
273.961,120.94,-14.88,-248.78,0.0,3.0,-2.0,1.0,166.0,8.37,2.25,0.1
273.965,120.94,-14.88,-248.79,0.0,3.0,-2.0,1.0,167.0,8.37,2.25,0.1
273.958,120.93,-14.87,-248.78,0.0,3.0,-2.0,1.0,168.0,8.37,2.25,0.1
273.961,120.93,-14.87,-248.78,0.0,3.0,-2.0,1.0,169.0,8.37,2.25,0.1
273.961,120.94,-14.87,-248.78,0.0,3.0,-2.0,1.0,170.0,8.37,2.25,0.1
273.959,120.94,-14.87,-248.78,0.0,3.0,-2.0,1.0,171.0,8.37,2.25,0.1
273.96,120.95,-14.87,-248.78,0.0,3.0,-2.0,1.0,172.0,8.37,2.25,0.1
273.962,120.94,-14.87,-248.78,0.0,3.0,-2.0,1.0,173.0,8.37,2.25,0.1
273.956,120.93,-14.86,-248.78,0.0,3.0,-2.0,1.0,174.0,8.37,2.25,0.1
273.955,120.93,-14.85,-248.78,0.0,3.0,-2.0,1.0,175.0,8.37,2.25,0.1
273.954,120.93,-14.85,-248.78,0.0,3.0,-2.0,1.0,176.0,8.37,2.25,0.1
273.956,120.94,-14.84,-248.78,0.0,3.0,-2.0,1.0,177.0,8.37,2.25,0.1
273.954,120.93,-14.83,-248.78,0.0,3.0,-2.0,1.0,178.0,8.37,2.25,0.1
273.952,120.93,-14.84,-248.78,0.0,3.0,-2.0,1.0,179.0,8.37,2.25,0.1
273.952,120.93,-14.84,-248.78,0.0,3.0,-2.0,1.0,180.0,8.37,2.25,0.1
273.949,120.92,-14.84,-248.78,0.0,3.0,-2.0,1.0,181.0,8.37,2.25,0.1
273.946,120.92,-14.83,-248.78,0.0,3.0,-2.0,1.0,182.0,8.37,2.25,0.1
273.935,120.9,-14.81,-248.78,0.0,3.0,-2.0,1.0,183.0,8.37,2.25,0.1
273.945,120.92,-14.82,-248.78,0.0,3.0,-2.0,1.0,184.0,8.37,2.25,0.1
273.95,120.93,-14.84,-248.78,0.0,3.0,-2.0,1.0,185.0,8.37,2.25,0.1
273.953,120.94,-14.85,-248.78,0.0,3.0,-2.0,1.0,186.0,8.37,2.25,0.1
273.956,120.93,-14.85,-248.78,0.0,3.0,-2.0,1.0,187.0,8.37,2.25,0.1
273.958,120.93,-14.85,-248.78,0.0,3.0,-2.0,1.0,188.0,8.37,2.25,0.1
273.96,120.94,-14.86,-248.78,0.0,3.0,-2.0,1.0,189.0,8.37,2.25,0.1
273.953,120.93,-14.84,-248.78,0.0,3.0,-2.0,1.0,190.0,8.37,2.25,0.1
273.95,120.93,-14.85,-248.78,0.0,3.0,-2.0,1.0,191.0,8.37,2.25,0.1
273.955,120.94,-14.85,-248.78,0.0,3.0,-2.0,1.0,192.0,8.37,2.25,0.1
273.951,120.93,-14.84,-248.78,0.0,3.0,-2.0,1.0,193.0,8.37,2.25,0.1
273.953,120.93,-14.86,-248.78,0.0,3.0,-2.0,1.0,194.0,8.37,2.25,0.1
273.938,120.9,-14.83,-248.78,0.0,3.0,-2.0,1.0,195.0,8.37,2.25,0.1
273.938,120.9,-14.83,-248.78,0.0,3.0,-2.0,1.0,196.0,8.37,2.25,0.1
273.936,120.9,-14.83,-248.78,0.0,3.0,-2.0,1.0,197.0,8.37,2.25,0.1
273.936,120.9,-14.83,-248.78,0.0,3.0,-2.0,1.0,198.0,8.37,2.25,0.1
273.931,120.89,-14.82,-248.78,0.0,3.0,-2.0,1.0,199.0,8.37,2.25,0.1
273.932,120.89,-14.82,-248.78,0.0,3.0,-2.0,1.0,200.0,8.37,2.25,0.1
273.932,120.9,-14.8,-248.77,0.0,3.0,-2.0,1.0,201.0,8.37,2.25,0.1
273.938,120.91,-14.8,-248.78,0.0,3.0,-2.0,1.0,202.0,8.37,2.25,0.1
273.936,120.9,-14.8,-248.78,0.0,3.0,-2.0,1.0,203.0,8.37,2.25,0.1
273.928,120.9,-14.79,-248.77,0.0,3.0,-2.0,1.0,204.0,8.37,2.25,0.1
273.935,120.91,-14.79,-248.77,0.0,3.0,-2.0,1.0,205.0,8.37,2.25,0.1
273.925,120.9,-14.79,-248.77,0.0,3.0,-2.0,1.0,206.0,8.37,2.25,0.1
273.925,120.9,-14.79,-248.77,0.0,3.0,-2.0,1.0,207.0,8.37,2.25,0.1
273.925,120.89,-14.78,-248.77,0.0,3.0,-2.0,1.0,208.0,8.37,2.25,0.1
273.925,120.9,-14.79,-248.77,0.0,3.0,-2.0,1.0,209.0,8.37,2.25,0.1
273.937,120.89,-14.78,-248.78,0.0,3.0,-2.0,1.0,210.0,8.37,2.25,0.1
273.935,120.92,-14.77,-248.77,0.0,3.0,-2.0,1.0,211.0,8.37,2.25,0.1
273.931,120.9,-14.77,-248.77,0.0,3.0,-2.0,1.0,212.0,8.37,2.25,0.1
273.923,120.89,-14.79,-248.77,0.0,3.0,-2.0,1.0,213.0,8.37,2.25,0.1
273.927,120.89,-14.78,-248.77,0.0,3.0,-2.0,1.0,214.0,8.37,2.25,0.1
273.92,120.89,-14.78,-248.77,0.0,3.0,-2.0,1.0,215.0,8.37,2.25,0.1
273.931,120.92,-14.75,-248.77,0.0,3.0,-2.0,1.0,216.0,8.37,2.25,0.1
273.935,120.94,-14.73,-248.76,0.0,3.0,-2.0,1.0,217.0,8.37,2.25,0.1
273.905,120.88,-14.74,-248.76,0.0,3.0,-2.0,1.0,218.0,8.37,2.25,0.1
273.913,120.89,-14.73,-248.76,0.0,3.0,-2.0,1.0,219.0,8.37,2.25,0.1
273.915,120.89,-14.72,-248.76,0.0,3.0,-2.0,1.0,220.0,8.37,2.25,0.1
273.903,120.88,-14.72,-248.76,0.0,3.0,-2.0,1.0,221.0,8.37,2.25,0.1
273.905,120.91,-14.73,-248.74,0.0,3.0,-2.0,1.0,222.0,8.37,2.25,0.1
273.921,120.92,-14.7,-248.76,0.0,3.0,-2.0,1.0,223.0,8.37,2.25,0.1
273.904,120.89,-14.72,-248.75,0.0,3.0,-2.0,1.0,224.0,8.37,2.25,0.1
273.898,120.9,-14.71,-248.74,0.0,3.0,-2.0,1.0,225.0,8.37,2.25,0.1
273.897,120.9,-14.71,-248.74,0.0,3.0,-2.0,1.0,226.0,8.37,2.25,0.1
273.922,120.93,-14.68,-248.76,0.0,3.0,-2.0,1.0,227.0,8.37,2.25,0.1
273.874,120.85,-14.67,-248.74,0.0,3.0,-2.0,1.0,228.0,8.37,2.25,0.1
273.884,120.88,-14.69,-248.74,0.0,3.0,-2.0,1.0,229.0,8.37,2.25,0.1
273.91,120.9,-14.69,-248.76,0.0,3.0,-2.0,1.0,230.0,8.37,2.25,0.1
273.982,120.98,-14.66,-248.8,0.0,3.0,-2.0,1.0,231.0,8.37,2.25,0.1
273.932,120.97,-14.66,-248.75,0.0,3.0,-2.0,1.0,232.0,8.37,2.25,0.1
273.965,121.0,-14.67,-248.77,0.0,3.0,-2.0,1.0,233.0,8.37,2.25,0.1
273.935,120.98,-14.69,-248.75,0.0,3.0,-2.0,1.0,234.0,8.37,2.25,0.1
273.998,121.0,-14.68,-248.81,0.0,3.0,-2.0,1.0,235.0,8.37,2.25,0.1
273.957,120.98,-14.69,-248.77,0.0,3.0,-2.0,1.0,236.0,8.37,2.25,0.1
273.961,120.96,-14.72,-248.78,0.0,3.0,-2.0,1.0,237.0,8.37,2.25,0.1
273.961,120.95,-14.73,-248.79,0.0,3.0,-2.0,1.0,238.0,8.37,2.25,0.1
273.938,120.94,-14.75,-248.77,0.0,3.0,-2.0,1.0,239.0,8.37,2.25,0.1
273.955,120.95,-14.72,-248.78,0.0,3.0,-2.0,1.0,240.0,8.37,2.25,0.1
273.96,120.96,-14.71,-248.78,0.0,3.0,-2.0,1.0,241.0,8.37,2.25,0.1
273.948,120.95,-14.72,-248.78,0.0,3.0,-2.0,1.0,242.0,8.37,2.25,0.1
273.956,120.96,-14.7,-248.78,0.0,3.0,-2.0,1.0,243.0,8.37,2.25,0.1
273.957,120.96,-14.7,-248.78,0.0,3.0,-2.0,1.0,244.0,8.37,2.25,0.1
273.959,120.96,-14.68,-248.79,0.0,3.0,-2.0,1.0,245.0,8.37,2.25,0.1
273.943,120.95,-14.7,-248.77,0.0,3.0,-2.0,1.0,246.0,8.37,2.25,0.1
273.957,120.93,-14.68,-248.79,0.0,3.0,-2.0,1.0,247.0,8.37,2.25,0.1
273.931,120.93,-14.69,-248.76,0.0,3.0,-2.0,1.0,248.0,8.37,2.25,0.1
273.932,120.93,-14.69,-248.77,0.0,3.0,-2.0,1.0,249.0,8.37,2.25,0.1
273.951,120.95,-14.71,-248.78,0.0,3.0,-2.0,1.0,250.0,8.37,2.25,0.1
273.942,120.95,-14.68,-248.77,0.0,3.0,-2.0,1.0,251.0,8.37,2.25,0.1
273.941,120.96,-14.68,-248.77,0.0,3.0,-2.0,1.0,252.0,8.37,2.25,0.1
273.939,120.93,-14.66,-248.78,0.0,3.0,-2.0,1.0,253.0,8.37,2.25,0.1
273.963,120.97,-14.69,-248.78,0.0,3.0,-2.0,1.0,254.0,8.37,2.25,0.1
273.945,120.96,-14.68,-248.77,0.0,3.0,-2.0,1.0,255.0,8.37,2.25,0.1
273.96,120.96,-14.64,-248.79,0.0,3.0,-2.0,1.0,256.0,8.37,2.25,0.1
273.975,120.99,-14.72,-248.78,0.0,3.0,-2.0,1.0,257.0,8.37,2.25,0.1
273.99,120.98,-14.71,-248.81,0.0,3.0,-2.0,1.0,258.0,8.37,2.25,0.1
273.996,120.99,-14.69,-248.81,0.0,3.0,-2.0,1.0,259.0,8.37,2.25,0.1
273.993,120.99,-14.7,-248.81,0.0,3.0,-2.0,1.0,260.0,8.37,2.25,0.1
273.986,120.99,-14.7,-248.8,0.0,3.0,-2.0,1.0,261.0,8.37,2.25,0.1
273.987,120.99,-14.69,-248.8,0.0,3.0,-2.0,1.0,262.0,8.37,2.25,0.1
273.992,120.99,-14.7,-248.81,0.0,3.0,-2.0,1.0,263.0,8.37,2.25,0.1
273.992,120.99,-14.71,-248.81,0.0,3.0,-2.0,1.0,264.0,8.37,2.25,0.1
273.987,120.99,-14.7,-248.8,0.0,3.0,-2.0,1.0,265.0,8.37,2.25,0.1
273.983,120.98,-14.71,-248.8,0.0,3.0,-2.0,1.0,266.0,8.37,2.25,0.1
273.981,120.98,-14.71,-248.8,0.0,3.0,-2.0,1.0,267.0,8.37,2.25,0.1
273.986,121.0,-14.7,-248.8,0.0,3.0,-2.0,1.0,268.0,8.37,2.25,0.1
274.002,121.01,-14.7,-248.81,0.0,3.0,-2.0,1.0,269.0,8.37,2.25,0.1
273.986,120.99,-14.69,-248.8,0.0,3.0,-2.0,1.0,270.0,8.37,2.25,0.1
273.987,120.99,-14.7,-248.8,0.0,3.0,-2.0,1.0,271.0,8.37,2.25,0.1
273.983,120.98,-14.7,-248.8,0.0,3.0,-2.0,1.0,272.0,8.37,2.25,0.1
273.997,121.0,-14.7,-248.81,0.0,3.0,-2.0,1.0,273.0,8.37,2.25,0.1
273.997,121.01,-14.64,-248.81,0.0,3.0,-2.0,1.0,274.0,8.37,2.25,0.1
273.987,120.99,-14.68,-248.8,0.0,3.0,-2.0,1.0,275.0,8.37,2.25,0.1
273.994,121.01,-14.73,-248.79,0.0,3.0,-2.0,1.0,276.0,8.37,2.25,0.1
273.995,121.01,-14.68,-248.8,0.0,3.0,-2.0,1.0,277.0,8.37,2.25,0.1
273.985,120.97,-14.65,-248.81,0.0,3.0,-2.0,1.0,278.0,8.37,2.25,0.1
273.985,121.0,-14.69,-248.79,0.0,3.0,-2.0,1.0,279.0,8.37,2.25,0.1
273.988,120.99,-14.68,-248.8,0.0,3.0,-2.0,1.0,280.0,8.37,2.25,0.1
274.001,121.0,-14.7,-248.81,0.0,3.0,-2.0,1.0,281.0,8.37,2.25,0.1
273.995,121.01,-14.69,-248.8,0.0,3.0,-2.0,1.0,282.0,8.37,2.25,0.1
274.002,121.01,-14.69,-248.81,0.0,3.0,-2.0,1.0,283.0,8.37,2.25,0.1
273.995,121.01,-14.68,-248.8,0.0,3.0,-2.0,1.0,284.0,8.37,2.25,0.1
274.012,121.03,-14.68,-248.81,0.0,3.0,-2.0,1.0,285.0,8.37,2.25,0.1
273.992,121.0,-14.7,-248.8,0.0,3.0,-2.0,1.0,286.0,8.37,2.25,0.1
273.992,120.99,-14.71,-248.8,0.0,3.0,-2.0,1.0,287.0,8.37,2.25,0.1
273.992,121.01,-14.69,-248.8,0.0,3.0,-2.0,1.0,288.0,8.37,2.25,0.1
273.993,121.0,-14.69,-248.8,0.0,3.0,-2.0,1.0,289.0,8.37,2.25,0.1
273.981,121.0,-14.68,-248.79,0.0,3.0,-2.0,1.0,290.0,8.37,2.25,0.1
274.007,121.03,-14.67,-248.8,0.0,3.0,-2.0,1.0,291.0,8.37,2.25,0.1
273.981,120.98,-14.65,-248.8,0.0,3.0,-2.0,1.0,292.0,8.37,2.25,0.1
273.986,121.01,-14.66,-248.79,0.0,3.0,-2.0,1.0,293.0,8.37,2.25,0.1
274.001,121.02,-14.62,-248.81,0.0,3.0,-2.0,1.0,294.0,8.37,2.25,0.1
274.006,121.02,-14.61,-248.81,0.0,3.0,-2.0,1.0,295.0,8.37,2.25,0.1
273.992,121.0,-14.63,-248.81,0.0,3.0,-2.0,1.0,296.0,8.37,2.25,0.1
273.983,121.01,-14.65,-248.79,0.0,3.0,-2.0,1.0,297.0,8.37,2.25,0.1
273.993,121.0,-14.62,-248.81,0.0,3.0,-2.0,1.0,298.0,8.37,2.25,0.1
273.969,121.0,-14.65,-248.78,0.0,3.0,-2.0,1.0,299.0,8.37,2.25,0.1
273.99,121.0,-14.62,-248.8,0.0,3.0,-2.0,1.0,300.0,8.37,2.25,0.1
273.989,121.01,-14.63,-248.8,0.0,3.0,-2.0,1.0,301.0,8.37,2.25,0.1
273.985,121.0,-14.71,-248.79,0.0,3.0,-2.0,1.0,302.0,8.37,2.25,0.1
273.987,121.01,-14.65,-248.79,0.0,3.0,-2.0,1.0,303.0,8.37,2.25,0.1
273.999,121.01,-14.59,-248.81,0.0,3.0,-2.0,1.0,304.0,8.37,2.25,0.1
273.983,121.01,-14.67,-248.79,0.0,3.0,-2.0,1.0,305.0,8.37,2.25,0.1
273.988,121.02,-14.65,-248.79,0.0,3.0,-2.0,1.0,306.0,8.37,2.25,0.1
273.991,121.02,-14.64,-248.79,0.0,3.0,-2.0,1.0,307.0,8.37,2.25,0.1
273.992,121.03,-14.63,-248.79,0.0,3.0,-2.0,1.0,308.0,8.37,2.25,0.1
273.993,121.03,-14.64,-248.79,0.0,3.0,-2.0,1.0,309.0,8.37,2.25,0.1
273.991,121.03,-14.62,-248.79,0.0,3.0,-2.0,1.0,310.0,8.37,2.25,0.1
273.984,121.03,-14.63,-248.78,0.0,3.0,-2.0,1.0,311.0,8.37,2.25,0.1
273.984,121.03,-14.62,-248.78,0.0,3.0,-2.0,1.0,312.0,8.37,2.25,0.1
273.979,121.02,-14.61,-248.78,0.0,3.0,-2.0,1.0,313.0,8.37,2.25,0.1
273.986,121.01,-14.58,-248.8,0.0,3.0,-2.0,1.0,314.0,8.37,2.25,0.1
273.975,121.01,-14.6,-248.79,0.0,3.0,-2.0,1.0,315.0,8.37,2.25,0.1
273.989,121.02,-14.58,-248.79,0.0,3.0,-2.0,1.0,316.0,8.37,2.25,0.1
273.988,121.01,-14.58,-248.8,0.0,3.0,-2.0,1.0,317.0,8.37,2.25,0.1
273.98,121.0,-14.59,-248.79,0.0,3.0,-2.0,1.0,318.0,8.37,2.25,0.1
273.983,121.0,-14.58,-248.8,0.0,3.0,-2.0,1.0,319.0,8.37,2.25,0.1
273.973,120.99,-14.6,-248.79,0.0,3.0,-2.0,1.0,320.0,8.37,2.25,0.1
273.994,121.01,-14.63,-248.8,0.0,3.0,-2.0,1.0,321.0,8.37,2.25,0.1
273.995,121.02,-14.62,-248.8,0.0,3.0,-2.0,1.0,322.0,8.37,2.25,0.1
274.009,121.03,-14.57,-248.81,0.0,3.0,-2.0,1.0,323.0,8.37,2.25,0.1
273.992,121.02,-14.64,-248.79,0.0,3.0,-2.0,1.0,324.0,8.37,2.25,0.1
273.994,120.99,-14.59,-248.81,0.0,3.0,-2.0,1.0,325.0,8.37,2.25,0.1
273.99,120.98,-14.6,-248.81,0.0,3.0,-2.0,1.0,326.0,8.37,2.25,0.1
274.01,121.04,-14.61,-248.81,0.0,3.0,-2.0,1.0,327.0,8.37,2.25,0.1
274.0,121.03,-14.61,-248.8,0.0,3.0,-2.0,1.0,328.0,8.37,2.25,0.1
273.996,121.03,-14.62,-248.8,0.0,3.0,-2.0,1.0,329.0,8.37,2.25,0.1
274.002,121.05,-14.6,-248.79,0.0,3.0,-2.0,1.0,330.0,8.37,2.25,0.1
273.999,121.03,-14.61,-248.8,0.0,3.0,-2.0,1.0,331.0,8.37,2.25,0.1
274.0,121.04,-14.6,-248.8,0.0,3.0,-2.0,1.0,332.0,8.37,2.25,0.1
273.997,121.03,-14.61,-248.8,0.0,3.0,-2.0,1.0,333.0,8.37,2.25,0.1
274.0,121.03,-14.6,-248.8,0.0,3.0,-2.0,1.0,334.0,8.37,2.25,0.1
274.007,121.06,-14.59,-248.8,0.0,3.0,-2.0,1.0,335.0,8.37,2.25,0.1
273.998,121.04,-14.59,-248.8,0.0,3.0,-2.0,1.0,336.0,8.37,2.25,0.1
273.995,121.03,-14.58,-248.8,0.0,3.0,-2.0,1.0,337.0,8.37,2.25,0.1
273.998,121.06,-14.58,-248.79,0.0,3.0,-2.0,1.0,338.0,8.37,2.25,0.1
274.005,121.05,-14.59,-248.8,0.0,3.0,-2.0,1.0,339.0,8.37,2.25,0.1
273.991,121.06,-14.59,-248.78,0.0,3.0,-2.0,1.0,340.0,8.37,2.25,0.1
273.993,121.03,-14.61,-248.8,0.0,3.0,-2.0,1.0,341.0,8.37,2.25,0.1
274.013,121.05,-14.53,-248.81,0.0,3.0,-2.0,1.0,342.0,8.37,2.25,0.1
274.001,121.06,-14.57,-248.79,0.0,3.0,-2.0,1.0,343.0,8.37,2.25,0.1
274.007,121.05,-14.53,-248.81,0.0,3.0,-2.0,1.0,344.0,8.37,2.25,0.1
273.993,121.03,-14.54,-248.8,0.0,3.0,-2.0,1.0,345.0,8.37,2.25,0.1
273.989,121.02,-14.54,-248.8,0.0,3.0,-2.0,1.0,346.0,8.37,2.25,0.1
274.001,121.04,-14.54,-248.8,0.0,3.0,-2.0,1.0,347.0,8.37,2.25,0.1
273.985,121.03,-14.52,-248.79,0.0,3.0,-2.0,1.0,348.0,8.37,2.25,0.1
273.994,121.03,-14.52,-248.8,0.0,3.0,-2.0,1.0,349.0,8.37,2.25,0.1
273.987,121.03,-14.52,-248.79,0.0,3.0,-2.0,1.0,350.0,8.37,2.25,0.1
273.996,121.04,-14.59,-248.79,0.0,3.0,-2.0,1.0,351.0,8.37,2.25,0.1
273.998,121.06,-14.57,-248.79,0.0,3.0,-2.0,1.0,352.0,8.37,2.25,0.1
273.986,121.03,-14.6,-248.79,0.0,3.0,-2.0,1.0,353.0,8.37,2.25,0.1
273.999,121.06,-14.58,-248.79,0.0,3.0,-2.0,1.0,354.0,8.37,2.25,0.1
273.989,121.03,-14.59,-248.79,0.0,3.0,-2.0,1.0,355.0,8.37,2.25,0.1
273.987,121.03,-14.59,-248.79,0.0,3.0,-2.0,1.0,356.0,8.37,2.25,0.1
273.967,121.02,-14.59,-248.77,0.0,3.0,-2.0,1.0,357.0,8.37,2.25,0.1
273.985,121.04,-14.58,-248.78,0.0,3.0,-2.0,1.0,358.0,8.37,2.25,0.1
273.991,121.04,-14.59,-248.79,0.0,3.0,-2.0,1.0,359.0,8.37,2.25,0.1
273.975,121.02,-14.6,-248.78,0.0,3.0,-2.0,1.0,360.0,8.37,2.25,0.1
273.977,121.01,-14.6,-248.78,0.0,3.0,-2.0,1.0,361.0,8.37,2.25,0.1
273.973,121.01,-14.59,-248.78,0.0,3.0,-2.0,1.0,362.0,8.37,2.25,0.1
273.979,121.03,-14.59,-248.78,0.0,3.0,-2.0,1.0,363.0,8.37,2.25,0.1
273.977,121.01,-14.53,-248.79,0.0,3.0,-2.0,1.0,364.0,8.37,2.25,0.1
273.976,121.03,-14.6,-248.77,0.0,3.0,-2.0,1.0,365.0,8.37,2.25,0.1
273.978,121.0,-14.53,-248.79,0.0,3.0,-2.0,1.0,366.0,8.37,2.25,0.1
273.98,121.03,-14.55,-248.78,0.0,3.0,-2.0,1.0,367.0,8.37,2.25,0.1
273.978,121.01,-14.53,-248.79,0.0,3.0,-2.0,1.0,368.0,8.37,2.25,0.1
273.975,121.0,-14.53,-248.79,0.0,3.0,-2.0,1.0,369.0,8.37,2.25,0.1
273.981,121.02,-14.53,-248.79,0.0,3.0,-2.0,1.0,370.0,8.37,2.25,0.1
273.983,121.01,-14.52,-248.8,0.0,3.0,-2.0,1.0,371.0,8.37,2.25,0.1
273.974,121.01,-14.51,-248.79,0.0,3.0,-2.0,1.0,372.0,8.37,2.25,0.1
273.971,121.01,-14.52,-248.79,0.0,3.0,-2.0,1.0,373.0,8.37,2.25,0.1
273.973,121.02,-14.5,-248.78,0.0,3.0,-2.0,1.0,374.0,8.37,2.25,0.1
273.978,121.02,-14.59,-248.78,0.0,3.0,-2.0,1.0,375.0,8.37,2.25,0.1
273.999,121.06,-14.57,-248.79,0.0,3.0,-2.0,1.0,376.0,8.37,2.25,0.1
273.987,121.06,-14.57,-248.78,0.0,3.0,-2.0,1.0,377.0,8.37,2.25,0.1
273.969,121.02,-14.59,-248.77,0.0,3.0,-2.0,1.0,378.0,8.37,2.25,0.1
273.98,121.05,-14.57,-248.77,0.0,3.0,-2.0,1.0,379.0,8.37,2.25,0.1
273.997,121.03,-14.57,-248.8,0.0,3.0,-2.0,1.0,380.0,8.37,2.25,0.1
273.995,121.03,-14.59,-248.8,0.0,3.0,-2.0,1.0,381.0,8.37,2.25,0.1
273.999,121.03,-14.59,-248.8,0.0,3.0,-2.0,1.0,382.0,8.37,2.25,0.1
273.998,121.04,-14.57,-248.8,0.0,3.0,-2.0,1.0,383.0,8.37,2.25,0.1
273.987,121.03,-14.58,-248.79,0.0,3.0,-2.0,1.0,384.0,8.37,2.25,0.1
274.002,121.05,-14.58,-248.8,0.0,3.0,-2.0,1.0,385.0,8.37,2.25,0.1
273.994,121.03,-14.57,-248.8,0.0,3.0,-2.0,1.0,386.0,8.37,2.25,0.1
273.995,121.03,-14.58,-248.8,0.0,3.0,-2.0,1.0,387.0,8.37,2.25,0.1
273.996,121.04,-14.57,-248.8,0.0,3.0,-2.0,1.0,388.0,8.37,2.25,0.1
273.995,121.03,-14.57,-248.8,0.0,3.0,-2.0,1.0,389.0,8.37,2.25,0.1
273.988,121.03,-14.57,-248.79,0.0,3.0,-2.0,1.0,390.0,8.37,2.25,0.1
273.99,121.03,-14.57,-248.79,0.0,3.0,-2.0,1.0,391.0,8.37,2.25,0.1
273.989,121.04,-14.56,-248.79,0.0,3.0,-2.0,1.0,392.0,8.37,2.25,0.1
273.977,121.03,-14.55,-248.78,0.0,3.0,-2.0,1.0,393.0,8.37,2.25,0.1
273.986,121.04,-14.55,-248.79,0.0,3.0,-2.0,1.0,394.0,8.37,2.25,0.1
273.998,121.04,-14.5,-248.8,0.0,3.0,-2.0,1.0,395.0,8.37,2.25,0.1
273.984,121.02,-14.5,-248.8,0.0,3.0,-2.0,1.0,396.0,8.37,2.25,0.1
273.997,121.02,-14.51,-248.81,0.0,3.0,-2.0,1.0,397.0,8.37,2.25,0.1
273.992,121.02,-14.58,-248.8,0.0,3.0,-2.0,1.0,398.0,8.37,2.25,0.1
274.007,121.05,-14.58,-248.8,0.0,3.0,-2.0,1.0,399.0,8.37,2.25,0.1
273.995,121.04,-14.57,-248.79,0.0,3.0,-2.0,1.0,400.0,8.37,2.25,0.1
273.992,121.03,-14.58,-248.8,0.0,3.0,-2.0,1.0,401.0,8.37,2.25,0.1
273.996,121.02,-14.58,-248.8,0.0,3.0,-2.0,1.0,402.0,8.37,2.25,0.1
273.986,121.02,-14.57,-248.8,0.0,3.0,-2.0,1.0,403.0,8.37,2.25,0.1
273.982,121.02,-14.56,-248.79,0.0,3.0,-2.0,1.0,404.0,8.37,2.25,0.1
273.984,121.02,-14.55,-248.79,0.0,3.0,-2.0,1.0,405.0,8.37,2.25,0.1
273.987,121.03,-14.56,-248.79,0.0,3.0,-2.0,1.0,406.0,8.37,2.25,0.1
274.003,121.05,-14.57,-248.8,0.0,3.0,-2.0,1.0,407.0,8.37,2.25,0.1
273.983,121.02,-14.58,-248.79,0.0,3.0,-2.0,1.0,408.0,8.37,2.25,0.1
273.976,121.01,-14.58,-248.79,0.0,3.0,-2.0,1.0,409.0,8.37,2.25,0.1
273.965,121.0,-14.59,-248.78,0.0,3.0,-2.0,1.0,410.0,8.37,2.25,0.1
273.997,121.04,-14.55,-248.8,0.0,3.0,-2.0,1.0,411.0,8.37,2.25,0.1
273.97,121.0,-14.58,-248.78,0.0,3.0,-2.0,1.0,412.0,8.37,2.25,0.1
273.979,121.02,-14.56,-248.79,0.0,3.0,-2.0,1.0,413.0,8.37,2.25,0.1
273.973,121.01,-14.58,-248.78,0.0,3.0,-2.0,1.0,414.0,8.37,2.25,0.1
273.973,121.02,-14.56,-248.78,0.0,3.0,-2.0,1.0,415.0,8.37,2.25,0.1
273.975,121.0,-14.55,-248.79,0.0,3.0,-2.0,1.0,416.0,8.37,2.25,0.1
273.973,121.03,-14.55,-248.78,0.0,3.0,-2.0,1.0,417.0,8.37,2.25,0.1
273.986,121.01,-14.5,-248.8,0.0,3.0,-2.0,1.0,418.0,8.37,2.25,0.1
273.981,121.0,-14.49,-248.8,0.0,3.0,-2.0,1.0,419.0,8.37,2.25,0.1
273.976,121.0,-14.5,-248.79,0.0,3.0,-2.0,1.0,420.0,8.37,2.25,0.1
273.986,121.01,-14.58,-248.8,0.0,3.0,-2.0,1.0,421.0,8.37,2.25,0.1
273.998,121.05,-14.57,-248.79,0.0,3.0,-2.0,1.0,422.0,8.37,2.25,0.1
273.977,121.04,-14.56,-248.78,0.0,3.0,-2.0,1.0,423.0,8.37,2.25,0.1
273.993,121.04,-14.57,-248.79,0.0,3.0,-2.0,1.0,424.0,8.37,2.25,0.1
273.982,121.02,-14.58,-248.79,0.0,3.0,-2.0,1.0,425.0,8.37,2.25,0.1
274.001,121.06,-14.53,-248.79,0.0,3.0,-2.0,1.0,426.0,8.37,2.25,0.1
273.968,121.02,-14.57,-248.77,0.0,3.0,-2.0,1.0,427.0,8.37,2.25,0.1
273.991,121.05,-14.55,-248.79,0.0,3.0,-2.0,1.0,428.0,8.37,2.25,0.1
273.982,121.02,-14.56,-248.79,0.0,3.0,-2.0,1.0,429.0,8.37,2.25,0.1
273.977,121.03,-14.55,-248.78,0.0,3.0,-2.0,1.0,430.0,8.37,2.25,0.1
273.969,121.01,-14.58,-248.78,0.0,3.0,-2.0,1.0,431.0,8.37,2.25,0.1
273.974,121.03,-14.55,-248.78,0.0,3.0,-2.0,1.0,432.0,8.37,2.25,0.1
273.974,121.03,-14.55,-248.78,0.0,3.0,-2.0,1.0,433.0,8.37,2.25,0.1
273.965,121.02,-14.55,-248.77,0.0,3.0,-2.0,1.0,434.0,8.37,2.25,0.1
273.966,121.03,-14.54,-248.77,0.0,3.0,-2.0,1.0,435.0,8.37,2.25,0.1
273.969,121.03,-14.54,-248.77,0.0,3.0,-2.0,1.0,436.0,8.37,2.25,0.1
273.959,121.03,-14.54,-248.76,0.0,3.0,-2.0,1.0,437.0,8.37,2.25,0.1
273.958,120.99,-14.49,-248.78,0.0,3.0,-2.0,1.0,438.0,8.37,2.25,0.1
273.952,121.01,-14.52,-248.76,0.0,3.0,-2.0,1.0,439.0,8.37,2.25,0.1
273.966,121.01,-14.48,-248.78,0.0,3.0,-2.0,1.0,440.0,8.37,2.25,0.1
273.964,121.01,-14.47,-248.78,0.0,3.0,-2.0,1.0,441.0,8.37,2.25,0.1
273.963,121.01,-14.47,-248.78,0.0,3.0,-2.0,1.0,442.0,8.37,2.25,0.1
274.004,121.06,-14.53,-248.8,0.0,3.0,-2.0,1.0,443.0,8.37,2.25,0.1
273.993,121.03,-14.54,-248.8,0.0,3.0,-2.0,1.0,444.0,8.37,2.25,0.1
273.996,121.05,-14.52,-248.79,0.0,3.0,-2.0,1.0,445.0,8.37,2.25,0.1
273.996,121.05,-14.53,-248.79,0.0,3.0,-2.0,1.0,446.0,8.37,2.25,0.1
273.991,121.04,-14.53,-248.79,0.0,3.0,-2.0,1.0,447.0,8.37,2.25,0.1
274.001,121.05,-14.53,-248.8,0.0,3.0,-2.0,1.0,448.0,8.37,2.25,0.1
273.996,121.04,-14.55,-248.79,0.0,3.0,-2.0,1.0,449.0,8.37,2.25,0.1
273.996,121.05,-14.54,-248.79,0.0,3.0,-2.0,1.0,450.0,8.37,2.25,0.1
273.99,121.04,-14.55,-248.79,0.0,3.0,-2.0,1.0,451.0,8.37,2.25,0.1
274.001,121.06,-14.53,-248.79,0.0,3.0,-2.0,1.0,452.0,8.37,2.25,0.1
274.006,121.08,-14.53,-248.79,0.0,3.0,-2.0,1.0,453.0,8.37,2.25,0.1
273.993,121.04,-14.54,-248.79,0.0,3.0,-2.0,1.0,454.0,8.37,2.25,0.1
273.995,121.05,-14.54,-248.79,0.0,3.0,-2.0,1.0,455.0,8.37,2.25,0.1
273.991,121.04,-14.54,-248.79,0.0,3.0,-2.0,1.0,456.0,8.37,2.25,0.1
273.995,121.06,-14.54,-248.79,0.0,3.0,-2.0,1.0,457.0,8.37,2.25,0.1
274.0,121.09,-14.51,-248.78,0.0,3.0,-2.0,1.0,458.0,8.37,2.25,0.1
273.989,121.05,-14.53,-248.78,0.0,3.0,-2.0,1.0,459.0,8.37,2.25,0.1
273.99,121.06,-14.53,-248.78,0.0,3.0,-2.0,1.0,460.0,8.37,2.25,0.1
274.0,121.09,-14.5,-248.78,0.0,3.0,-2.0,1.0,461.0,8.37,2.25,0.1
273.99,121.05,-14.52,-248.79,0.0,3.0,-2.0,1.0,462.0,8.37,2.25,0.1
273.973,121.04,-14.52,-248.77,0.0,3.0,-2.0,1.0,463.0,8.37,2.25,0.1
273.981,121.05,-14.52,-248.78,0.0,3.0,-2.0,1.0,464.0,8.37,2.25,0.1
273.982,121.05,-14.52,-248.78,0.0,3.0,-2.0,1.0,465.0,8.37,2.25,0.1
273.977,121.04,-14.53,-248.77,0.0,3.0,-2.0,1.0,466.0,8.37,2.25,0.1
273.994,121.06,-14.52,-248.79,0.0,3.0,-2.0,1.0,467.0,8.37,2.25,0.1
273.991,121.05,-14.53,-248.79,0.0,3.0,-2.0,1.0,468.0,8.37,2.25,0.1
273.996,121.06,-14.53,-248.79,0.0,3.0,-2.0,1.0,469.0,8.37,2.25,0.1
273.987,121.05,-14.53,-248.78,0.0,3.0,-2.0,1.0,470.0,8.37,2.25,0.1
273.985,121.06,-14.52,-248.78,0.0,3.0,-2.0,1.0,471.0,8.37,2.25,0.1
273.994,121.07,-14.52,-248.78,0.0,3.0,-2.0,1.0,472.0,8.37,2.25,0.1
273.99,121.05,-14.51,-248.79,0.0,3.0,-2.0,1.0,473.0,8.37,2.25,0.1
273.983,121.05,-14.51,-248.78,0.0,3.0,-2.0,1.0,474.0,8.37,2.25,0.1
273.993,121.08,-14.48,-248.78,0.0,3.0,-2.0,1.0,475.0,8.37,2.25,0.1
273.975,121.04,-14.49,-248.78,0.0,3.0,-2.0,1.0,476.0,8.37,2.25,0.1
273.987,121.08,-14.47,-248.77,0.0,3.0,-2.0,1.0,477.0,8.37,2.25,0.1
273.978,121.06,-14.49,-248.77,0.0,3.0,-2.0,1.0,478.0,8.37,2.25,0.1
273.976,121.05,-14.48,-248.77,0.0,3.0,-2.0,1.0,479.0,8.37,2.25,0.1
273.978,121.06,-14.48,-248.77,0.0,3.0,-2.0,1.0,480.0,8.37,2.25,0.1
273.975,121.05,-14.48,-248.77,0.0,3.0,-2.0,1.0,481.0,8.37,2.25,0.1
273.97,121.05,-14.47,-248.77,0.0,3.0,-2.0,1.0,482.0,8.37,2.25,0.1
273.977,121.05,-14.48,-248.77,0.0,3.0,-2.0,1.0,483.0,8.37,2.25,0.1
273.974,121.06,-14.47,-248.77,0.0,3.0,-2.0,1.0,484.0,8.37,2.25,0.1
273.965,121.05,-14.48,-248.76,0.0,3.0,-2.0,1.0,485.0,8.37,2.25,0.1
273.962,121.05,-14.47,-248.76,0.0,3.0,-2.0,1.0,486.0,8.37,2.25,0.1
273.969,121.05,-14.46,-248.77,0.0,3.0,-2.0,1.0,487.0,8.37,2.25,0.1
273.97,121.05,-14.47,-248.77,0.0,3.0,-2.0,1.0,488.0,8.37,2.25,0.1
273.971,121.05,-14.47,-248.77,0.0,3.0,-2.0,1.0,489.0,8.37,2.25,0.1
273.962,121.05,-14.46,-248.76,0.0,3.0,-2.0,1.0,490.0,8.37,2.25,0.1
273.978,121.06,-14.49,-248.77,0.0,3.0,-2.0,1.0,491.0,8.37,2.25,0.1
273.989,121.08,-14.48,-248.77,0.0,3.0,-2.0,1.0,492.0,8.37,2.25,0.1
273.991,121.09,-14.45,-248.77,0.0,3.0,-2.0,1.0,493.0,8.37,2.25,0.1
273.98,121.08,-14.47,-248.77,0.0,3.0,-2.0,1.0,494.0,8.37,2.25,0.1
273.977,121.08,-14.46,-248.76,0.0,3.0,-2.0,1.0,495.0,8.37,2.25,0.1
273.992,121.1,-14.44,-248.77,0.0,3.0,-2.0,1.0,496.0,8.37,2.25,0.1
273.977,121.07,-14.45,-248.77,0.0,3.0,-2.0,1.0,497.0,8.37,2.25,0.1
273.974,121.07,-14.47,-248.76,0.0,3.0,-2.0,1.0,498.0,8.37,2.25,0.1
273.975,121.07,-14.46,-248.76,0.0,3.0,-2.0,1.0,499.0,8.37,2.25,0.1
273.978,121.07,-14.46,-248.77,0.0,3.0,-2.0,1.0,500.0,8.37,2.25,0.1
273.967,121.07,-14.45,-248.76,0.0,3.0,-2.0,1.0,501.0,8.37,2.25,0.1
273.966,121.06,-14.46,-248.76,0.0,3.0,-2.0,1.0,502.0,8.37,2.25,0.1
273.979,121.09,-14.45,-248.76,0.0,3.0,-2.0,1.0,503.0,8.37,2.25,0.1
273.968,121.06,-14.46,-248.76,0.0,3.0,-2.0,1.0,504.0,8.37,2.25,0.1
274.006,121.09,-14.46,-248.79,0.0,3.0,-2.0,1.0,505.0,8.37,2.25,0.1
273.992,121.07,-14.47,-248.78,0.0,3.0,-2.0,1.0,506.0,8.37,2.25,0.1
273.994,121.08,-14.46,-248.78,0.0,3.0,-2.0,1.0,507.0,8.37,2.25,0.1
274.001,121.09,-14.47,-248.79,0.0,3.0,-2.0,1.0,508.0,8.37,2.25,0.1
273.985,121.07,-14.47,-248.78,0.0,3.0,-2.0,1.0,509.0,8.37,2.25,0.1
273.994,121.08,-14.45,-248.78,0.0,3.0,-2.0,1.0,510.0,8.37,2.25,0.1
273.995,121.09,-14.45,-248.78,0.0,3.0,-2.0,1.0,511.0,8.37,2.25,0.1
273.994,121.1,-14.43,-248.78,0.0,3.0,-2.0,1.0,512.0,8.37,2.25,0.1
273.996,121.08,-14.45,-248.79,0.0,3.0,-2.0,1.0,513.0,8.37,2.25,0.1
274.003,121.09,-14.44,-248.79,0.0,3.0,-2.0,1.0,514.0,8.37,2.25,0.1
274.003,121.1,-14.44,-248.78,0.0,3.0,-2.0,1.0,515.0,8.37,2.25,0.1
273.999,121.09,-14.44,-248.78,0.0,3.0,-2.0,1.0,516.0,8.37,2.25,0.1
273.991,121.08,-14.45,-248.78,0.0,3.0,-2.0,1.0,517.0,8.37,2.25,0.1
273.996,121.08,-14.45,-248.78,0.0,3.0,-2.0,1.0,518.0,8.37,2.25,0.1
273.996,121.09,-14.44,-248.78,0.0,3.0,-2.0,1.0,519.0,8.37,2.25,0.1
274.004,121.09,-14.46,-248.79,0.0,3.0,-2.0,1.0,520.0,8.37,2.25,0.1
273.994,121.09,-14.44,-248.78,0.0,3.0,-2.0,1.0,521.0,8.37,2.25,0.1
273.991,121.09,-14.44,-248.77,0.0,3.0,-2.0,1.0,522.0,8.37,2.25,0.1
273.991,121.08,-14.44,-248.78,0.0,3.0,-2.0,1.0,523.0,8.37,2.25,0.1
273.988,121.08,-14.44,-248.77,0.0,3.0,-2.0,1.0,524.0,8.37,2.25,0.1
273.985,121.09,-14.43,-248.77,0.0,3.0,-2.0,1.0,525.0,8.37,2.25,0.1
273.984,121.07,-14.45,-248.77,0.0,3.0,-2.0,1.0,526.0,8.37,2.25,0.1
273.999,121.12,-14.42,-248.77,0.0,3.0,-2.0,1.0,527.0,8.37,2.25,0.1
273.987,121.09,-14.43,-248.77,0.0,3.0,-2.0,1.0,528.0,8.37,2.25,0.1
273.989,121.1,-14.4,-248.77,0.0,3.0,-2.0,1.0,529.0,8.37,2.25,0.1
273.985,121.09,-14.42,-248.77,0.0,3.0,-2.0,1.0,530.0,8.37,2.25,0.1
273.977,121.08,-14.42,-248.76,0.0,3.0,-2.0,1.0,531.0,8.37,2.25,0.1
273.985,121.09,-14.42,-248.77,0.0,3.0,-2.0,1.0,532.0,8.37,2.25,0.1
273.972,121.08,-14.42,-248.76,0.0,3.0,-2.0,1.0,533.0,8.37,2.25,0.1
273.974,121.07,-14.42,-248.77,0.0,3.0,-2.0,1.0,534.0,8.37,2.25,0.1
273.968,121.08,-14.41,-248.76,0.0,3.0,-2.0,1.0,535.0,8.37,2.25,0.1
273.967,121.08,-14.4,-248.76,0.0,3.0,-2.0,1.0,536.0,8.37,2.25,0.1
273.985,121.09,-14.42,-248.77,0.0,3.0,-2.0,1.0,537.0,8.37,2.25,0.1
273.998,121.12,-14.4,-248.77,0.0,3.0,-2.0,1.0,538.0,8.37,2.25,0.1
273.995,121.11,-14.4,-248.77,0.0,3.0,-2.0,1.0,539.0,8.37,2.25,0.1
273.98,121.1,-14.39,-248.76,0.0,3.0,-2.0,1.0,540.0,8.37,2.25,0.1
273.961,121.06,-14.41,-248.76,0.0,3.0,-2.0,1.0,541.0,8.37,2.25,0.1
273.972,121.08,-14.41,-248.76,0.0,3.0,-2.0,1.0,542.0,8.37,2.25,0.1
273.998,121.13,-14.37,-248.77,0.0,3.0,-2.0,1.0,543.0,8.37,2.25,0.1
273.965,121.08,-14.39,-248.76,0.0,3.0,-2.0,1.0,544.0,8.37,2.25,0.1
273.975,121.1,-14.39,-248.76,0.0,3.0,-2.0,1.0,545.0,8.37,2.25,0.1
273.977,121.11,-14.37,-248.76,0.0,3.0,-2.0,1.0,546.0,8.37,2.25,0.1
273.965,121.08,-14.38,-248.76,0.0,3.0,-2.0,1.0,547.0,8.37,2.25,0.1
273.965,121.08,-14.38,-248.75,0.0,3.0,-2.0,1.0,548.0,8.37,2.25,0.1
273.961,121.1,-14.36,-248.74,0.0,3.0,-2.0,1.0,549.0,8.37,2.25,0.1
273.964,121.08,-14.38,-248.75,0.0,3.0,-2.0,1.0,550.0,8.37,2.25,0.1
273.966,121.09,-14.36,-248.75,0.0,3.0,-2.0,1.0,551.0,8.37,2.25,0.1
273.965,121.1,-14.36,-248.75,0.0,3.0,-2.0,1.0,552.0,8.37,2.25,0.1
273.951,121.08,-14.36,-248.74,0.0,3.0,-2.0,1.0,553.0,8.37,2.25,0.1
273.949,121.08,-14.36,-248.74,0.0,3.0,-2.0,1.0,554.0,8.37,2.25,0.1
273.945,121.07,-14.36,-248.74,0.0,3.0,-2.0,1.0,555.0,8.37,2.25,0.1
273.939,121.07,-14.35,-248.73,0.0,3.0,-2.0,1.0,556.0,8.37,2.25,0.1
273.944,121.07,-14.35,-248.74,0.0,3.0,-2.0,1.0,557.0,8.37,2.25,0.1
273.943,121.08,-14.34,-248.73,0.0,3.0,-2.0,1.0,558.0,8.37,2.25,0.1
273.931,121.05,-14.35,-248.73,0.0,3.0,-2.0,1.0,559.0,8.37,2.25,0.1
273.926,121.05,-14.35,-248.73,0.0,3.0,-2.0,1.0,560.0,8.37,2.25,0.1
273.964,121.11,-14.35,-248.74,0.0,3.0,-2.0,1.0,561.0,8.37,2.25,0.1
273.98,121.09,-14.36,-248.77,0.0,3.0,-2.0,1.0,562.0,8.37,2.25,0.1
273.983,121.1,-14.36,-248.77,0.0,3.0,-2.0,1.0,563.0,8.37,2.25,0.1
273.978,121.09,-14.35,-248.77,0.0,3.0,-2.0,1.0,564.0,8.37,2.25,0.1
273.988,121.12,-14.34,-248.76,0.0,3.0,-2.0,1.0,565.0,8.37,2.25,0.1
273.972,121.09,-14.36,-248.76,0.0,3.0,-2.0,1.0,566.0,8.37,2.25,0.1
273.97,121.08,-14.34,-248.76,0.0,3.0,-2.0,1.0,567.0,8.37,2.25,0.1
273.977,121.09,-14.34,-248.77,0.0,3.0,-2.0,1.0,568.0,8.37,2.25,0.1
273.96,121.08,-14.35,-248.75,0.0,3.0,-2.0,1.0,569.0,8.37,2.25,0.1
273.989,121.11,-14.34,-248.77,0.0,3.0,-2.0,1.0,570.0,8.37,2.25,0.1
273.984,121.11,-14.34,-248.76,0.0,3.0,-2.0,1.0,571.0,8.37,2.25,0.1
273.967,121.08,-14.35,-248.76,0.0,3.0,-2.0,1.0,572.0,8.37,2.25,0.1
273.971,121.09,-14.35,-248.76,0.0,3.0,-2.0,1.0,573.0,8.37,2.25,0.1
273.969,121.1,-14.33,-248.75,0.0,3.0,-2.0,1.0,574.0,8.37,2.25,0.1
273.969,121.1,-14.33,-248.75,0.0,3.0,-2.0,1.0,575.0,8.37,2.25,0.1
273.966,121.09,-14.34,-248.75,0.0,3.0,-2.0,1.0,576.0,8.37,2.25,0.1
273.968,121.1,-14.33,-248.75,0.0,3.0,-2.0,1.0,577.0,8.37,2.25,0.1
273.966,121.1,-14.32,-248.75,0.0,3.0,-2.0,1.0,578.0,8.37,2.25,0.1
273.979,121.13,-14.31,-248.75,0.0,3.0,-2.0,1.0,579.0,8.37,2.25,0.1
273.975,121.13,-14.3,-248.75,0.0,3.0,-2.0,1.0,580.0,8.37,2.25,0.1
273.974,121.13,-14.29,-248.75,0.0,3.0,-2.0,1.0,581.0,8.37,2.25,0.1
273.968,121.13,-14.28,-248.74,0.0,3.0,-2.0,1.0,582.0,8.37,2.25,0.1
273.961,121.12,-14.29,-248.74,0.0,3.0,-2.0,1.0,583.0,8.37,2.25,0.1
273.96,121.11,-14.3,-248.74,0.0,3.0,-2.0,1.0,584.0,8.37,2.25,0.1
273.975,121.13,-14.29,-248.75,0.0,3.0,-2.0,1.0,585.0,8.37,2.25,0.1
274.003,121.16,-14.29,-248.77,0.0,3.0,-2.0,1.0,586.0,8.37,2.25,0.1
273.979,121.13,-14.3,-248.75,0.0,3.0,-2.0,1.0,587.0,8.37,2.25,0.1
273.984,121.14,-14.29,-248.75,0.0,3.0,-2.0,1.0,588.0,8.37,2.25,0.1
273.977,121.13,-14.29,-248.75,0.0,3.0,-2.0,1.0,589.0,8.37,2.25,0.1
274.052,121.25,-14.27,-248.78,0.0,3.0,-2.0,1.0,590.0,8.37,2.25,0.1
274.052,121.26,-14.3,-248.77,0.0,3.0,-2.0,1.0,591.0,8.37,2.25,0.1
274.044,121.26,-14.29,-248.76,0.0,3.0,-2.0,1.0,592.0,8.37,2.25,0.1
274.032,121.23,-14.3,-248.77,0.0,3.0,-2.0,1.0,593.0,8.37,2.25,0.1
274.035,121.24,-14.3,-248.76,0.0,3.0,-2.0,1.0,594.0,8.37,2.25,0.1
274.041,121.25,-14.3,-248.76,0.0,3.0,-2.0,1.0,595.0,8.37,2.25,0.1
274.03,121.25,-14.28,-248.75,0.0,3.0,-2.0,1.0,596.0,8.37,2.25,0.1
274.025,121.25,-14.3,-248.75,0.0,3.0,-2.0,1.0,597.0,8.37,2.25,0.1
274.047,121.27,-14.28,-248.76,0.0,3.0,-2.0,1.0,598.0,8.37,2.25,0.1
274.061,121.29,-14.27,-248.77,0.0,3.0,-2.0,1.0,599.0,8.37,2.25,0.1
274.025,121.26,-14.28,-248.75,0.0,3.0,-2.0,1.0,600.0,8.37,2.25,0.1
274.035,121.27,-14.27,-248.75,0.0,3.0,-2.0,1.0,601.0,8.37,2.25,0.1
274.04,121.28,-14.27,-248.75,0.0,3.0,-2.0,1.0,602.0,8.37,2.25,0.1
274.029,121.26,-14.28,-248.75,0.0,3.0,-2.0,1.0,603.0,8.37,2.25,0.1
274.03,121.26,-14.27,-248.75,0.0,3.0,-2.0,1.0,604.0,8.37,2.25,0.1
274.02,121.26,-14.27,-248.74,0.0,3.0,-2.0,1.0,605.0,8.37,2.25,0.1
274.022,121.26,-14.27,-248.74,0.0,3.0,-2.0,1.0,606.0,8.37,2.25,0.1
274.03,121.27,-14.27,-248.75,0.0,3.0,-2.0,1.0,607.0,8.37,2.25,0.1
274.022,121.26,-14.27,-248.74,0.0,3.0,-2.0,1.0,608.0,8.37,2.25,0.1
274.04,121.28,-14.28,-248.75,0.0,3.0,-2.0,1.0,609.0,8.37,2.25,0.1
274.052,121.31,-14.26,-248.75,0.0,3.0,-2.0,1.0,610.0,8.37,2.25,0.1
274.055,121.29,-14.26,-248.76,0.0,3.0,-2.0,1.0,611.0,8.37,2.25,0.1
274.054,121.3,-14.25,-248.76,0.0,3.0,-2.0,1.0,612.0,8.37,2.25,0.1
274.055,121.31,-14.26,-248.76,0.0,3.0,-2.0,1.0,613.0,8.37,2.25,0.1
274.064,121.31,-14.27,-248.77,0.0,3.0,-2.0,1.0,614.0,8.37,2.25,0.1
274.055,121.3,-14.25,-248.76,0.0,3.0,-2.0,1.0,615.0,8.37,2.25,0.1
274.063,121.31,-14.27,-248.77,0.0,3.0,-2.0,1.0,616.0,8.37,2.25,0.1
274.069,121.32,-14.25,-248.77,0.0,3.0,-2.0,1.0,617.0,8.37,2.25,0.1
274.031,121.28,-14.26,-248.74,0.0,3.0,-2.0,1.0,618.0,8.37,2.25,0.1
274.037,121.29,-14.26,-248.75,0.0,3.0,-2.0,1.0,619.0,8.37,2.25,0.1
274.028,121.28,-14.26,-248.74,0.0,3.0,-2.0,1.0,620.0,8.37,2.25,0.1
274.021,121.28,-14.25,-248.73,0.0,3.0,-2.0,1.0,621.0,8.37,2.25,0.1
274.039,121.29,-14.25,-248.75,0.0,3.0,-2.0,1.0,622.0,8.37,2.25,0.1
274.019,121.28,-14.24,-248.73,0.0,3.0,-2.0,1.0,623.0,8.37,2.25,0.1
274.041,121.3,-14.25,-248.75,0.0,3.0,-2.0,1.0,624.0,8.37,2.25,0.1
274.055,121.3,-14.26,-248.76,0.0,3.0,-2.0,1.0,625.0,8.37,2.25,0.1
274.066,121.31,-14.26,-248.77,0.0,3.0,-2.0,1.0,626.0,8.37,2.25,0.1
274.056,121.29,-14.26,-248.77,0.0,3.0,-2.0,1.0,627.0,8.37,2.25,0.1
274.088,121.25,-14.23,-248.82,0.0,3.0,-2.0,1.0,628.0,8.37,2.25,0.1
274.054,121.28,-14.26,-248.77,0.0,3.0,-2.0,1.0,629.0,8.37,2.25,0.1
274.059,121.3,-14.25,-248.76,0.0,3.0,-2.0,1.0,630.0,8.37,2.25,0.1
274.05,121.29,-14.25,-248.76,0.0,3.0,-2.0,1.0,631.0,8.37,2.25,0.1
274.046,121.29,-14.25,-248.76,0.0,3.0,-2.0,1.0,632.0,8.37,2.25,0.1
274.058,121.31,-14.25,-248.76,0.0,3.0,-2.0,1.0,633.0,8.37,2.25,0.1
274.059,121.29,-14.26,-248.77,0.0,3.0,-2.0,1.0,634.0,8.37,2.25,0.1
274.051,121.28,-14.26,-248.76,0.0,3.0,-2.0,1.0,635.0,8.37,2.25,0.1
274.058,121.3,-14.25,-248.77,0.0,3.0,-2.0,1.0,636.0,8.37,2.25,0.1
274.058,121.28,-14.27,-248.77,0.0,3.0,-2.0,1.0,637.0,8.37,2.25,0.1
274.046,121.27,-14.27,-248.77,0.0,3.0,-2.0,1.0,638.0,8.37,2.25,0.1
274.072,121.31,-14.24,-248.78,0.0,3.0,-2.0,1.0,639.0,8.37,2.25,0.1
274.042,121.27,-14.28,-248.76,0.0,3.0,-2.0,1.0,640.0,8.37,2.25,0.1
274.058,121.3,-14.26,-248.77,0.0,3.0,-2.0,1.0,641.0,8.37,2.25,0.1
274.052,121.27,-14.26,-248.77,0.0,3.0,-2.0,1.0,642.0,8.37,2.25,0.1
274.065,121.32,-14.24,-248.76,0.0,3.0,-2.0,1.0,643.0,8.37,2.25,0.1
274.059,121.3,-14.25,-248.77,0.0,3.0,-2.0,1.0,644.0,8.37,2.25,0.1
274.052,121.28,-14.26,-248.77,0.0,3.0,-2.0,1.0,645.0,8.37,2.25,0.1
274.048,121.28,-14.25,-248.76,0.0,3.0,-2.0,1.0,646.0,8.37,2.25,0.1
274.04,121.27,-14.26,-248.76,0.0,3.0,-2.0,1.0,647.0,8.37,2.25,0.1
274.06,121.31,-14.23,-248.76,0.0,3.0,-2.0,1.0,648.0,8.37,2.25,0.1
274.039,121.28,-14.25,-248.75,0.0,3.0,-2.0,1.0,649.0,8.37,2.25,0.1
274.054,121.31,-14.23,-248.76,0.0,3.0,-2.0,1.0,650.0,8.37,2.25,0.1
274.044,121.29,-14.24,-248.75,0.0,3.0,-2.0,1.0,651.0,8.37,2.25,0.1
274.034,121.29,-14.24,-248.74,0.0,3.0,-2.0,1.0,652.0,8.37,2.25,0.1
274.051,121.32,-14.23,-248.75,0.0,3.0,-2.0,1.0,653.0,8.37,2.25,0.1
274.046,121.31,-14.23,-248.75,0.0,3.0,-2.0,1.0,654.0,8.37,2.25,0.1
274.046,121.3,-14.24,-248.75,0.0,3.0,-2.0,1.0,655.0,8.37,2.25,0.1
274.046,121.28,-14.23,-248.76,0.0,3.0,-2.0,1.0,656.0,8.37,2.25,0.1
274.077,121.32,-14.19,-248.78,0.0,3.0,-2.0,1.0,657.0,8.37,2.25,0.1
274.047,121.28,-14.22,-248.76,0.0,3.0,-2.0,1.0,658.0,8.37,2.25,0.1
274.074,121.31,-14.2,-248.78,0.0,3.0,-2.0,1.0,659.0,8.37,2.25,0.1
