run_ARMCHK_225326	2	14
run_DIAGCAUCHY_231757	1	3728
run_DIAGGUARD2_233403	1	2742
run_E2PROBE_022152	0	42
run_E4_GOFF_D10_192513	0	31
run_E4_GOFF_D10_193039	0	213
run_E4_GOFF_D10_R2_194927	0	222
run_E4R2-GOFF-D10_095056	0	2094
run_E4R2-GOFF-D10-LODOM_100819	0	2917
run_E4R2-GOFF-D30_102511	0	2099
run_E4R2-GOFF-D30-I125_103836	0	837
run_E4R2-GOFF-D60_103420	0	2131
run_E4R2-GON-D10_095654	0	2103
run_E4R2-GON-D30_101723	0	2856
run_E4R2-REGRESS_104334	0	2100
run_F3B_023027	0	6
run_F3B10_154733	0	1205
run_F3B11_155643	0	696
run_F3B12_160420	0	2385
run_F3B13_161000	0	1257
run_F3B14_163613	0	1703
run_F3B15_190535	0	2507
run_F3B16_191620	0	652
run_F3B2_035213	0	2102
run_F3B3_042444	0	519
run_F3B4_043658	0	518
run_F3B5_092608	0	1138
run_F3B6_093203	0	1862
run_F3B7_093720	0	1314
run_F3B8_094417	0	1524
run_F3B9_094909	0	1253
run_F3-P1B_095639	0	3235
run_health_smoke_1_220521	0	2863
run_health_smoke_2_221729	0	1926
run_SUPHV2a_230310	5	117
run_SUPHV2b_230920	12	264
run_SUPHV3a_001611	2	1518
run_SUPHV3b_001918	1	1539
run_SUPHVa_224750	0	1692
run_SUPHVb_225134	0	25
run_SUPP2A_234133	1	2721
run_SUPP2Av2_235010	219	3154
run_SUPP2Av3_235735	1	2722
run_SUPP3INJ_000528	1	846
run_SUPX1a_224035	0	13
run_SUPX1b_224122	0	3023
run_SUPX2a_225543	8	168
run_SUPX2b_230005	5	75
run_T2BL10_210001	0	4501
run_T2BL1_201552	0	504
run_T2BL2_201729	0	4233
run_T2BL3_202549	0	677
run_T2BL4_202722	0	3436
run_T2BL5_203404	0	2836
run_T2BL6_203956	0	1790
run_T2BL7_204325	0	3209
run_T2BL8_204921	0	1487
run_T2BL9_205405	0	3185
run_T2M0_010259	0	2113
run_T2MACH10_020846	0	3731
run_T2MACH1_010832	0	2546
run_T2MACH11_021559	0	3729
run_T2MACH12_022312	0	3705
run_T2MACH2_011343	0	2084
run_T2MACH3_011804	0	3778
run_T2MACH4_012523	0	3682
run_T2MACH5_013233	0	3692
run_T2MACH6_013944	0	3714
run_T2MACH7_014657	0	3739
run_T2MACH8_015411	0	3765
run_T2MACH9_020133	0	3732
run_T2RA10_132515	27	6801
run_T2RA1_122012	0	2065
run_T2RA11gnd_133759	1	24
run_T2RA12hov_133845	1	2105
run_T2RA13_134733	1	3721
run_T2RA14_135448	1	3670
run_T2RA15_140205	2	4619
run_T2RA16_141056	1	6910
run_T2RA17hov_142425	1	2126
run_T2RA18gnd_142339	1	25
run_T2RA19_143516	1	2104
run_T2RA20_143940	3	3729
run_T2RA21_144657	1	6939
run_T2RA2_122435	0	3666
run_T2RA22_145941	2	6940
run_T2RA23hov_151312	1	2575
run_T2RA24gnd_151226	1	24
run_T2RA3_123151	2	6918
run_T2RA4_124434	0	6867
run_T2RA5hover_121549	0	2123
run_T2RA7_125801	1	3736
run_T2RA8_130517	1	3754
run_T2RA9_131232	2	6890
run_T2U4OBS1_031909	0	1818
run_T2U4OBS1r_032512	0	3810
run_T2U4OBS2_033232	0	3835
run_T2ZETA1_131820	0	2847
run_T2ZETA2_132510	0	3501
run_T2ZETA3_133227	0	2940
run_T2ZETA4_135544	0	924
run_T2ZETA5_140137	0	3440
run_T2ZETACTL2_134622	0	575
run_T3U1V_023428	0	3700
run_U25FIX_035839	0	2882
run_U3PH_210708	0	229
run_U3PO_211438	0	4278
run_U7OL1_195920	0	854
run_U7OL2_202043	0	2118
run_V8_PROBECHECK_205100	0	44
run_VRFY1_023908	16	239
run_VRFY2_040542	1	1057
run_VRG1_025100	1	1047
run_WC2OBS1_032005	0	1198
run_X1final_040643	0	1922
run_X1final_040931	1	2856
run_X2g1_024637	0	3007
run_X2g1_041203	0	2911
run_X2g1_041509	3	2592
run_X2g3_025529	0	2114
run_X2g3_042025	1	3131
run_X2g4_030233	0	3038
run_X3l2a_031040	0	4260
run_X3l2a_042631	766	3818
run_X3l2b_032653	0	4268
