a,b,n,gran,pearson_r,pearson_p,spearman_r,spearman_p,nperm
m1_supply_p50,m2_grid_p50,24,seg-seg,0.8130,0.0005,0.8652,0.0005,1999
m1_supply_p50,m3_gradmed_p50,24,seg-seg,-0.6967,0.0005,-0.6793,0.0005,1999
m1_supply_p50,m4_dirbin_p50,24,seg-seg,-0.5622,0.0050,-0.4238,0.0385,1999
m1_supply_p50,gamma_pair_p50,24,seg-seg,-0.0907,0.7935,-0.0754,0.8330,1999
m1_supply_p50,pc_nonempty_rate,9,seg-seg,-0.1641,0.7460,-0.1485,0.7045,1999
m1_supply_p50,pc_pub_hz,9,seg-seg,-0.1054,0.7990,-0.2833,0.4880,1999
m1_supply_p50,pc_supply_p50norm,9,seg-seg,-0.0312,0.9235,-0.4202,0.2575,1999
m1_supply_p50,sigma_p25_p50_bag,24,seg-bag,-0.6794,0.0005,-0.6153,0.0015,1999
m1_supply_p50,fb_temporal_p90_bag,24,seg-bag,-0.3601,0.0850,-0.1814,0.4090,1999
m1_supply_p50,fb_stereo_p90_bag,24,seg-bag,-0.4218,0.0445,-0.3523,0.0925,1999
m1_supply_p50,dens_obstacle_per_m3_bag,15,seg-bag,-0.6957,0.0015,-0.6437,0.0135,1999
m1_supply_p50,dens_ground_per_m2_bag,15,seg-bag,-0.6995,0.0005,-0.8401,0.0005,1999
m1_supply_p50,dens_air_per_m3_bag,15,seg-bag,-0.1068,0.7045,-0.6549,0.0130,1999
m2_grid_p50,m3_gradmed_p50,24,seg-seg,-0.5750,0.0060,-0.4587,0.0255,1999
m2_grid_p50,m4_dirbin_p50,24,seg-seg,-0.4290,0.0330,-0.3043,0.1520,1999
m2_grid_p50,gamma_pair_p50,24,seg-seg,-0.1050,0.8455,-0.0306,0.9660,1999
m2_grid_p50,pc_nonempty_rate,9,seg-seg,0.2360,0.5920,0.0914,0.8640,1999
m2_grid_p50,pc_pub_hz,9,seg-seg,0.3425,0.3730,0.4189,0.2770,1999
m2_grid_p50,pc_supply_p50norm,9,seg-seg,0.5967,0.0855,0.5259,0.1435,1999
m2_grid_p50,sigma_p25_p50_bag,24,seg-bag,-0.5399,0.0085,-0.4797,0.0240,1999
m2_grid_p50,fb_temporal_p90_bag,24,seg-bag,-0.5278,0.0070,-0.2465,0.2445,1999
m2_grid_p50,fb_stereo_p90_bag,24,seg-bag,-0.0586,0.7955,0.0266,0.9085,1999
m2_grid_p50,dens_obstacle_per_m3_bag,15,seg-bag,-0.0712,0.8110,-0.4831,0.0735,1999
m2_grid_p50,dens_ground_per_m2_bag,15,seg-bag,-0.0568,0.8090,-0.2855,0.2985,1999
m2_grid_p50,dens_air_per_m3_bag,15,seg-bag,-0.7112,0.0035,-0.8477,0.0005,1999
m3_gradmed_p50,m4_dirbin_p50,30,seg-seg,0.3650,0.0500,0.6388,0.0005,1999
m3_gradmed_p50,gamma_pair_p50,30,seg-seg,-0.1427,0.6685,-0.1092,0.8020,1999
m3_gradmed_p50,pc_nonempty_rate,11,seg-seg,-0.1088,0.9480,0.1733,0.6210,1999
m3_gradmed_p50,pc_pub_hz,11,seg-seg,0.2990,0.3535,0.6421,0.0395,1999
m3_gradmed_p50,pc_supply_p50norm,11,seg-seg,0.8240,0.0005,0.9070,0.0010,1999
m3_gradmed_p50,sigma_p25_p50_bag,30,seg-bag,0.8971,0.0005,0.7974,0.0005,1999
m3_gradmed_p50,fb_temporal_p90_bag,30,seg-bag,0.3316,0.0720,0.2545,0.1750,1999
m3_gradmed_p50,fb_stereo_p90_bag,30,seg-bag,0.6878,0.0010,0.7848,0.0005,1999
m3_gradmed_p50,dens_obstacle_per_m3_bag,18,seg-bag,-0.4231,0.0510,-0.0611,0.8285,1999
m3_gradmed_p50,dens_ground_per_m2_bag,18,seg-bag,0.2740,0.1205,0.4341,0.0785,1999
m3_gradmed_p50,dens_air_per_m3_bag,18,seg-bag,-0.9567,0.0005,-0.5677,0.0105,1999
m4_dirbin_p50,gamma_pair_p50,30,seg-seg,-0.1701,0.3580,-0.2253,0.3295,1999
m4_dirbin_p50,pc_nonempty_rate,11,seg-seg,0.0565,0.8725,0.2843,0.4115,1999
m4_dirbin_p50,pc_pub_hz,11,seg-seg,0.2884,0.3810,0.4636,0.1450,1999
m4_dirbin_p50,pc_supply_p50norm,11,seg-seg,0.8103,0.0045,0.8128,0.0030,1999
m4_dirbin_p50,sigma_p25_p50_bag,30,seg-bag,-0.0323,0.8715,0.4956,0.0025,1999
m4_dirbin_p50,fb_temporal_p90_bag,30,seg-bag,0.2771,0.1360,0.0530,0.7745,1999
m4_dirbin_p50,fb_stereo_p90_bag,30,seg-bag,0.6367,0.0015,0.6241,0.0005,1999
m4_dirbin_p50,dens_obstacle_per_m3_bag,18,seg-bag,-0.3504,0.1670,-0.2289,0.3775,1999
m4_dirbin_p50,dens_ground_per_m2_bag,18,seg-bag,0.1655,0.5535,0.2289,0.3750,1999
m4_dirbin_p50,dens_air_per_m3_bag,18,seg-bag,-0.7086,0.0005,-0.6584,0.0035,1999
gamma_pair_p50,pc_nonempty_rate,11,seg-seg,nan,nan,nan,nan,0
gamma_pair_p50,pc_pub_hz,11,seg-seg,nan,nan,nan,nan,0
gamma_pair_p50,pc_supply_p50norm,11,seg-seg,nan,nan,nan,nan,0
gamma_pair_p50,sigma_p25_p50_bag,30,seg-bag,-0.0942,0.2965,-0.2918,0.0980,1999
gamma_pair_p50,fb_temporal_p90_bag,30,seg-bag,0.1367,0.6060,0.1616,0.6060,1999
gamma_pair_p50,fb_stereo_p90_bag,30,seg-bag,-0.1439,0.4855,-0.1616,0.5930,1999
gamma_pair_p50,dens_obstacle_per_m3_bag,18,seg-bag,nan,nan,nan,nan,0
gamma_pair_p50,dens_ground_per_m2_bag,18,seg-bag,nan,nan,nan,nan,0
gamma_pair_p50,dens_air_per_m3_bag,18,seg-bag,nan,nan,nan,nan,0
pc_nonempty_rate,pc_pub_hz,11,seg-seg,-0.0610,0.8410,-0.3053,0.3800,1999
pc_nonempty_rate,pc_supply_p50norm,11,seg-seg,0.0782,0.8100,0.1164,0.7460,1999
pc_nonempty_rate,sigma_p25_p50_bag,11,seg-bag,-0.1248,0.9230,0.0271,0.9445,1999
pc_nonempty_rate,fb_temporal_p90_bag,11,seg-bag,0.0972,0.8000,0.0814,0.8085,1999
pc_nonempty_rate,fb_stereo_p90_bag,11,seg-bag,-0.0285,0.9840,0.1574,0.6545,1999
pc_nonempty_rate,dens_obstacle_per_m3_bag,11,seg-bag,0.3568,0.3960,0.1140,0.7255,1999
pc_nonempty_rate,dens_ground_per_m2_bag,11,seg-bag,0.2813,0.5800,0.1248,0.7125,1999
pc_nonempty_rate,dens_air_per_m3_bag,11,seg-bag,0.1247,0.9095,0.0054,0.9995,1999
pc_pub_hz,pc_supply_p50norm,11,seg-seg,0.7002,0.0165,0.6484,0.0335,1999
pc_pub_hz,sigma_p25_p50_bag,11,seg-bag,0.2704,0.4080,-0.1546,0.6185,1999
pc_pub_hz,fb_temporal_p90_bag,11,seg-bag,0.5991,0.0530,0.5483,0.0810,1999
pc_pub_hz,fb_stereo_p90_bag,11,seg-bag,0.4689,0.1675,0.6888,0.0240,1999
pc_pub_hz,dens_obstacle_per_m3_bag,11,seg-bag,0.4923,0.1110,0.6514,0.0290,1999
pc_pub_hz,dens_ground_per_m2_bag,11,seg-bag,0.6874,0.0415,0.3796,0.2625,1999
pc_pub_hz,dens_air_per_m3_bag,11,seg-bag,-0.2711,0.3975,0.0703,0.8390,1999
pc_supply_p50norm,sigma_p25_p50_bag,11,seg-bag,0.8069,0.0170,0.2118,0.5310,1999
pc_supply_p50norm,fb_temporal_p90_bag,11,seg-bag,0.5896,0.0605,0.5790,0.0745,1999
pc_supply_p50norm,fb_stereo_p90_bag,11,seg-bag,0.9219,0.0005,0.9744,0.0005,1999
pc_supply_p50norm,dens_obstacle_per_m3_bag,11,seg-bag,0.0849,0.7975,0.5225,0.1060,1999
pc_supply_p50norm,dens_ground_per_m2_bag,11,seg-bag,0.6376,0.0175,0.7202,0.0185,1999
pc_supply_p50norm,dens_air_per_m3_bag,11,seg-bag,-0.8075,0.0165,-0.2118,0.5280,1999
sigma_p25_p50_bag,fb_temporal_p90_bag,30,bag-bag,0.1742,0.3825,-0.1094,0.5755,1999
sigma_p25_p50_bag,fb_stereo_p90_bag,30,bag-bag,0.5383,0.0035,0.6809,0.0005,1999
sigma_p25_p50_bag,dens_obstacle_per_m3_bag,18,bag-bag,-0.5145,0.0230,-0.2571,0.3375,1999
sigma_p25_p50_bag,dens_ground_per_m2_bag,18,bag-bag,0.2025,0.4065,0.4286,0.0910,1999
sigma_p25_p50_bag,dens_air_per_m3_bag,18,bag-bag,-1.0000,0.0005,-0.3189,0.1980,1999
fb_temporal_p90_bag,fb_stereo_p90_bag,30,bag-bag,0.1086,0.5715,0.0788,0.6820,1999
fb_temporal_p90_bag,dens_obstacle_per_m3_bag,18,bag-bag,-0.0032,0.9825,0.4286,0.0895,1999
fb_temporal_p90_bag,dens_ground_per_m2_bag,18,bag-bag,0.1115,0.6250,0.0286,0.9330,1999
fb_temporal_p90_bag,dens_air_per_m3_bag,18,bag-bag,-0.1736,0.5680,0.0290,0.9220,1999
fb_stereo_p90_bag,dens_obstacle_per_m3_bag,18,bag-bag,-0.2248,0.3725,-0.0857,0.7760,1999
fb_stereo_p90_bag,dens_ground_per_m2_bag,18,bag-bag,0.4409,0.0510,0.3143,0.2180,1999
fb_stereo_p90_bag,dens_air_per_m3_bag,18,bag-bag,-0.8700,0.0005,-0.6377,0.0040,1999
dens_obstacle_per_m3_bag,dens_ground_per_m2_bag,18,bag-bag,0.7351,0.0010,0.4857,0.0545,1999
dens_obstacle_per_m3_bag,dens_air_per_m3_bag,18,bag-bag,0.5148,0.0250,0.7247,0.0010,1999
dens_ground_per_m2_bag,dens_air_per_m3_bag,18,bag-bag,-0.2021,0.4145,0.0580,0.8275,1999
