bag,pool,w0,w1,n_f,M1_med,M2_med,M3_med,M4_med,M3zero,FB_p50,FB_p90mx,FB_n,FBs_p50,gam,gam_n,gam_seg,n_o,n_vjump,v_med,v_p90,z_med,z_p10,z_p90,pc_n,pc_nonempty,pts_s,cov_s
X1img_015950,主池,0.0,30.0,2,0.6233333333333333,,0.0,0.27243831753730774,1.0,47.53071212768555,126.89590759277344,1,44.5975341796875,1.0,22,0,47,0,0.3642944471584227,0.6150789863412254,0.0003559908148164,9.0616562573007e-05,0.020385383432103797,28,0.6428571428571429,585.4609929078014,2.82
X1img_015950,主池,30.0,60.0,6,0.5533333333333333,,0.0,0.221809484064579,1.0,65.4307632446289,250.24600372314455,3,0.016534538008272648,1.0,22,0,582,0,2.5074446944795383,3.6167951611261135,0.6732126138446888,0.01580118136998659,0.735475872498783,291,1.0,1052.9333333333334,30.0
X1img_015950,主池,60.0,90.0,8,0.29000000000000004,,0.0,0.17437276244163513,1.0,0.018213075818493962,1.2795222997665405,4,0.018487442284822464,1.0,22,0,575,0,2.067831385733687,3.5801387353697534,0.6951609043587099,0.6837287762920332,0.7528645003049723,288,1.0,494.73333333333335,30.0
X1img_015950,主池,90.0,120.0,9,0.25333333333333335,,0.0,0.2006019651889801,1.0,0.005565260071307421,1.3784625887870794,5,0.017995499074459076,1.0,22,0,575,0,2.0297649396335813,3.452496133484315,0.7120720862677821,0.6923039959628866,0.7528984102546611,287,1.0,419.23333333333335,30.0
X1img_015950,主池,120.0,150.0,6,0.24,,0.0,0.20329424738883972,1.0,0.009658638387918472,0.45952239036560116,3,0.016278597991913557,1.0,22,1,576,0,1.8861774321715388,3.310042476769953,0.739031424024071,0.7134607592174853,0.7553942860674807,288,1.0,423.6333333333333,30.0
X1img_015950,主池,150.0,180.0,8,0.24333333333333335,,0.0,0.2022010087966919,1.0,0.015502826310694218,0.8850723147392273,4,0.013466429430991411,1.0,22,1,579,0,1.840027224082451,3.191339060700901,0.7507194951023404,0.7362840685492796,0.756554887891861,290,1.0,422.06666666666666,30.0
X1img_015950,主池,180.0,210.0,9,0.24666666666666667,,0.0,0.20193617045879364,1.0,0.010651480872184038,1.0607109069824217,4,0.020109301898628473,1.0,22,1,579,0,2.1518249434894274,3.7327106473506695,0.7582439352208977,0.7503943061437238,0.7864855015554896,289,1.0,419.96666666666664,30.0
X1img_015950,主池,210.0,240.0,6,0.23333333333333334,,0.0,0.20421874523162842,1.0,0.014592389576137066,0.6839568853378297,3,0.018539993092417717,1.0,23,2,480,0,2.3986725025994207,4.219607225638279,0.7744394431987548,0.7516519184371818,0.8054022445382473,240,1.0,414.94556516170337,24.98
X1img_015950,主池,240.0,270.0,8,0.25333333333333335,,0.0,0.20269960910081863,1.0,0.013350351946428418,0.5577269792556763,4,0.017970878165215254,1.0,23,2,0,0,,,,,,0,,,0.0
X1img_015950,主池,270.0,300.0,6,0.24333333333333335,,0.0,0.20249049365520477,1.0,0.009324018843472004,1.8048427939415017,3,0.025005389004945755,1.0,23,2,0,0,,,,,,0,,,0.0
X1img_015950,主池,300.0,330.0,1,0.23333333333333334,,0.0,0.20410607755184174,1.0,0.016594173386693,0.4743456542491913,1,0.016308081801980734,1.0,23,2,0,0,,,,,,0,,,0.0
WC2OBS1_030927,主池,0.0,30.0,2,0.61,0.625,8.365746021270752,0.24603206664323807,0.0,72.1629638671875,261.2291625976563,1,48.09040641784668,1.0,22,0,74,0,0.22272664934777367,0.3376964914800234,0.0036157744750712,-0.00010429002493932,0.00460831959617628,42,0.7619047619047619,546.6507177033493,4.18
WC2OBS1_030927,主池,30.0,60.0,6,0.51,0.625,7.071067810058594,0.17041665315628052,0.0,51.24775695800781,147.73932800292974,3,0.029637517407536507,1.0,22,0,592,0,2.110013459712384,3.6449402971008884,0.621792167794835,0.08199389850633286,0.7349344581825039,296,1.0,1013.1,30.0
WC2OBS1_030927,主池,60.0,90.0,4,0.6933333333333334,0.625,8.990715980529785,0.2091148942708969,0.0,37.157408714294434,121.22285919189453,2,16.66438341140747,1.0,22,0,234,78,5.370326619517323,12.545525771392686,0.15499380593961182,-0.3508566321311122,0.7920485501421982,116,0.5603448275862069,115.82914572864324,11.94
WC2OBS1_030927,主池,90.0,120.0,6,0.6966666666666667,0.5,8.246211051940918,0.24369403719902039,0.0,26.575626373291016,92.27390289306642,3,20.607295989990234,1.0,22,0,0,0,,,,,,0,,,0.0
WC2OBS1_030927,主池,120.0,150.0,4,0.66,0.5,7.807886600494385,0.2397872805595398,0.0,9.005071350373328,43.66504821777344,2,15.418851613998413,1.0,22,0,0,0,,,,,,0,,,0.0
WC2OBS1_030927,主池,150.0,180.0,7,0.6933333333333334,0.5,8.0,0.23799635469913483,0.0,24.98440146446228,98.0597282409668,4,9.21984338760376,1.0,22,1,0,0,,,,,,0,,,0.0
WC2OBS1_030927,主池,180.0,210.0,6,0.6766666666666667,0.5,7.6157732009887695,0.23375019431114197,0.0,41.03505325317383,92.33993835449219,3,18.795124053955078,1.0,22,1,0,0,,,,,,0,,,0.0
WC2OBS1_030927,主池,210.0,240.0,4,0.6833333333333333,0.5,7.6157732009887695,0.23096463084220886,0.0,31.96000576019287,117.48480072021484,2,9.960727214813232,1.0,22,1,0,0,,,,,,0,,,0.0
WC2OBS1_030927,主池,240.0,270.0,6,0.6466666666666667,0.5,7.6157732009887695,0.23322010785341263,0.0,27.632232666015625,98.79526519775392,3,14.304471969604492,1.0,22,1,0,0,,,,,,0,,,0.0
WC2OBS1_030927,主池,270.0,300.0,7,0.6733333333333333,0.5,7.6157732009887695,0.23319591581821442,0.0,32.39019584655762,100.7122634887696,3,5.029755353927612,1.0,23,2,0,0,,,,,,0,,,0.0
WC2OBS1_030927,主池,300.0,330.0,4,0.6733333333333333,0.5,7.413437843322754,0.22487632930278778,0.0,20.80343246459961,66.43119354248047,2,22.748412370681763,1.0,23,2,0,0,,,,,,0,,,0.0
WC2OBS1_030927,主池,330.0,360.0,6,0.6833333333333333,0.5,8.0,0.24205981194972992,0.0,29.826324462890625,113.79109497070311,3,6.400858402252197,1.0,23,2,0,0,,,,,,0,,,0.0
WC2OBS1_030927,主池,360.0,390.0,4,0.68,0.5,7.930992126464844,0.23002196103334427,0.0,6.306477569043636,45.52881622314454,2,27.73500919342041,1.0,23,2,0,0,,,,,,0,,,0.0
WC2OBS1_030927,主池,390.0,420.0,3,0.66,0.5,7.211102485656738,0.21300910413265228,0.0,,,0,1.4937171936035156,1.0,23,2,0,0,,,,,,0,,,0.0
WC2OBS1_032005,主池,0.0,30.0,2,0.61,0.625,8.246211051940918,0.24588403850793839,0.0,0.0,0.0,1,42.409061431884766,1.0,23,0,46,0,0.0015675429127843701,0.2596480149558275,0.0012287519197578,0.00042828209515655,0.0014935052822469,46,0.782608695652174,428.2029234737746,4.65
WC2OBS1_032005,主池,30.0,60.0,6,0.54,0.75,6.324555397033691,0.186587892472744,0.0,73.12267303466797,321.1893615722656,3,62.807172775268555,1.0,23,0,291,0,0.44869556247706777,1.1988472049061278,0.6848763662219025,0.2842511215630403,0.7425337593993495,291,0.9347079037800687,933.5666666666667,30.0
WC2OBS1_032005,主池,60.0,90.0,4,0.8633333333333333,0.8125,5.771601915359497,0.13503550738096237,0.0,266.2290496826172,471.5403747558594,2,220.36307525634766,1.0,23,0,286,92,2.999588724310798,8.546794209575442,-0.8004242676640165,-7.473923923931791,0.6645743153672907,286,0.3881118881118881,137.5,30.0
WC2OBS1_032005,主池,90.0,120.0,6,0.7433333333333334,1.0,4.4721360206604,0.07939475774765015,0.0,0.6431760787963867,387.3530731201172,3,0.5553719103336334,1.0,23,0,289,170,5.319374402029438,12.521293819049122,-37.0890452126827,-102.8827938007146,-6.7915750472564875,289,0.38408304498269896,49.766666666666666,30.0
WC2OBS1_032005,主池,120.0,150.0,4,1.0,1.0,4.4721360206604,0.27248819172382355,0.0,0.5250591167714447,243.75563049316406,2,13.770448118448257,1.0,23,0,141,119,12.63799784251594,14.553744527069785,-138.0765257988595,-180.0245847082854,-120.1031042252731,81,0.9753086419753086,28.548123980424165,14.71
WC2OBS1_032005,主池,150.0,180.0,7,0.9266666666666666,0.9375,8.485280990600586,0.28320908546447754,0.0,0.017125535290688276,1.586695623397827,4,27.72491455078125,1.0,22,1,0,0,,,,,,0,,,0.0
WC2OBS1_032005,主池,180.0,210.0,6,0.9366666666666666,1.0,8.246211051940918,0.28313757479190826,0.0,0.014381563290953636,0.6750321269035341,3,24.7551326751709,1.0,22,1,0,0,,,,,,0,,,0.0
WC2OBS1_032005,主池,210.0,240.0,4,0.9299999999999999,1.0,8.365746021270752,0.28160203993320465,0.0,0.016198040451854467,1.6599681854248078,2,28.77652072906494,1.0,22,1,0,0,,,,,,0,,,0.0
WC2OBS1_032005,主池,240.0,270.0,6,0.96,1.0,8.365746021270752,0.2825675457715988,0.0,0.005018634255975485,1.2615532159805296,3,26.726526260375977,1.0,22,1,0,0,,,,,,0,,,0.0
WC2OBS1_032005,主池,270.0,300.0,7,0.9533333333333334,1.0,8.485280990600586,0.2830282747745514,0.0,0.007645422127097845,0.7672464787960052,3,32.587480545043945,1.0,22,2,0,0,,,,,,0,,,0.0
WC2OBS1_032005,主池,300.0,330.0,4,0.9733333333333334,1.0,8.485280990600586,0.28382202982902527,0.0,0.013136581517755985,1.3384856700897227,2,27.70407724380493,1.0,22,2,0,0,,,,,,0,,,0.0
WC2OBS1_032005,主池,330.0,360.0,6,0.9433333333333334,1.0,8.246211051940918,0.28438882529735565,0.0,0.0062257100362330675,1.1342588901519777,3,32.872562408447266,1.0,22,2,0,0,,,,,,0,,,0.0
WC2OBS1_032005,主池,360.0,390.0,6,0.98,1.0,8.246211051940918,0.2836596667766571,0.0,0.00811716541647911,2.0528738498687717,2,24.53600311279297,1.0,22,2,0,0,,,,,,0,,,0.0
WC2OBS1_032005,主池,390.0,420.0,1,0.94,1.0,8.485280990600586,0.2842101454734802,0.0,,,0,,1.0,22,2,0,0,,,,,,0,,,0.0
U3PG_210307,主池,0.0,30.0,27,0.62,0.5625,8.246211051940918,0.24550610780715942,0.0,0.0017967509338632226,0.009112123399972916,14,40.03354072570801,1.0,23,0,164,0,0.023548651986592,0.19056730192322135,0.0003476671497937,-0.00561315471272416,0.0017656286280589627,164,0.9390243902439024,885.0425330812855,16.93
U3PG_210307,主池,30.0,60.0,43,0.6333333333333333,0.625,8.246211051940918,0.24522094428539276,0.0,0.001906616031192243,0.02783944588154556,21,44.033209800720215,1.0,24,2,268,0,0.01257328831209968,0.1420131351984831,0.00031393873255135,-0.0007248880491558499,0.0006718926909846,268,1.0,790.4761904761905,28.14
U3PO_211438,主池,0.0,30.0,2,0.6366666666666667,0.625,8.246211051940918,0.2463183030486107,0.0,0.0,0.0,1,43.420616149902344,1.0,24,0,83,0,0.6664528845967607,1.1180223863906928,-0.0026357701086951,-0.01105320941798752,-1.73026402426789e-05,47,0.7872340425531915,511.7421007685738,4.68
U3PO_211438,主池,30.0,60.0,6,0.5333333333333333,0.65625,7.071067810058594,0.18500712513923645,0.0,59.47154426574707,357.58122558593743,3,0.018605264835059643,1.0,24,0,584,5,1.7025318003033634,2.5713424085795973,0.7035806958888251,0.3983579780096031,0.7632451773131282,292,0.9726027397260274,1065.5,30.0
U3PO_211438,主池,60.0,90.0,4,0.8300000000000001,0.875,5.828427076339722,0.2027399241924286,0.0,32.153027296066284,151.32422637939453,2,0.3538635550066829,1.0,24,0,596,566,9.47156470884833,13.177123465197493,0.21141898913811924,-16.145559286600275,1.489294723371685,298,0.8859060402684564,423.2,30.0
U3PO_211438,主池,90.0,120.0,6,0.74,0.75,8.602325439453125,0.2848280817270279,0.0,43.26877784729004,146.3193130493164,3,0.04606393724679947,1.0,24,0,594,594,,,-8.430698835439124,-16.8917881623633,-0.2919708206861014,297,1.0,1212.3,30.0
U3PO_211438,主池,120.0,150.0,7,0.86,0.875,8.602325439453125,0.2811525762081146,0.0,4.410313531756401,101.47361984252929,4,28.620776176452637,1.0,24,0,595,595,,,-0.2940981628456563,-16.89380721420617,-0.29233499103345073,297,1.0,1151.0333333333333,30.0
U3PO_211438,主池,150.0,180.0,6,0.8300000000000001,0.78125,8.485280990600586,0.28018590807914734,0.0,0.09872183948755264,14.759832477569581,3,35.96549987792969,1.0,22,1,601,601,,,-16.893542909116967,-16.895393386586296,-0.2935163380124168,301,1.0,1177.5666666666666,30.0
U3PO_211438,主池,180.0,210.0,4,0.8033333333333333,0.84375,8.485280990600586,0.2780500501394272,0.0,30.394902229309082,143.73431396484378,2,27.55341911315918,1.0,22,1,582,582,,,-8.594005899777567,-16.89538231623064,-0.292769476906244,291,1.0,1206.1,30.0
U3PO_211438,主池,210.0,240.0,6,0.79,0.65625,8.485280990600586,0.2780226767063141,0.0,44.079912185668945,140.6358840942383,3,42.85617446899414,1.0,22,1,584,584,,,-8.592953843767951,-16.89653906498542,-0.2863917146827653,292,1.0,1095.5666666666666,30.0
U3PO_211438,主池,240.0,270.0,7,0.7866666666666666,0.5625,8.602325439453125,0.26997241377830505,0.0,35.36698913574219,120.30036163330078,3,32.88512420654297,1.0,22,1,594,594,,,-8.589079787510489,-16.894464685174427,-0.28003652485396413,297,1.0,1201.8,30.0
U3PO_211438,主池,270.0,300.0,6,0.8833333333333333,0.9375,8.485280990600586,0.28218749165534973,0.0,40.066646575927734,99.2098159790039,3,44.048580169677734,1.0,23,2,574,574,,,-8.58432583981185,-16.89262433968402,-0.2737938092129161,287,1.0,1176.6666666666667,30.0
U3PO_211438,主池,300.0,330.0,4,0.8733333333333333,0.90625,8.246211051940918,0.28200989961624146,0.0,42.050405502319336,149.14610595703124,2,37.188971519470215,1.0,23,2,577,577,,,-0.2755170617718913,-16.89329614668529,-0.2695926181629251,288,1.0,1098.7,30.0
U3PO_211438,主池,330.0,360.0,6,0.8733333333333333,1.0,8.246211051940918,0.278725266456604,0.0,37.55739402770996,128.50429306030276,3,41.11402893066406,1.0,23,2,573,573,,,-16.892999428184808,-16.896031594556135,-0.26626783884747324,287,1.0,1132.5666666666666,30.0
U3PO_211438,主池,360.0,390.0,5,0.82,0.75,8.0,0.27833303809165955,0.0,19.758024215698242,90.19172592163083,3,37.20119857788086,1.0,23,2,494,493,,,-8.582199837440823,-16.897709264911626,-0.2623584548182339,247,1.0,1101.961714918526,25.28
U3PR2_213717,主池,0.0,30.0,2,0.6133333333333333,0.5625,8.365746021270752,0.24543354660272598,0.0,0.003453784389421344,0.019252971187233917,1,46.53419494628906,1.0,22,0,111,0,0.054112368633137134,0.9023730959823275,-0.0027150194319466,-0.0055849781042965,0.000460263538374,111,0.9099099099099099,592.7075940383252,11.27
U3PR2_213717,主池,30.0,60.0,4,0.6066666666666667,0.59375,8.365746021270752,0.24452241510152817,0.0,42.51482963562012,125.3770164489746,2,43.767276763916016,1.0,22,0,299,37,0.04448333859597638,3.1662872325207454,0.000150836877123,-0.0071769731614418604,19.74727492491526,299,1.0,803.5333333333333,30.0
U3PR2_213717,主池,60.0,90.0,2,0.4666666666666667,0.75,8.602325439453125,0.25202636420726776,0.0,0.20185929536819458,75.29338073730469,1,51.67561340332031,1.0,22,0,293,114,0.0032398435045779697,0.15880218191346726,-0.0071573442322899,-0.0302440340497275,37.3228919094631,293,1.0,1187.9,30.0
U3PR2_213717,主池,90.0,120.0,4,0.44,0.75,8.602325439453125,0.2508877217769623,0.0,19.998361811041832,97.85667419433594,2,41.50670528411865,1.0,22,0,292,134,0.00247444731890313,0.007846475337620274,-0.02904576935903075,-0.0308324127434082,37.32285330324246,292,1.0,1290.0,30.0
U3PR2_213717,主池,120.0,150.0,4,0.5066666666666667,0.75,8.602325439453125,0.24518825113773346,0.0,6.40535306930542,83.71544647216797,2,50.29212760925293,1.0,22,0,299,123,0.002608798314813811,0.009653381784826059,-0.0289819361666943,-0.029831590859533262,37.323549310980695,299,1.0,1342.8,30.0
U3PR2_213717,主池,150.0,180.0,2,0.5166666666666666,0.75,8.602325439453125,0.2520781457424164,0.0,45.44026565551758,116.83798599243167,1,38.70835494995117,1.0,22,0,300,147,0.0028266326366384897,0.01565668695526863,37.32342809091264,-0.02907604295666029,37.32471738146291,300,1.0,1309.2,30.0
U3PR2_213717,主池,180.0,210.0,4,0.47,0.75,8.602325439453125,0.25167566537857056,0.0,20.30656161904335,131.01161499023436,2,36.99105930328369,1.0,22,0,298,149,0.003001593511171621,0.010785967446933721,37.323290031886856,-0.029785738145885778,37.32518257545591,298,1.0,1320.8,30.0
U3PR2_213717,主池,210.0,240.0,3,0.44666666666666666,0.6875,8.485280990600586,0.25651395320892334,0.0,0.012235634174430743,0.09095010459423065,2,42.16508483886719,1.0,22,1,299,133,0.002569065750792409,0.009296824176024098,-0.0293306843176233,-0.03075332540444564,37.32356846723947,299,1.0,1394.2666666666667,30.0
U3PR2_213717,主池,240.0,270.0,4,0.49,0.6875,8.485280990600586,0.25105464458465576,0.0,0.0025434544659219682,0.02119378354400397,2,57.41360092163086,1.0,22,1,299,146,0.0008388222764197636,0.002004073660906306,-0.0303240390120505,-0.03096302209872008,37.322760300959956,299,1.0,1284.2333333333333,30.0
U3PR2_213717,主池,270.0,300.0,4,0.4633333333333334,0.6875,8.365746021270752,0.2518156170845032,0.0,0.056335010798648,0.5463298082351686,2,50.45980262756348,1.0,22,1,297,151,0.0010831111033432893,0.003663967655011773,-0.0305712282128996,-0.0310918290661185,37.32260327598451,297,1.0,1249.1666666666667,30.0
U3PR2_213717,主池,300.0,330.0,2,0.4533333333333333,0.6875,8.485280990600586,0.2517201900482178,0.0,0.006289448589086533,0.03443698398768909,1,41.55125045776367,1.0,22,1,300,159,0.0008794314471445858,0.0018148045223389494,-0.03063005889744105,-0.031204379937402462,37.32264452352947,300,1.0,1199.6666666666667,30.0
U3PR2_213717,主池,330.0,360.0,4,0.4633333333333334,0.6875,8.485280990600586,0.25361762940883636,0.0,0.5023071755422279,95.63692932128907,2,52.367838859558105,1.0,22,1,298,140,0.0007860961079626341,0.0017446126724287427,18.645699309391887,-0.031271336599736674,37.32259256320861,298,1.0,1237.1666666666667,30.0
U3PR2_213717,主池,360.0,390.0,2,0.52,0.65625,8.485280990600586,0.2517736554145813,0.0,0.009118658490478992,0.03443519026041031,1,43.93210220336914,1.0,22,1,297,124,0.0010360855207433145,0.002739133907451825,37.32218234741756,-0.03100174556684946,37.32262978024301,297,1.0,1356.9333333333334,30.0
U3PR2_213717,主池,390.0,420.0,4,0.4666666666666667,0.65625,8.485280990600586,0.2537091225385666,0.0,0.0025168931169901043,0.016575800068676462,2,45.013596534729004,1.0,22,1,300,150,0.0004924731230377946,0.00124964554837152,-0.0306621844494365,-0.03096318065160651,37.322518751011735,300,1.0,1290.0,30.0
U3PR2_213717,主池,420.0,450.0,5,0.5066666666666667,0.6875,8.485280990600586,0.2536202669143677,0.0,0.004725982202216983,0.049188402295112614,2,45.12239456176758,1.0,23,2,299,156,0.0006831049251592419,0.0017923717362466507,37.322292962113885,-0.0309564991957057,37.32258658021467,299,1.0,1281.6666666666667,30.0
U3PR2_213717,主池,450.0,480.0,2,0.5366666666666666,0.6875,8.485280990600586,0.25204500555992126,0.0,0.020543793216347694,0.07141136378049852,1,42.377685546875,1.0,23,2,298,144,0.0009375259959975706,0.003094715358985314,18.645791678448223,-0.0311774413627465,37.32259014391801,298,1.0,1295.5,30.0
U3PR2_213717,主池,480.0,510.0,4,0.4533333333333333,0.625,8.485280990600586,0.2528289556503296,0.0,2.9022763337707147,92.85935974121094,2,40.76166915893555,1.0,23,2,298,138,0.0009217860851030032,0.0021478818494974133,-0.0307668537056806,-0.03132306101431322,37.32236825437649,298,1.0,1515.0,30.0
U3PR2_213717,主池,510.0,540.0,4,0.4666666666666667,0.6875,8.485280990600586,0.253682017326355,0.0,0.016484343563206494,0.1425911456346512,2,40.30082130432129,1.0,23,2,299,138,0.0011303107041818927,0.0027498543735446864,-0.0306543528254595,-0.031308670369955,37.322432070099595,299,1.0,1365.7666666666667,30.0
U3PR2_213717,主池,540.0,570.0,2,0.41666666666666663,0.71875,8.543803215026855,0.24893660098314285,0.0,16.926584243774414,81.67991790771487,1,39.041147232055664,1.0,23,2,298,150,0.001237736920205736,0.003175431544801153,37.32171704265672,-0.03161066976864743,37.322426278375815,298,1.0,1342.0666666666666,30.0
U3PR2_213717,主池,570.0,600.0,4,0.44999999999999996,0.65625,8.485280990600586,0.24781052023172379,0.0,0.0067912309896200895,0.025417733006179333,2,40.589877128601074,1.0,23,2,298,150,0.000711915075270918,0.002022388676024817,37.32175444885181,-0.03170663542273233,37.322152491658926,298,1.0,1328.4,30.0
U3PR2_213717,主池,600.0,630.0,2,0.43333333333333335,0.625,8.485280990600586,0.2555392235517502,0.0,0.10695528239011765,30.370917320251465,1,42.635345458984375,1.0,23,2,277,132,0.002251747292213688,0.004759406654623696,-0.030820789729662,-0.03164167808220846,37.3226108329343,277,1.0,1292.6666666666667,30.0
U3PR2_213717,主池,630.0,660.0,1,0.47333333333333333,0.6875,8.602325439453125,0.24522709846496582,0.0,48.969566345214844,93.63513793945313,1,45.78781223297119,1.0,23,2,27,14,0.0018709926577209176,0.002559281151878755,-0.0311754600138246,-0.03178983091066208,37.322610717066844,27,1.0,1492.8139183055946,2.64
X1img2_020706,扩展池,0.0,30.0,4,0.63,,0.0,0.2723540812730789,1.0,0.0010144512634724379,0.0065800123848021065,2,43.66544818878174,1.0,26,0,46,0,7.94074256210971e-05,0.00013222275625391155,0.0007653211824860499,0.0007088646222064,0.00081924114301965,10,0.0,0.0,4.68
X1img2_020706,扩展池,30.0,60.0,12,0.6033333333333333,,0.0,0.2724038064479828,0.9166666666666666,0.002110957750119269,321.8037963867187,6,42.118117332458496,1.0,26,0,131,0,7.582192633835924e-05,0.00012246696445843266,0.0006514673451662,0.0005322289645872,0.0007650404256867,0,,0.0,13.66
X1img2_020706,扩展池,60.0,90.0,15,0.5,,0.0,0.23214250802993774,1.0,0.0009345814032712951,0.04919797778129577,8,0.01220409176312387,1.0,24,1,0,0,,,,,,0,,,0.0
X1img2_020706,扩展池,90.0,120.0,14,0.55,,0.0,0.25081782042980194,1.0,0.004763161647133529,0.06628862395882607,2,0.034795939922332764,1.0,24,1,0,0,,,,,,0,,,0.0
X1img2_020706,扩展池,120.0,150.0,17,0.5933333333333334,,0.0,0.27093276381492615,1.0,,,0,,1.0,25,2,0,0,,,,,,0,,,0.0
X1img2_020706,扩展池,150.0,180.0,8,0.5900000000000001,,0.0,0.2886981964111328,1.0,,,0,,1.0,25,2,0,0,,,,,,0,,,0.0
U3PH_210708,扩展池,0.0,30.0,2,0.61,0.625,8.365746021270752,0.24565284699201584,0.0,86.22369384765625,171.69853515625002,1,46.78382873535156,1.0,22,0,0,0,,,,,,0,,,0.0
U3PH_210708,扩展池,30.0,60.0,6,1.0,1.0,4.4721360206604,0.08001124486327171,0.0,0.48587632179260254,2.842095994949341,3,0.5636728405952454,1.0,22,0,0,0,,,,,,0,,,0.0
U3PH_210708,扩展池,60.0,90.0,8,1.0,1.0,4.4721360206604,0.07902467995882034,0.0,0.6197653114795685,2.8351257324218753,4,0.5770886689424515,1.0,22,0,0,0,,,,,,0,,,0.0
U3PH_210708,扩展池,90.0,120.0,6,1.0,1.0,4.4721360206604,0.07947127521038055,0.0,0.5588871240615845,2.7889137268066406,3,0.5127772092819214,1.0,22,0,0,0,,,,,,0,,,0.0
U3PH_210708,扩展池,120.0,150.0,7,1.0,1.0,4.4721360206604,0.07945507019758224,0.0,0.6419558823108673,2.755622577667237,4,0.5337814092636108,1.0,22,1,0,0,,,,,,0,,,0.0
U3PH_210708,扩展池,150.0,180.0,8,1.0,1.0,4.4721360206604,0.07962574809789658,0.0,0.5743134170770645,3.252501249313355,4,0.5407658666372299,1.0,22,1,0,0,,,,,,0,,,0.0
U3PH_210708,扩展池,180.0,210.0,6,1.0,1.0,4.4721360206604,0.07974531874060631,0.0,0.5521684288978577,2.7919354438781734,3,0.5860525965690613,1.0,22,1,0,0,,,,,,0,,,0.0
U3PH_210708,扩展池,210.0,240.0,7,1.0,1.0,4.4721360206604,0.07928991317749023,0.0,0.6029459238052368,2.9385553359985352,3,0.6052354872226715,1.0,22,1,0,0,,,,,,0,,,0.0
U3PH_210708,扩展池,240.0,270.0,6,1.0,1.0,4.4721360206604,0.0801481157541275,0.0,0.5487775504589081,2.914581537246704,3,0.6201690435409546,1.0,24,2,0,0,,,,,,0,,,0.0
U3PH_210708,扩展池,270.0,300.0,8,1.0,1.0,4.4721360206604,0.07961368188261986,0.0,0.5662675201892853,3.6795456409454332,4,0.509951114654541,1.0,24,2,0,0,,,,,,0,,,0.0
U3PH_210708,扩展池,300.0,330.0,6,1.0,1.0,4.4721360206604,0.07939882948994637,0.0,0.6582098305225372,2.608855628967285,2,0.5487865507602692,1.0,24,2,0,0,,,,,,0,,,0.0
U3PR1_212450,扩展池,0.0,30.0,2,0.6399999999999999,0.5625,8.42551326751709,0.24571412056684494,0.0,0.0034704268909990788,0.024882201105356258,1,37.77387237548828,1.0,22,0,0,0,,,,,,0,,,0.0
U3PR1_212450,扩展池,30.0,60.0,4,0.55,0.5625,7.242640495300293,0.20558171719312668,0.0,36.29127672640607,203.52198486328132,2,20.442711657844484,1.0,22,0,0,0,,,,,,0,,,0.0
U3PR1_212450,扩展池,60.0,90.0,2,0.45999999999999996,0.4375,5.830951690673828,0.165247343480587,0.0,221.86392211914062,439.6570739746094,1,0.020877080038189888,1.0,22,0,0,0,,,,,,0,,,0.0
U3PR1_212450,扩展池,90.0,120.0,4,0.9633333333333334,1.0,6.359173536300659,0.17700813338160515,0.0,0.009719060501083732,0.8684013843536373,2,17.288782209157944,1.0,22,0,0,0,,,,,,0,,,0.0
U3PR1_212450,扩展池,120.0,150.0,2,0.8633333333333333,0.9375,8.485280990600586,0.274831086397171,0.0,0.012791197746992111,1.134913873672486,1,39.61003875732422,1.0,22,0,0,0,,,,,,0,,,0.0
U3PR1_212450,扩展池,150.0,180.0,4,0.8733333333333333,0.9375,8.365746021270752,0.2747342884540558,0.0,0.0033297338522970676,0.217265559732914,2,36.61767768859863,1.0,22,0,0,0,,,,,,0,,,0.0
U3PR1_212450,扩展池,180.0,210.0,2,0.8366666666666667,0.8125,8.365746021270752,0.2744395583868027,0.0,0.008953902870416641,1.5374361991882342,1,38.39030075073242,1.0,22,0,0,0,,,,,,0,,,0.0
U3PR1_212450,扩展池,210.0,240.0,5,0.8466666666666667,0.875,8.485280990600586,0.275348424911499,0.0,0.004422345897182822,0.690047228336335,3,39.43611526489258,1.0,22,0,0,0,,,,,,0,,,0.0
U3PR1_212450,扩展池,240.0,270.0,2,0.83,0.9375,8.365746021270752,0.27551189064979553,0.0,0.009679102804511786,0.6818382740020752,1,40.18598556518555,1.0,22,1,0,0,,,,,,0,,,0.0
U3PR1_212450,扩展池,270.0,300.0,4,0.8266666666666667,0.9375,8.365746021270752,0.27568358182907104,0.0,0.003835864830762148,0.2808924913406372,2,43.09313201904297,1.0,22,1,0,0,,,,,,0,,,0.0
U3PR1_212450,扩展池,300.0,330.0,2,0.83,0.875,8.365746021270752,0.27441032230854034,0.0,0.00717294542118907,0.6343066096305847,1,52.72480773925781,1.0,22,1,0,0,,,,,,0,,,0.0
U3PR1_212450,扩展池,330.0,360.0,4,0.8366666666666667,0.875,8.485280990600586,0.27436767518520355,0.0,0.005456705577671528,1.3783894777297943,2,40.72849750518799,1.0,22,1,0,0,,,,,,0,,,0.0
U3PR1_212450,扩展池,360.0,390.0,2,0.7733333333333334,0.6875,8.485280990600586,0.27466486394405365,0.0,0.0046030497178435326,0.5252378463745127,1,40.5952262878418,1.0,22,1,0,0,,,,,,0,,,0.0
U3PR1_212450,扩展池,390.0,420.0,4,0.8933333333333333,1.0,8.246211051940918,0.27572770416736603,0.0,0.007193288882263005,0.8332485079765313,2,32.92955017089844,1.0,22,1,0,0,,,,,,0,,,0.0
U3PR1_212450,扩展池,420.0,450.0,2,0.8066666666666666,0.8125,8.485280990600586,0.2742542177438736,0.0,0.0029033219907432795,0.1674826413393022,1,45.95465660095215,1.0,22,1,0,0,,,,,,0,,,0.0
U3PR1_212450,扩展池,450.0,480.0,5,0.8733333333333333,0.9375,8.485280990600586,0.27454400062561035,0.0,0.007043121033348143,1.3513701677322376,2,43.50674247741699,0.9970457838054843,24,2,0,0,,,,,,0,,,0.0
U3PR1_212450,扩展池,480.0,510.0,2,0.8066666666666666,0.875,8.485280990600586,0.2757623791694641,0.0,0.0038855766179040074,0.4084640055894855,1,42.364980697631836,0.9970457838054843,24,2,0,0,,,,,,0,,,0.0
U3PR1_212450,扩展池,510.0,540.0,4,0.8300000000000001,0.84375,8.365746021270752,0.2750036120414734,0.0,0.006543561932630837,0.9837072134017937,2,41.99606513977051,0.9970457838054843,24,2,0,0,,,,,,0,,,0.0
U3PR1_212450,扩展池,540.0,570.0,2,0.8066666666666666,0.75,8.485280990600586,0.275702565908432,0.0,0.00938490079715848,0.6427374899387364,1,37.04144287109375,0.9970457838054843,24,2,0,0,,,,,,0,,,0.0
U3PR1_212450,扩展池,570.0,600.0,4,0.8566666666666667,0.875,8.485280990600586,0.2747112214565277,0.0,0.005572060123085976,2.375953602790835,2,40.68553924560547,0.9970457838054843,24,2,0,0,,,,,,0,,,0.0
U3PR1_212450,扩展池,600.0,630.0,2,0.8300000000000001,0.875,8.485280990600586,0.275096595287323,0.0,0.0037454464472830296,0.3400995284318924,1,36.39203453063965,0.9970457838054843,24,2,0,0,,,,,,0,,,0.0
U3PR1_212450,扩展池,630.0,660.0,4,0.84,0.8125,8.365746021270752,0.2753239721059799,0.0,0.006443349295295775,1.5206273674964899,2,42.36818885803223,0.9970457838054843,24,2,0,0,,,,,,0,,,0.0
U3PR1_212450,扩展池,660.0,690.0,2,0.7833333333333333,0.78125,8.485280990600586,0.2756994962692261,0.0,,,0,42.36079406738281,0.9970457838054843,24,2,0,0,,,,,,0,,,0.0
X1final_173345,扩展池,0.0,30.0,2,0.61,0.625,8.246211051940918,0.24572504311800003,0.0,0.0028386287158355117,0.01899303123354912,1,46.481584548950195,1.0,22,0,0,0,,,,,,0,,,0.0
X1final_173345,扩展池,30.0,60.0,14,0.95,1.0,4.4721360206604,0.15245942026376724,0.0,0.2980310320854187,153.83709411621098,7,1.4672393798828125,1.0,22,0,0,0,,,,,,0,,,0.0
X1final_173345,扩展池,60.0,90.0,15,1.0,1.0,5.099019527435303,0.15201206505298615,0.0,0.28190601617097855,2.8226246833801274,8,2.2978429794311523,1.0,22,1,0,0,,,,,,0,,,0.0
X1final_173345,扩展池,90.0,120.0,14,0.9933333333333333,1.0,5.099019527435303,0.15273842960596085,0.0,0.27602463960647583,2.263879346847534,7,2.2236337661743164,1.0,22,1,0,0,,,,,,0,,,0.0
X1final_173345,扩展池,120.0,150.0,15,0.9866666666666667,1.0,5.099019527435303,0.15287181735038757,0.0,0.2931043803691864,3.127900695800782,7,1.8943658471107483,1.0,24,2,0,0,,,,,,0,,,0.0
X1final_173345,扩展池,150.0,180.0,10,0.9833333333333334,1.0,5.099019527435303,0.15268678218126297,0.0,0.2854881286621094,2.669946241378784,3,2.3879588842391968,1.0,24,2,0,0,,,,,,0,,,0.0
