pool,bag,scenario,rank,w0,w1,comp_sum,n_ind,comp_norm,n_f,M1_med,M2_med,M3_med,M4_med,FB_p90mx,pts_s,v_med,M3zero,FB_n,pc_n,pc_nonempty,z_med,z_p10,z_p90,gam,gam_n,FB_p50,v_p90,n_o,n_vjump
主池,X1img_015950,X1 注入前袋(4:33轮; 原始袋已删=挂账禁重试),worst1,210,240,4.25,6,0.7083,6,0.2333,,0.0,0.2042,0.684,414.9456,2.3987,1.0,3,240,1.0,0.7744,0.7517,0.8054,1.0,23,0.0146,4.2196,480,0
主池,X1img_015950,X1 注入前袋(4:33轮; 原始袋已删=挂账禁重试),worst2,270,300,2.3182,4,0.5795,6,0.2433,,0.0,0.2025,1.8048,,,1.0,3,0,,,,,1.0,23,0.0093,,0,0
主池,WC2OBS1_030927,W-C2 轮1(重放 t=71.87s 爆炸; 特征云止~72s/袋376s),worst1,240,270,3.0742,5,0.6148,6,0.6467,0.5,7.6158,0.2332,98.7953,,,0.0,3,0,,,,,1.0,22,27.6322,,0,0
主池,WC2OBS1_030927,W-C2 轮1(重放 t=71.87s 爆炸; 特征云止~72s/袋376s),worst2,390,420,2.3214,4,0.5804,3,0.66,0.5,7.2111,0.213,,,,0.0,0,0,,,,,1.0,23,,,0,0
主池,WC2OBS1_032005,W-C2 轮1R(T2fail t=128.5 |Bas|=2.772 爆; 在线134.8s爆离线复现),worst1,60,90,4.4286,7,0.6327,4,0.8633,0.8125,5.7716,0.135,471.5404,137.5,2.9996,0.0,2,286,0.3881,-0.8004,-7.4739,0.6646,1.0,23,266.229,8.5468,286,92
主池,WC2OBS1_032005,W-C2 轮1R(T2fail t=128.5 |Bas|=2.772 爆; 在线134.8s爆离线复现),worst2,90,120,4.3945,7,0.6278,6,0.7433,1.0,4.4721,0.0794,387.3531,49.7667,5.3194,0.0,3,289,0.3841,-37.089,-102.8828,-6.7916,1.0,23,0.6432,12.5213,289,170
主池,U3PG_210307,U3-prime ground 轮(袋45.1s),worst1,0,30,3.75,7,0.5357,27,0.62,0.5625,8.2462,0.2455,0.0091,885.0425,0.0235,0.0,14,164,0.939,0.0003,-0.0056,0.0018,1.0,23,0.0018,0.1906,164,0
主池,U3PG_210307,U3-prime ground 轮(袋45.1s),worst2,30,60,2.75,7,0.3929,43,0.6333,0.625,8.2462,0.2452,0.0278,790.4762,0.0126,0.0,21,268,1.0,0.0003,-0.0007,0.0007,1.0,24,0.0019,0.142,268,0
主池,U3PO_211438,"U3-prime obstacles 轮(袋360s, 在线PASS)",worst1,30,60,5.0128,7,0.7161,6,0.5333,0.6562,7.0711,0.185,357.5812,1065.5,1.7025,0.0,3,292,0.9726,0.7036,0.3984,0.7632,1.0,24,59.4715,2.5713,584,5
主池,U3PO_211438,"U3-prime obstacles 轮(袋360s, 在线PASS)",worst2,60,90,4.5385,7,0.6484,4,0.83,0.875,5.8284,0.2027,151.3242,423.2,9.4716,0.0,2,298,0.8859,0.2114,-16.1456,1.4893,1.0,24,32.153,13.1771,596,566
主池,U3PR2_213717,"U3-prime route2 轮(袋613s, 在线PASS但漂离121.9m级)",worst1,600,630,4.9545,7,0.7078,2,0.4333,0.625,8.4853,0.2555,30.3709,1292.6667,0.0023,0.0,1,277,1.0,-0.0308,-0.0316,37.3226,1.0,23,0.107,0.0048,277,132
主池,U3PR2_213717,"U3-prime route2 轮(袋613s, 在线PASS但漂离121.9m级)",worst2,30,60,4.7273,7,0.6753,4,0.6067,0.5938,8.3657,0.2445,125.377,803.5333,0.0445,0.0,2,299,1.0,0.0002,-0.0072,19.7473,1.0,22,42.5148,3.1663,299,37
扩展池,X1img2_020706,[扩展池] X1 注入前袋2(跨域dt segv 物理性禁重放),worst1,150,180,1.9167,3,0.6389,8,0.59,,0.0,0.2887,,,,1.0,0,0,,,,,1.0,25,,,0,0
扩展池,X1img2_020706,[扩展池] X1 注入前袋2(跨域dt segv 物理性禁重放),worst2,90,120,2.1667,4,0.5417,14,0.55,,0.0,0.2508,0.0663,,,1.0,2,0,,,,,1.0,24,0.0048,,0,0
扩展池,U3PH_210708,[扩展池] U3-prime 悬停近距袋(源袋已删=N-A),worst1,0,30,3.8182,5,0.7636,2,0.61,0.625,8.3657,0.2457,171.6985,,,0.0,1,0,,,,,1.0,22,86.2237,,0,0
扩展池,U3PH_210708,[扩展池] U3-prime 悬停近距袋(源袋已删=N-A),worst2,240,270,2.8636,5,0.5727,6,1.0,1.0,4.4721,0.0801,2.9146,,,0.0,3,0,,,,,1.0,24,0.5488,,0,0
扩展池,U3PR1_212450,"[扩展池] U3-prime route1(替代compact袋在位, 话题面未验证)",worst1,60,90,3.913,5,0.7826,2,0.46,0.4375,5.831,0.1652,439.6571,,,0.0,1,0,,,,,1.0,22,221.8639,,0,0
扩展池,U3PR1_212450,"[扩展池] U3-prime route1(替代compact袋在位, 话题面未验证)",worst2,30,60,3.7589,5,0.7518,4,0.55,0.5625,7.2426,0.2056,203.522,,,0.0,2,0,,,,,1.0,22,36.2913,,0,0
扩展池,X1final_173345,[扩展池] X1 final(源袋已删=特征重放永久不可行),worst1,30,60,3.1667,5,0.6333,14,0.95,1.0,4.4721,0.1525,153.8371,,,0.0,7,0,,,,,1.0,22,0.298,,0,0
扩展池,X1final_173345,[扩展池] X1 final(源袋已删=特征重放永久不可行),worst2,0,30,2.8333,5,0.5667,2,0.61,0.625,8.2462,0.2457,0.019,,,0.0,1,0,,,,,1.0,22,0.0028,,0,0
