bag,pool_tag,scenario,t_bic,t_bc,t_ratio,dbic,bc,mu_lo,mu_hi,ratio,cond_bic,cond_bc,cond_ratio,cond_all,K,n_hi,occ_bin,occ_frame,pool_p50,pool_p90,p50_over_p90,cut,deg2_floor,type_base,type_pert,flip,type_basis
U3PG_210307,主池,S0_base,10,0.555,1.5,3.4042,0.4798,39.59,44.02,1.1120,False,False,False,False,36,20,0.5556,0.5590,43.13,92.96,0.4639,40.7225,False,高位主体型,高位主体型,False,occ=0.5556>=0.5
U3PG_210307,主池,S1_bic9_bcLo_ratio135,9,0.4995,1.35,3.4042,0.4798,39.59,44.02,1.1120,False,False,False,False,36,20,0.5556,0.5590,43.13,92.96,0.4639,40.7225,False,高位主体型,高位主体型,False,occ=0.5556>=0.5
U3PG_210307,主池,S2_bic9_bcLo_ratio165,9,0.4995,1.65,3.4042,0.4798,39.59,44.02,1.1120,False,False,False,False,36,20,0.5556,0.5590,43.13,92.96,0.4639,40.7225,False,高位主体型,高位主体型,False,occ=0.5556>=0.5
U3PG_210307,主池,S3_bic9_bcHi_ratio135,9,0.6105,1.35,3.4042,0.4798,39.59,44.02,1.1120,False,False,False,False,36,20,0.5556,0.5590,43.13,92.96,0.4639,40.7225,False,高位主体型,高位主体型,False,occ=0.5556>=0.5
U3PG_210307,主池,S4_bic9_bcHi_ratio165,9,0.6105,1.65,3.4042,0.4798,39.59,44.02,1.1120,False,False,False,False,36,20,0.5556,0.5590,43.13,92.96,0.4639,40.7225,False,高位主体型,高位主体型,False,occ=0.5556>=0.5
U3PG_210307,主池,S5_bic11_bcLo_ratio135,11,0.4995,1.35,3.4042,0.4798,39.59,44.02,1.1120,False,False,False,False,36,20,0.5556,0.5590,43.13,92.96,0.4639,40.7225,False,高位主体型,高位主体型,False,occ=0.5556>=0.5
U3PG_210307,主池,S6_bic11_bcLo_ratio165,11,0.4995,1.65,3.4042,0.4798,39.59,44.02,1.1120,False,False,False,False,36,20,0.5556,0.5590,43.13,92.96,0.4639,40.7225,False,高位主体型,高位主体型,False,occ=0.5556>=0.5
U3PG_210307,主池,S7_bic11_bcHi_ratio135,11,0.6105,1.35,3.4042,0.4798,39.59,44.02,1.1120,False,False,False,False,36,20,0.5556,0.5590,43.13,92.96,0.4639,40.7225,False,高位主体型,高位主体型,False,occ=0.5556>=0.5
U3PG_210307,主池,S8_bic11_bcHi_ratio165,11,0.6105,1.65,3.4042,0.4798,39.59,44.02,1.1120,False,False,False,False,36,20,0.5556,0.5590,43.13,92.96,0.4639,40.7225,False,高位主体型,高位主体型,False,occ=0.5556>=0.5
U3PO_211438,主池,S0_base,10,0.555,1.5,-49.9484,0.6573,0.1324,36.95,279.0132,True,True,True,True,37,31,0.8378,0.8355,26,104.4,0.2490,1.3555,False,高位主体型,高位主体型,False,occ=0.8378>=0.5
U3PO_211438,主池,S1_bic9_bcLo_ratio135,9,0.4995,1.35,-49.9484,0.6573,0.1324,36.95,279.0132,True,True,True,True,37,31,0.8378,0.8355,26,104.4,0.2490,1.3555,False,高位主体型,高位主体型,False,occ=0.8378>=0.5
U3PO_211438,主池,S2_bic9_bcLo_ratio165,9,0.4995,1.65,-49.9484,0.6573,0.1324,36.95,279.0132,True,True,True,True,37,31,0.8378,0.8355,26,104.4,0.2490,1.3555,False,高位主体型,高位主体型,False,occ=0.8378>=0.5
U3PO_211438,主池,S3_bic9_bcHi_ratio135,9,0.6105,1.35,-49.9484,0.6573,0.1324,36.95,279.0132,True,True,True,True,37,31,0.8378,0.8355,26,104.4,0.2490,1.3555,False,高位主体型,高位主体型,False,occ=0.8378>=0.5
U3PO_211438,主池,S4_bic9_bcHi_ratio165,9,0.6105,1.65,-49.9484,0.6573,0.1324,36.95,279.0132,True,True,True,True,37,31,0.8378,0.8355,26,104.4,0.2490,1.3555,False,高位主体型,高位主体型,False,occ=0.8378>=0.5
U3PO_211438,主池,S5_bic11_bcLo_ratio135,11,0.4995,1.35,-49.9484,0.6573,0.1324,36.95,279.0132,True,True,True,True,37,31,0.8378,0.8355,26,104.4,0.2490,1.3555,False,高位主体型,高位主体型,False,occ=0.8378>=0.5
U3PO_211438,主池,S6_bic11_bcLo_ratio165,11,0.4995,1.65,-49.9484,0.6573,0.1324,36.95,279.0132,True,True,True,True,37,31,0.8378,0.8355,26,104.4,0.2490,1.3555,False,高位主体型,高位主体型,False,occ=0.8378>=0.5
U3PO_211438,主池,S7_bic11_bcHi_ratio135,11,0.6105,1.35,-49.9484,0.6573,0.1324,36.95,279.0132,True,True,True,True,37,31,0.8378,0.8355,26,104.4,0.2490,1.3555,False,高位主体型,高位主体型,False,occ=0.8378>=0.5
U3PO_211438,主池,S8_bic11_bcHi_ratio165,11,0.6105,1.65,-49.9484,0.6573,0.1324,36.95,279.0132,True,True,True,True,37,31,0.8378,0.8355,26,104.4,0.2490,1.3555,False,高位主体型,高位主体型,False,occ=0.8378>=0.5
U3PR2_213717,主池,S0_base,10,0.555,1.5,5.8233,0.3704,31.4,46.18,1.4709,False,False,False,False,36,32,0.8889,0.8866,44.44,122.6,0.3626,33.3478,False,高位主体型,高位主体型,False,occ=0.8889>=0.5
U3PR2_213717,主池,S1_bic9_bcLo_ratio135,9,0.4995,1.35,5.8233,0.3704,31.4,46.18,1.4709,False,False,True,False,36,32,0.8889,0.8866,44.44,122.6,0.3626,33.3478,False,高位主体型,高位主体型,False,occ=0.8889>=0.5
U3PR2_213717,主池,S2_bic9_bcLo_ratio165,9,0.4995,1.65,5.8233,0.3704,31.4,46.18,1.4709,False,False,False,False,36,32,0.8889,0.8866,44.44,122.6,0.3626,33.3478,False,高位主体型,高位主体型,False,occ=0.8889>=0.5
U3PR2_213717,主池,S3_bic9_bcHi_ratio135,9,0.6105,1.35,5.8233,0.3704,31.4,46.18,1.4709,False,False,True,False,36,32,0.8889,0.8866,44.44,122.6,0.3626,33.3478,False,高位主体型,高位主体型,False,occ=0.8889>=0.5
U3PR2_213717,主池,S4_bic9_bcHi_ratio165,9,0.6105,1.65,5.8233,0.3704,31.4,46.18,1.4709,False,False,False,False,36,32,0.8889,0.8866,44.44,122.6,0.3626,33.3478,False,高位主体型,高位主体型,False,occ=0.8889>=0.5
U3PR2_213717,主池,S5_bic11_bcLo_ratio135,11,0.4995,1.35,5.8233,0.3704,31.4,46.18,1.4709,False,False,True,False,36,32,0.8889,0.8866,44.44,122.6,0.3626,33.3478,False,高位主体型,高位主体型,False,occ=0.8889>=0.5
U3PR2_213717,主池,S6_bic11_bcLo_ratio165,11,0.4995,1.65,5.8233,0.3704,31.4,46.18,1.4709,False,False,False,False,36,32,0.8889,0.8866,44.44,122.6,0.3626,33.3478,False,高位主体型,高位主体型,False,occ=0.8889>=0.5
U3PR2_213717,主池,S7_bic11_bcHi_ratio135,11,0.6105,1.35,5.8233,0.3704,31.4,46.18,1.4709,False,False,True,False,36,32,0.8889,0.8866,44.44,122.6,0.3626,33.3478,False,高位主体型,高位主体型,False,occ=0.8889>=0.5
U3PR2_213717,主池,S8_bic11_bcHi_ratio165,11,0.6105,1.65,5.8233,0.3704,31.4,46.18,1.4709,False,False,False,False,36,32,0.8889,0.8866,44.44,122.6,0.3626,33.3478,False,高位主体型,高位主体型,False,occ=0.8889>=0.5
U3PR1_212450,扩展池,S0_base,10,0.555,1.5,-47.7269,0.7767,0.2044,40.3,197.1301,True,True,True,True,36,33,0.9167,0.9275,35.66,109,0.3270,2.1398,False,高位主体型,高位主体型,False,occ=0.9167>=0.5
U3PR1_212450,扩展池,S1_bic9_bcLo_ratio135,9,0.4995,1.35,-47.7269,0.7767,0.2044,40.3,197.1301,True,True,True,True,36,33,0.9167,0.9275,35.66,109,0.3270,2.1398,False,高位主体型,高位主体型,False,occ=0.9167>=0.5
U3PR1_212450,扩展池,S2_bic9_bcLo_ratio165,9,0.4995,1.65,-47.7269,0.7767,0.2044,40.3,197.1301,True,True,True,True,36,33,0.9167,0.9275,35.66,109,0.3270,2.1398,False,高位主体型,高位主体型,False,occ=0.9167>=0.5
U3PR1_212450,扩展池,S3_bic9_bcHi_ratio135,9,0.6105,1.35,-47.7269,0.7767,0.2044,40.3,197.1301,True,True,True,True,36,33,0.9167,0.9275,35.66,109,0.3270,2.1398,False,高位主体型,高位主体型,False,occ=0.9167>=0.5
U3PR1_212450,扩展池,S4_bic9_bcHi_ratio165,9,0.6105,1.65,-47.7269,0.7767,0.2044,40.3,197.1301,True,True,True,True,36,33,0.9167,0.9275,35.66,109,0.3270,2.1398,False,高位主体型,高位主体型,False,occ=0.9167>=0.5
U3PR1_212450,扩展池,S5_bic11_bcLo_ratio135,11,0.4995,1.35,-47.7269,0.7767,0.2044,40.3,197.1301,True,True,True,True,36,33,0.9167,0.9275,35.66,109,0.3270,2.1398,False,高位主体型,高位主体型,False,occ=0.9167>=0.5
U3PR1_212450,扩展池,S6_bic11_bcLo_ratio165,11,0.4995,1.65,-47.7269,0.7767,0.2044,40.3,197.1301,True,True,True,True,36,33,0.9167,0.9275,35.66,109,0.3270,2.1398,False,高位主体型,高位主体型,False,occ=0.9167>=0.5
U3PR1_212450,扩展池,S7_bic11_bcHi_ratio135,11,0.6105,1.35,-47.7269,0.7767,0.2044,40.3,197.1301,True,True,True,True,36,33,0.9167,0.9275,35.66,109,0.3270,2.1398,False,高位主体型,高位主体型,False,occ=0.9167>=0.5
U3PR1_212450,扩展池,S8_bic11_bcHi_ratio165,11,0.6105,1.65,-47.7269,0.7767,0.2044,40.3,197.1301,True,True,True,True,36,33,0.9167,0.9275,35.66,109,0.3270,2.1398,False,高位主体型,高位主体型,False,occ=0.9167>=0.5
U3PH_210708,扩展池,S0_base,10,0.555,1.5,-278.0038,0.9997,0.5584,46.78,83.7821,True,True,True,True,36,1,0.0278,0.0165,0.5632,2.905,0.1939,43.9620,True,低位健康型,低位健康型,False,pool_p90=2.905<10
U3PH_210708,扩展池,S1_bic9_bcLo_ratio135,9,0.4995,1.35,-278.0038,0.9997,0.5584,46.78,83.7821,True,True,True,True,36,1,0.0278,0.0165,0.5632,2.905,0.1939,43.9620,True,低位健康型,低位健康型,False,pool_p90=2.905<10
U3PH_210708,扩展池,S2_bic9_bcLo_ratio165,9,0.4995,1.65,-278.0038,0.9997,0.5584,46.78,83.7821,True,True,True,True,36,1,0.0278,0.0165,0.5632,2.905,0.1939,43.9620,True,低位健康型,低位健康型,False,pool_p90=2.905<10
U3PH_210708,扩展池,S3_bic9_bcHi_ratio135,9,0.6105,1.35,-278.0038,0.9997,0.5584,46.78,83.7821,True,True,True,True,36,1,0.0278,0.0165,0.5632,2.905,0.1939,43.9620,True,低位健康型,低位健康型,False,pool_p90=2.905<10
U3PH_210708,扩展池,S4_bic9_bcHi_ratio165,9,0.6105,1.65,-278.0038,0.9997,0.5584,46.78,83.7821,True,True,True,True,36,1,0.0278,0.0165,0.5632,2.905,0.1939,43.9620,True,低位健康型,低位健康型,False,pool_p90=2.905<10
U3PH_210708,扩展池,S5_bic11_bcLo_ratio135,11,0.4995,1.35,-278.0038,0.9997,0.5584,46.78,83.7821,True,True,True,True,36,1,0.0278,0.0165,0.5632,2.905,0.1939,43.9620,True,低位健康型,低位健康型,False,pool_p90=2.905<10
U3PH_210708,扩展池,S6_bic11_bcLo_ratio165,11,0.4995,1.65,-278.0038,0.9997,0.5584,46.78,83.7821,True,True,True,True,36,1,0.0278,0.0165,0.5632,2.905,0.1939,43.9620,True,低位健康型,低位健康型,False,pool_p90=2.905<10
U3PH_210708,扩展池,S7_bic11_bcHi_ratio135,11,0.6105,1.35,-278.0038,0.9997,0.5584,46.78,83.7821,True,True,True,True,36,1,0.0278,0.0165,0.5632,2.905,0.1939,43.9620,True,低位健康型,低位健康型,False,pool_p90=2.905<10
U3PH_210708,扩展池,S8_bic11_bcHi_ratio165,11,0.6105,1.65,-278.0038,0.9997,0.5584,46.78,83.7821,True,True,True,True,36,1,0.0278,0.0165,0.5632,2.905,0.1939,43.9620,True,低位健康型,低位健康型,False,pool_p90=2.905<10
X1final_173345,扩展池,S0_base,10,0.555,1.5,-161.6918,0.9753,1.964,41.02,20.8886,True,True,True,True,35,2,0.0571,0.0369,2.047,99.56,0.0206,5.9162,False,两簇分离型,两簇分离型,False,occ=0.05714<=0.2 and p50/p90=0.02056<0.1
X1final_173345,扩展池,S1_bic9_bcLo_ratio135,9,0.4995,1.35,-161.6918,0.9753,1.964,41.02,20.8886,True,True,True,True,35,2,0.0571,0.0369,2.047,99.56,0.0206,5.9162,False,两簇分离型,两簇分离型,False,occ=0.05714<=0.2 and p50/p90=0.02056<0.1
X1final_173345,扩展池,S2_bic9_bcLo_ratio165,9,0.4995,1.65,-161.6918,0.9753,1.964,41.02,20.8886,True,True,True,True,35,2,0.0571,0.0369,2.047,99.56,0.0206,5.9162,False,两簇分离型,两簇分离型,False,occ=0.05714<=0.2 and p50/p90=0.02056<0.1
X1final_173345,扩展池,S3_bic9_bcHi_ratio135,9,0.6105,1.35,-161.6918,0.9753,1.964,41.02,20.8886,True,True,True,True,35,2,0.0571,0.0369,2.047,99.56,0.0206,5.9162,False,两簇分离型,两簇分离型,False,occ=0.05714<=0.2 and p50/p90=0.02056<0.1
X1final_173345,扩展池,S4_bic9_bcHi_ratio165,9,0.6105,1.65,-161.6918,0.9753,1.964,41.02,20.8886,True,True,True,True,35,2,0.0571,0.0369,2.047,99.56,0.0206,5.9162,False,两簇分离型,两簇分离型,False,occ=0.05714<=0.2 and p50/p90=0.02056<0.1
X1final_173345,扩展池,S5_bic11_bcLo_ratio135,11,0.4995,1.35,-161.6918,0.9753,1.964,41.02,20.8886,True,True,True,True,35,2,0.0571,0.0369,2.047,99.56,0.0206,5.9162,False,两簇分离型,两簇分离型,False,occ=0.05714<=0.2 and p50/p90=0.02056<0.1
X1final_173345,扩展池,S6_bic11_bcLo_ratio165,11,0.4995,1.65,-161.6918,0.9753,1.964,41.02,20.8886,True,True,True,True,35,2,0.0571,0.0369,2.047,99.56,0.0206,5.9162,False,两簇分离型,两簇分离型,False,occ=0.05714<=0.2 and p50/p90=0.02056<0.1
X1final_173345,扩展池,S7_bic11_bcHi_ratio135,11,0.6105,1.35,-161.6918,0.9753,1.964,41.02,20.8886,True,True,True,True,35,2,0.0571,0.0369,2.047,99.56,0.0206,5.9162,False,两簇分离型,两簇分离型,False,occ=0.05714<=0.2 and p50/p90=0.02056<0.1
X1final_173345,扩展池,S8_bic11_bcHi_ratio165,11,0.6105,1.65,-161.6918,0.9753,1.964,41.02,20.8886,True,True,True,True,35,2,0.0571,0.0369,2.047,99.56,0.0206,5.9162,False,两簇分离型,两簇分离型,False,occ=0.05714<=0.2 and p50/p90=0.02056<0.1
