idx,label,n_corners,p50_fresh3090,p50_reg_fbres,p50_v55_21db0db,d_fresh_reg,d_fresh_v55
0,stereo_fb_t0,70,37.77387237548828,37.77387237548828,37.77387237548828,0.0,0.0
1,stereo_fb_t1,72,40.86590576171875,40.86590576171875,40.86590576171875,0.0,0.0
2,stereo_fb_t2,62,0.019517553970217705,0.019517553970217705,0.019517553970217705,0.0,0.0
3,stereo_fb_t3,59,0.020877080038189888,0.020877080038189888,0.020877080038189888,0.0,0.0
4,stereo_fb_t4,109,0.5728914141654968,0.5728914141654968,0.5728914141654968,0.0,0.0
5,stereo_fb_t5,97,34.00467300415039,34.00467300415039,34.00467300415039,0.0,0.0
6,stereo_fb_t6,87,39.61003875732422,39.61003875732422,39.61003875732422,0.0,0.0
7,stereo_fb_t7,104,28.662534713745117,28.662534713745117,28.662534713745117,0.0,0.0
8,stereo_fb_t8,92,44.57282066345215,44.57282066345215,44.57282066345215,0.0,0.0
9,stereo_fb_t9,89,38.39030075073242,38.39030075073242,38.39030075073242,0.0,0.0
10,stereo_fb_t10,91,39.43611526489258,39.43611526489258,39.43611526489258,0.0,0.0
11,stereo_fb_t11,81,41.77793502807617,41.77793502807617,41.77793502807617,0.0,0.0
12,stereo_fb_t12,92,34.17842483520508,34.17842483520508,34.17842483520508,0.0,0.0
13,stereo_fb_t13,95,40.18598556518555,40.18598556518555,40.18598556518555,0.0,0.0
14,stereo_fb_t14,93,40.32464599609375,40.32464599609375,40.32464599609375,0.0,0.0
15,stereo_fb_t15,92,45.86161804199219,45.86161804199219,45.86161804199219,0.0,0.0
16,stereo_fb_t16,85,52.72480773925781,52.72480773925781,52.72480773925781,0.0,0.0
17,stereo_fb_t17,90,42.7230167388916,42.7230167388916,42.7230167388916,0.0,0.0
18,stereo_fb_t18,89,38.733978271484375,38.733978271484375,38.733978271484375,0.0,0.0
19,stereo_fb_t19,80,40.5952262878418,40.5952262878418,40.5952262878418,0.0,0.0
20,stereo_fb_t20,108,34.99987030029297,34.99987030029297,34.99987030029297,0.0,0.0
21,stereo_fb_t21,91,30.859230041503906,30.859230041503906,30.859230041503906,0.0,0.0
22,stereo_fb_t22,86,45.95465660095215,45.95465660095215,45.95465660095215,0.0,0.0
23,stereo_fb_t23,89,40.02157211303711,40.02157211303711,40.02157211303711,0.0,0.0
24,stereo_fb_t24,84,46.991912841796875,46.991912841796875,46.991912841796875,0.0,0.0
25,stereo_fb_t25,84,42.364980697631836,42.364980697631836,42.364980697631836,0.0,0.0
26,stereo_fb_t26,87,43.06881332397461,43.06881332397461,43.06881332397461,0.0,0.0
27,stereo_fb_t27,88,40.923316955566406,40.923316955566406,40.923316955566406,0.0,0.0
28,stereo_fb_t28,91,37.04144287109375,37.04144287109375,37.04144287109375,0.0,0.0
29,stereo_fb_t29,91,38.63796615600586,38.63796615600586,38.63796615600586,0.0,0.0
30,stereo_fb_t30,93,42.73311233520508,42.73311233520508,42.73311233520508,0.0,0.0
31,stereo_fb_t31,90,36.39203453063965,36.39203453063965,36.39203453063965,0.0,0.0
32,stereo_fb_t32,90,51.482669830322266,51.482669830322266,51.482669830322266,0.0,0.0
33,stereo_fb_t33,97,33.25370788574219,33.25370788574219,33.25370788574219,0.0,0.0
34,stereo_fb_t34,92,46.07338905334473,46.07338905334473,46.07338905334473,0.0,0.0
35,stereo_fb_t35,82,38.6481990814209,38.6481990814209,38.6481990814209,0.0,0.0
