date,bag,version,goal,world,arrival_m,arrived,conv_s,path_ratio,mindist_v1,mindist_v2,vmax,diverged,dur_s,size_GB,note
2026-09-23 21:25,sitl_sim/bags/flight_2026-09-23_212510.bag,unknown,,,,,,,,,,,,0.01,no-truth
2026-09-23 21:44,sitl_sim/bags/flight_2026-09-23_214433.bag,unknown,,,,,,,,,,,,0.01,no-truth
2026-09-23 22:10,sitl_sim/bags/flight_2026-09-23_221002.bag,unknown,,,,,,,,,,,,0.01,no-truth
2026-09-26 17:59,sitl_sim/bags/flight_2026-09-26_175942.bag,pre-T3 (A1-A7 era),,,,,,,,,,,,0.02,no-truth
1970-01-01 08:11,sitl_sim/bags/flight_2026-09-26_190237.bag,pre-T3 (A1-A7 era),,,,,,,0.941,0.015,2.8,N,714.0,0.13,
1970-01-01 08:56,sitl_sim/bags/flight_2026-09-26_194757.bag,pre-T3 (A1-A7 era),"(0,0,1)",v2?,1.607,N,,1.54,0.0,0.0,3.76,N,316.0,0.06,
1970-01-01 09:01,sitl_sim/bags/flight_2026-09-26_195352.bag,pre-T3 (A1-A7 era),"(5,-3,1)",v1,5.833,N,,1.44,3.162,3.162,3.18,N,3845.0,0.2,
,sitl_sim/bags/flight_2026-09-26_195352.orig.bag,,,,,,,,,,,,,0.2,unindexed
1970-01-01 08:02,sitl_sim/bags/flight_2026-09-26_202121.bag,pre-T3 (A1-A7 era),"(7,-4,1)",v2?,0.012,Y,35.0,1.32,0.355,0.355,0.69,N,420.0,0.14,
1970-01-01 08:14,sitl_sim/bags/flight_2026-09-26_203339.bag,pre-T3 (A1-A7 era),"(1,0,1)",v2?,5.195,N,,1.87,0.237,0.237,8.02,Y,1086.0,0.28,
1970-01-01 08:06,sitl_sim/bags/flight_2026-09-26_204338.bag,pre-T3 (A1-A7 era),"(7,-4,1)",v2?,0.047,Y,38.2,1.46,0.346,0.315,0.77,N,406.0,0.11,
1970-01-01 08:14,sitl_sim/bags/flight_2026-09-26_205156.bag,pre-T3 (A1-A7 era),"(8,-1,1)",v2?,0.149,Y,6.8,1.21,0.846,0.0,3.18,N,1103.0,0.3,
1970-01-01 08:02,sitl_sim/bags/flight_2026-09-26_205817.bag,pre-T3 (A1-A7 era),"(8,-1,1)",v2?,0.02,Y,29.9,1.03,0.846,0.634,0.72,N,739.0,0.2,
1970-01-01 08:07,sitl_sim/bags/flight_2026-09-26_220814.bag,pre-T3 (A1-A7 era),"(7,-4,1)",v2?,0.058,Y,37.7,3.95,0.208,0.208,5.79,N,1610.0,1.38,
1970-01-01 08:20,sitl_sim/bags/flight_2026-09-26_222034.bag,pre-T3 (A1-A7 era),"(7,-4,1)",v1,0.986,N,,0.0,0.652,0.652,5.79,N,1610.0,1.18,
1970-01-01 08:04,sitl_sim/bags/flight_2026-09-26_224815.bag,pre-T3 (A1-A7 era),"(7,-4,1)",v1,6.666,N,,0.0,0.652,0.652,3.8,N,620.0,0.75,
1970-01-01 08:04,sitl_sim/bags/flight_2026-09-26_230126.bag,pre-T3 (A1-A7 era),"(7,-4,1)",v1,6.666,N,,0.0,0.652,0.652,3.8,N,619.0,0.54,
1970-01-01 08:04,sitl_sim/bags/flight_2026-09-26_230801.bag,pre-T3 (A1-A7 era),"(7,-4,1)",v1,6.666,N,,0.0,2.591,2.591,2.35,N,348.0,0.44,
1970-01-01 08:00,sitl_sim/bags/t2_AD_concat.bag,unknown,,,,,,,3.058,3.058,3.59,N,90.0,2.99,
1970-01-01 08:00,sitl_sim/bags/t2_A_173156.bag,unknown,,,,,,,3.058,3.058,0.79,N,54.0,1.79,
1970-01-01 08:00,sitl_sim/bags/t2_A_clean.bag,unknown,,,,,,,3.058,3.058,0.79,N,54.0,1.79,
2026-09-27 17:55,sitl_sim/bags/t2_B_175551.bag,unknown,,,,,,,0.796,0.796,1.23,N,66.0,2.19,
2026-09-27 17:55,sitl_sim/bags/t2_B_shift.bag,unknown,,,,,,,0.796,0.796,1.23,N,66.0,2.19,
2026-09-27 17:57,sitl_sim/bags/t2_C_175659.bag,unknown,,,,,,,0.294,0.294,5.11,N,27.0,0.89,
2026-09-27 17:57,sitl_sim/bags/t2_C_shift.bag,unknown,,,,,,,0.294,0.294,5.11,N,27.0,0.89,
2026-09-27 17:57,sitl_sim/bags/t2_D_175728.bag,unknown,,,,,,,3.961,3.961,3.59,N,36.0,1.2,
2026-09-27 17:57,sitl_sim/bags/t2_D_shift.bag,unknown,,,,,,,3.961,3.961,3.59,N,36.0,1.2,
2026-09-27 17:58,sitl_sim/bags/t2_E_175807.bag,unknown,,,,,,,3.139,3.139,0.72,N,30.0,1.02,
2026-09-27 17:58,sitl_sim/bags/t2_E_shift.bag,unknown,,,,,,,3.139,3.139,0.72,N,30.0,1.02,
,sitl_sim/bags/t2w5_p1_205229.bag,,,,,,,,,,,,,8.13,skipped-huge
,sitl_sim/bags/t2w5_p1_210129.bag,,,,,,,,,,,,,8.22,skipped-huge
,sitl_sim/bags/t2w5_p1b_shift.bag,,,,,,,,,,,,,8.22,skipped-huge
,sitl_sim/bags/t2w5_p2_213902.bag,,,,,,,,,,,,,8.07,skipped-huge
1970-01-01 08:00,sitl_sim/bags/t2w5_p2_215545.bag,unknown,"(7,-4,1)",v1,7.04,N,,1.73,2.728,2.728,1.11,N,150.0,5.02,
1970-01-01 08:08,sitl_sim/smoke_runs/run_2026-09-27_165340/flight.bag,unknown,"(7,-4,1)",v2?,0.118,Y,28.1,1.01,0.0,0.0,0.71,N,70.0,0.01,
1970-01-01 08:00,sitl_sim/smoke_runs/run_2026-09-27_171440/flight.bag,unknown,"(7,-4,1)",v1,0.093,Y,33.2,1.2,0.531,0.531,2.21,N,91.0,0.02,
2026-09-27 18:15,sitl_sim/smoke_runs/run_2026-09-27_181440/flight.bag,unknown,"(7,-4,1)",v1,3.314,N,,4.15,0.238,0.238,6.8,N,291.0,0.08,
2026-09-27 18:21,sitl_sim/smoke_runs/run_2026-09-27_182104/flight.bag,unknown,"(7,-4,1)",v1,2.876,N,,1.81,0.175,0.175,2.5,N,293.0,0.08,
2026-09-27 19:19,sitl_sim/smoke_runs/run_2026-09-27_191853/flight.bag,unknown,,,,,,,,,,,99.0,0.03,
2026-09-27 19:31,sitl_sim/smoke_runs/run_2026-09-27_193052/flight.bag,unknown,"(7,-4,1)",v1,3.625,N,,1.86,0.138,0.138,3.16,N,308.0,0.09,
2026-09-27 19:38,sitl_sim/smoke_runs/run_2026-09-27_193748/flight.bag,unknown,"(7,-4,1)",v2?,0.37,Y,38.5,2.1,0.182,0.182,3.98,N,75.0,0.02,
2026-09-27 19:41,sitl_sim/smoke_runs/run_2026-09-27_194052/flight.bag,unknown,"(7,-4,1)",v1,4.854,N,,1.93,0.055,0.055,2.0,N,294.0,0.08,
2026-09-27 19:49,sitl_sim/smoke_runs/run_2026-09-27_194855/flight.bag,unknown,"(7,-4,1)",v2?,3.553,N,,1.44,0.187,0.187,4.63,N,294.0,0.08,
2026-09-27 19:57,sitl_sim/smoke_runs/run_2026-09-27_195708/flight.bag,unknown,"(7,-4,1)",v1,4.137,N,,1.51,0.22,0.22,2.9,N,293.0,0.08,
2026-09-27 20:06,sitl_sim/smoke_runs/run_2026-09-27_200627/flight.bag,unknown,"(7,-4,1)",v1,3.623,N,,2.04,0.055,0.055,3.39,N,307.0,0.09,
1970-01-01 08:00,sitl_sim/smoke_runs/run_2026-09-27_234028/flight.bag,unknown,,,,,,,,,,,820.0,0.18,
1970-01-01 08:00,sitl_sim/smoke_runs/run_2026-09-27_235433/flight.bag,unknown,,,,,,,,,,,557.0,0.15,
1970-01-01 08:00,sitl_sim/smoke_runs/run_2026-09-28_000412/flight.bag,T3 v4 stack (095f554),,,,,,,,,,,59.0,0.02,
1970-01-01 08:00,sitl_sim/smoke_runs/run_2026-09-28_000533/flight.bag,T3 v4 stack (095f554),,,,,,,,,,,371.0,0.1,
1970-01-01 08:00,sitl_sim/smoke_runs/run_2026-09-28_021048/flight.bag,T3 v4 stack (095f554),"(7,-4,1)",v2?,0.146,Y,32.0,1.27,0.471,0.27,0.67,N,69.0,1.09,
1970-01-01 08:00,sitl_sim/smoke_runs/run_2026-09-28_021257/flight.bag,T3 v4 stack (095f554),"(7,-4,1)",v2?,0.109,Y,31.0,1.3,0.376,0.376,0.68,N,68.0,1.07,
1970-01-01 08:00,sitl_sim/smoke_runs/run_2026-09-28_021506/flight.bag,T3 v4 stack (095f554),"(7,-4,1)",v2?,0.095,Y,33.0,1.32,0.421,0.0,1.0,N,69.0,1.08,
1970-01-01 08:00,sitl_sim/smoke_runs/run_2026-09-28_021949/flight.bag,T3 v4 stack (095f554),"(7,-4,1)",v2?,0.274,Y,32.8,1.29,0.421,0.01,0.67,N,69.0,1.09,
1970-01-01 08:00,sitl_sim/smoke_runs/run_2026-09-28_022427/flight.bag,T3 v4 stack (095f554),,,,,,,,,,,311.0,4.79,
1970-01-01 08:00,sitl_sim/smoke_runs/run_2026-09-28_022428/flight.bag,T3 v4 stack (095f554),,,,,,,,,,,311.0,4.79,
1970-01-01 08:00,sitl_sim/smoke_runs/run_2026-09-28_023024/flight.bag,T3 v4 stack (095f554),"(7,-4,1)",v1,0.149,Y,30.4,1.2,0.456,0.456,0.67,N,86.0,1.35,
1970-01-01 08:00,sitl_sim/smoke_runs/run_2026-09-28_023213/flight.bag,T3 v4 stack (095f554),"(7,-4,1)",v2?,0.13,Y,33.5,1.25,0.508,0.508,0.67,N,69.0,1.08,
1970-01-01 08:00,sitl_sim/smoke_runs/run_2026-09-28_023658/flight.bag,T3 v4 stack (095f554),"(7,-4,1)",v2?,0.157,Y,33.3,1.33,0.405,0.182,0.68,N,70.0,1.09,
1970-01-01 08:00,sitl_sim/smoke_runs/run_2026-09-28_034338/flight.bag,T3 v4 stack (095f554),"(8,-1,1)",v2?,0.146,Y,30.6,1.11,0.392,0.392,0.68,N,68.0,1.07,
1970-01-01 08:00,sitl_sim/smoke_runs/run_2026-09-28_035152/flight.bag,T3 v4 stack (095f554),"(7,-4,1)",v2?,0.284,Y,32.2,1.23,0.468,0.082,0.68,N,69.0,1.09,
1970-01-01 08:00,sitl_sim/smoke_runs/run_2026-09-28_040023/flight.bag,T3 v4 stack (095f554),"(7,-4,1)",v2?,0.292,Y,32.8,1.26,0.372,0.0,0.68,N,69.0,1.09,
1970-01-01 08:00,sitl_sim/smoke_runs/run_2026-09-28_040844/flight.bag,T3 v4 stack (095f554),"(8,-1,1)",v2?,0.129,Y,29.9,1.09,1.261,0.26,0.68,N,68.0,1.07,
1970-01-01 08:00,sitl_sim/t3_runs/2legA_032226/flight.bag,T3 v4 stack (095f554: yaw90 + odom reseed),"(1,0,1)",v2?,1.185,N,,3.6,0.328,0.0,8.67,Y,196.0,0.1,
1970-01-01 08:00,sitl_sim/t3_runs/2legB_032801/flight.bag,T3 v4 stack (095f554: yaw90 + odom reseed),"(1,0,1)",v2?,3.519,N,,4.12,0.054,0.054,5.31,N,193.0,0.15,
1970-01-01 08:00,sitl_sim/t3_runs/2legC_033445/flight.bag,T3 v4 stack (095f554: yaw90 + odom reseed),"(7,-4,1)",v1,7.606,N,,0.0,3.1,3.1,5.88,N,507.0,0.33,
1970-01-01 08:00,sitl_sim/t3_runs/V1_173916/flight.bag,T3-W2 experiment stack (0de090e-),"(1,0,1)",v2?,3.839,N,,2.46,0.238,0.0,3.29,N,534.0,0.15,
2026-09-27 18:29,sitl_sim/t3_runs/V2c_182910/flight.bag,T3-W2 experiment stack (0de090e-),"(1,0,1)",v2?,5.606,N,,14.97,0.328,0.328,8.56,Y,534.0,0.15,
2026-09-27 18:42,sitl_sim/t3_runs/V2d_184143/flight.bag,T3-W2 experiment stack (0de090e-),"(1,0,1)",v2?,6.645,N,,52.65,1.085,1.085,0.64,N,266.0,0.07,
2026-09-27 18:48,sitl_sim/t3_runs/V2e_184729/flight.bag,T3-W2 experiment stack (0de090e-),"(1,0,1)",v2?,6.692,N,,14.94,0.997,0.997,0.68,N,196.0,0.05,
2026-09-27 18:59,sitl_sim/t3_runs/V2g_185908/flight.bag,T3-W2 experiment stack (0de090e-),"(1,0,1)",v2?,5.22,N,,2.69,0.359,0.359,4.04,N,461.0,0.13,
2026-09-27 19:13,sitl_sim/t3_runs/V2i_191319/flight.bag,T3-W2 experiment stack (0de090e-),"(1,0,1)",v2?,5.087,N,,3.62,0.053,0.053,4.32,N,95.0,0.03,
2026-09-27 19:22,sitl_sim/t3_runs/V2j_192113/flight.bag,T3-W2 experiment stack (0de090e-),"(1,0,1)",v1,26.189,N,,2.36,1.63,1.63,6.72,Y,110.0,0.03,
1970-01-01 08:00,sitl_sim/t3_runs/W7v1_023942/flight.bag,T3 v4 stack (095f554: yaw90 + odom reseed),"(642724,4.67181e+06,0)",v1,4715811.452,N,,0.0,0.237,0.237,5.06,Y,226.0,7.63,
1970-01-01 08:00,sitl_sim/t3_runs/W7v3_030154/flight.bag,T3 v4 stack (095f554: yaw90 + odom reseed),"(1,0,1)",v2?,3.617,N,,12.35,0.176,0.0,6.97,Y,59.0,0.92,
1970-01-01 08:00,sitl_sim/t3_runs/W7v4y0_030919/flight.bag,T3 v4 stack (095f554: yaw90 + odom reseed),"(1,0,1)",v2?,5.489,N,,1.95,0.054,0.054,11.33,Y,313.0,4.85,
