cell,arm,tag,verdict,jump,arrive,disarm,indom_pct,transit_t0,transit_t1,dbadt,max_bas,tic0_drift,n_diag,box_banner,vins_md5
E12O,B,BX_E12O_B,PASS,0.109,0.317,1,100.000,21.70,23.40,0.2389,0.5088,0.0000,1223,0,d198718f65dde51a846edf26c9ca9439
E12O,A,BX_E12O_A,PASS,0.109,0.327,1,100.000,21.61,23.41,0.3548,0.5366,0.0000,1242,1,d198718f65dde51a846edf26c9ca9439
E12P,A,BX_E12P_A,FAIL,0.740,9.208,1,100.000,20.28,22.26,0.9515,0.5256,0.0000,3988,1,d198718f65dde51a846edf26c9ca9439
E12P,B,BX_E12P_B,FAIL,NA,NA,0,51.755,21.38,23.09,1.1310,7.1195,0.0000,3675,0,d198718f65dde51a846edf26c9ca9439
E8P,A,BX_E8P_A,FAIL,NA,NA,0,100.000,20.24,22.04,0.3729,0.4065,0.0000,979,1,d198718f65dde51a846edf26c9ca9439
E8P,B,BX_E8P_B_r2,FAIL,NA,NA,0,59.691,21.50,23.50,1.0772,1.5440,0.0000,2007,0,d198718f65dde51a846edf26c9ca9439
N8P,B,BX_N8P_B,PASS,0.416,0.377,1,85.320,21.40,26.56,1.8263,2.4475,0.0000,1124,0,d198718f65dde51a846edf26c9ca9439
N8P,A,BX_N8P_A,FAIL,3.579,7.905,1,100.000,21.61,24.01,0.3449,0.6376,0.0000,4116,1,d198718f65dde51a846edf26c9ca9439
NE8O,A,BX_NE8O_A,FAIL,1.175,0.153,1,100.000,21.66,23.41,0.0033,0.4682,0.0000,1169,1,d198718f65dde51a846edf26c9ca9439
NE8O,B,BX_NE8O_B,PASS,0.119,0.101,1,99.909,21.50,23.20,0.4488,0.5754,0.0000,1102,0,d198718f65dde51a846edf26c9ca9439
S12P,B,BX_S12P_B,PASS,0.194,0.198,1,96.709,21.43,23.23,0.9100,1.0800,0.0000,1185,0,d198718f65dde51a846edf26c9ca9439
S12P,A,BX_S12P_A,FAIL,0.149,0.065,0,100.000,21.49,23.10,0.8020,0.6478,0.0000,826,1,d198718f65dde51a846edf26c9ca9439
S8O,A,BX_S8O_A,FAIL,1.048,0.184,1,100.000,21.68,23.49,0.3530,0.5775,0.0000,1167,1,d198718f65dde51a846edf26c9ca9439
S8O,B,BX_S8O_B,PASS,0.160,0.154,1,99.733,21.30,23.06,1.2519,1.0015,0.0000,1122,0,d198718f65dde51a846edf26c9ca9439
S8P,B,BX_S8P_B,PASS,0.057,0.116,1,98.748,21.42,24.10,2.3937,1.0958,0.0000,1118,0,d198718f65dde51a846edf26c9ca9439
S8P,A,BX_S8P_A,FAIL,0.934,0.053,1,100.000,21.36,23.12,0.9119,0.6558,0.0000,1159,1,d198718f65dde51a846edf26c9ca9439
