cell,arm,tag,verdict,jump,arrive,disarm,indom_pct,transit_t0,transit_t1,dbadt,max_bas,tic0_drift,n_diag,tlock_banner,vins_md5
E12O,B,TK_E12O_B,PASS,0.101,0.087,1,100.000,21.40,23.14,0.5098,0.4710,0.0000,1259,0,d198718f65dde51a846edf26c9ca9439
E12O,A,TK_E12O_A,PASS,0.179,0.269,1,96.808,20.40,22.10,0.0216,0.8379,0.0000,1253,1,d198718f65dde51a846edf26c9ca9439
E12P,A,TK_E12P_A,FAIL,NA,NA,NA,61.275,24.41,61.92,0.4262,2.9695,0.0000,1286,1,d198718f65dde51a846edf26c9ca9439
E12P,B,TK_E12P_B,FAIL,NA,NA,0,92.784,21.64,24.84,0.4978,4.0208,0.0000,3714,0,d198718f65dde51a846edf26c9ca9439
E8P,A,TK_E8P_A,FAIL,NA,NA,0,72.181,21.21,23.04,0.0972,2.6383,0.0000,949,1,d198718f65dde51a846edf26c9ca9439
E8P,B,TK_E8P_B,FAIL,NA,NA,0,84.247,21.48,25.79,1.1498,1.1634,0.0000,1003,0,d198718f65dde51a846edf26c9ca9439
N8P,B,TK_N8P_B,FAIL,1.264,0.047,1,97.883,21.63,24.82,0.3955,0.7765,0.0000,1181,0,d198718f65dde51a846edf26c9ca9439
N8P,A,TK_N8P_A,FAIL,0.098,7.914,1,99.725,21.54,23.30,0.0585,1.2414,0.0000,4004,1,d198718f65dde51a846edf26c9ca9439
NE8O,A,TK_NE8O_A,PASS,0.034,0.081,1,99.636,21.50,23.31,0.0956,0.9687,0.0000,1099,1,d198718f65dde51a846edf26c9ca9439
NE8O,B,TK_NE8O_B,PASS,0.159,0.161,1,99.645,21.41,23.22,0.2497,1.3931,0.0000,1128,0,d198718f65dde51a846edf26c9ca9439
S12P,B,TK_S12P_B,FAIL,3.885,0.206,1,87.452,21.58,25.38,1.3077,1.4758,0.0000,1315,0,d198718f65dde51a846edf26c9ca9439
S12P,A,TK_S12P_A,FAIL,0.142,11.245,1,96.509,20.38,22.18,0.4806,1.3028,0.0000,3982,1,d198718f65dde51a846edf26c9ca9439
S8O,A,TK_S8O_A,FAIL,2.691,4.877,1,99.730,21.60,23.30,0.0905,1.3439,0.0000,4072,1,d198718f65dde51a846edf26c9ca9439
S8O,B,TK_S8O_B,FAIL,4.118,7.278,1,99.174,21.47,23.80,0.6338,1.6407,0.0000,4115,0,d198718f65dde51a846edf26c9ca9439
S8P,B,TK_S8P_B,FAIL,1.475,5.639,1,5.145,21.64,22.87,3.8722,2.5492,0.0000,4451,0,d198718f65dde51a846edf26c9ca9439
S8P,A,TK_S8P_A,FAIL,0.691,7.244,1,0.519,21.31,25.98,0.6342,1.5686,0.0000,4435,1,d198718f65dde51a846edf26c9ca9439
