cost_ratio	bas_ratio	greens_false	jumps_caught	heldout_caught	operating_point
1.5	1.5	6	6	1	0
1.5	2	6	6	1	0
1.5	3	6	5	1	0
1.5	5	5	5	1	0
1.5	8	5	5	1	0
1.5	15	5	5	1	0
1.5	30	5	5	1	0
1.5	50	5	5	1	0
2	1.5	4	4	1	0
2	2	4	4	1	0
2	3	4	3	1	0
2	5	3	3	1	0
2	8	3	3	1	0
2	15	3	3	1	0
2	30	3	3	1	0
2	50	3	3	1	0
3	1.5	4	4	1	0
3	2	4	4	1	0
3	3	2	3	1	0
3	5	1	3	1	0
3	8	1	2	1	0
3	15	1	1	1	0
3	30	1	1	1	0
3	50	1	1	1	0
5	1.5	3	3	0	0
5	2	3	3	0	0
5	3	1	2	0	0
5	5	0	2	0	0
5	8	0	1	0	0
5	15	0	0	0	0
5	30	0	0	0	0
5	50	0	0	0	0
8	1.5	3	3	0	0
8	2	3	3	0	0
8	3	1	2	0	0
8	5	0	2	0	0
8	8	0	1	0	0
8	15	0	0	0	0
8	30	0	0	0	0
8	50	0	0	0	0
15	1.5	3	3	0	0
15	2	3	3	0	0
15	3	1	2	0	0
15	5	0	2	0	0
15	8	0	1	0	0
15	15	0	0	0	0
15	30	0	0	0	0
15	50	0	0	0	0
30	1.5	3	3	0	0
30	2	3	3	0	0
30	3	1	2	0	0
30	5	0	2	0	0
30	8	0	1	0	0
30	15	0	0	0	0
30	30	0	0	0	0
30	50	0	0	0	0
50	1.5	3	3	0	0
50	2	3	3	0	0
50	3	1	2	0	0
50	5	0	2	0	0
50	8	0	1	0	0
50	15	0	0	0	0
50	30	0	0	0	0
50	50	0	0	0	0
