t_t2slv	phase	init_cost	final_cost	iters	slv_ms
9.416	0	23001.2000	579.9910	9	17.2
9.516	1	785390.0000	746.1410	9	15.5
9.616	1	258.0430	187.0890	9	9.7
9.716	1	592.7220	152.6780	9	12.8
9.816	1	179.0420	130.4510	9	18.3
9.916	1	271.5380	127.1320	9	14.2
10.016	1	223.6950	115.0520	9	14.5
10.116	1	532.4260	167.7490	9	16.2
10.216	1	233.1250	129.7630	9	16.0
10.316	1	171.1450	123.8900	9	28.0
10.416	1	174.6460	125.4570	9	15.0
10.516	1	237.4080	122.5990	9	16.3
10.620	1	165.6290	120.3810	9	16.9
10.716	1	341.6270	146.9400	9	23.1
10.816	1	266.4520	145.3760	9	19.7
10.916	1	241.5230	143.2800	9	13.4
11.016	1	239.8070	146.6980	9	14.0
11.116	1	190.4230	151.3060	9	11.2
11.216	1	500.1220	159.3920	9	16.9
11.316	1	234.3390	149.2820	9	17.6
11.420	1	324.0070	146.3000	9	19.0
11.516	1	296.0980	142.9100	9	17.0
11.616	1	444.5480	146.1690	9	7.6
11.716	1	318.9010	144.7200	9	11.8
11.816	1	359.7710	142.1970	9	17.4
11.916	1	210.1820	138.6230	9	18.8
12.016	1	304.6900	136.8790	9	20.9
12.116	1	227.2590	134.8690	9	12.4
12.220	1	237.2000	135.5160	9	12.1
12.316	1	235.0910	129.6990	9	14.7
12.448	1	539.6700	126.9800	9	7.4
12.584	1	343.0610	129.3900	9	10.2
12.716	1	503.1060	131.6980	9	21.7
12.816	1	378.4320	137.3260	9	22.5
12.916	1	282.7850	134.2150	9	8.9
13.016	1	165.0180	130.3610	9	6.6
13.116	1	233.4250	132.1910	9	19.5
13.216	1	251.6990	130.0510	9	13.2
13.320	1	301.2280	124.6740	9	18.6
13.416	1	243.9550	124.5120	9	22.0
13.516	1	216.6500	125.4130	9	18.2
13.616	1	260.6140	124.8110	9	9.3
13.716	1	206.1180	124.5670	9	8.2
13.820	1	293.5300	125.9040	9	7.4
13.920	1	282.7230	127.5770	9	7.5
14.020	1	233.9300	127.4190	9	6.2
14.096	1	365.6690	126.4530	9	18.0
14.196	1	320.5260	126.3740	9	16.6
14.328	1	405.2730	126.4680	9	12.9
14.464	1	371.3790	127.4290	9	26.1
14.560	1	144.9160	124.8380	9	13.7
14.660	1	242.3010	123.7050	9	9.6
14.760	1	278.4170	124.8290	9	16.2
14.860	1	495.5860	177.7840	9	17.5
14.960	1	230.7060	128.4120	9	17.1
15.060	1	5345.6100	143.5770	9	25.3
15.160	1	208.1270	121.1720	9	12.0
15.236	1	205.1970	120.2760	9	11.8
15.336	1	444.3630	120.1380	9	21.8
15.436	1	306.2640	120.1780	9	18.1
15.508	1	138.0720	122.8820	9	20.8
15.636	1	371.7320	123.8210	9	21.1
15.740	1	520.1880	122.7780	9	10.9
15.872	1	463.0680	124.5960	9	12.3
15.980	1	189.4390	126.3140	9	8.6
16.112	1	852.6100	127.5870	9	11.0
16.248	1	367.2830	130.7950	9	9.0
16.380	1	653.2590	134.0640	9	6.3
16.480	1	189.0320	134.8570	9	6.4
16.612	1	310.0880	133.6140	9	23.0
16.744	1	547.9940	135.6320	9	20.5
16.844	1	385.4270	135.9410	9	19.0
16.944	1	165.9820	136.2590	9	16.7
17.044	1	234.6060	138.7590	9	10.1
17.144	1	341.1440	141.9370	9	18.2
17.244	1	225.1260	141.2700	9	24.9
17.344	1	311.5340	142.0720	9	23.2
17.444	1	329.0300	140.1360	9	9.1
17.544	1	239.3540	150.9470	9	10.6
17.644	1	495.0810	147.5810	9	17.4
17.744	1	269.4950	149.4720	9	10.3
17.844	1	354.9590	150.6550	9	14.6
17.944	1	212.7230	150.2290	9	23.5
18.044	1	203.8820	149.6770	9	26.8
18.144	1	215.8410	146.5600	9	11.7
18.244	1	264.4550	146.4290	9	15.6
18.344	1	359.5780	149.9360	9	11.6
18.444	1	522.9450	153.3780	9	12.1
18.544	1	339.0960	153.7650	9	28.2
18.644	1	259.8620	152.4400	9	11.0
18.744	1	188.2940	154.4860	9	19.8
18.844	1	272.2060	156.2790	9	13.8
18.944	1	258.9050	157.1290	9	12.6
19.044	1	163.1210	155.7980	9	17.9
19.144	1	213.0880	151.8030	9	22.1
19.244	1	185.5490	152.6760	9	16.5
19.344	1	180.1710	150.3620	9	6.5
19.444	1	168.5900	146.4680	9	13.2
19.544	1	158.1330	145.3400	9	11.1
19.644	1	173.1670	144.9090	9	6.2
19.744	1	162.4040	144.2600	9	7.0
19.844	1	162.9810	145.0600	9	6.1
19.948	1	169.2240	145.8920	9	13.9
20.048	1	167.0550	146.6350	9	6.9
20.152	1	169.0540	147.5380	9	14.8
20.256	1	178.5790	147.3810	9	8.1
20.380	1	155.7740	147.7180	9	17.4
20.512	1	171.1830	148.3680	9	20.1
20.612	1	180.9060	148.8620	9	22.3
20.712	1	173.0310	149.9300	9	25.9
20.812	1	177.8250	150.5140	9	13.9
20.912	1	209.7930	150.5580	9	25.1
21.012	1	164.6240	150.9460	9	9.5
21.084	1	176.3850	150.5910	9	11.3
21.212	1	161.0900	150.4400	9	34.5
21.316	1	191.4650	152.2070	9	18.6
21.412	1	161.6370	151.3620	9	19.3
21.512	1	160.3730	152.0160	9	20.4
21.612	1	160.7350	152.9690	9	13.3
21.712	1	179.2770	154.4960	9	22.4
21.812	1	206.4430	155.4120	9	19.9
21.912	1	175.6540	149.8790	9	19.6
22.016	1	320.8370	149.3550	9	24.0
22.112	1	156.1790	150.4510	9	22.1
22.212	1	168.7580	150.4780	9	21.6
22.312	1	179.1690	149.8100	9	21.4
22.412	1	1400.7200	219.9020	9	11.5
22.512	1	191.8470	159.1880	9	19.9
22.612	1	205.3830	159.2490	9	25.7
22.712	1	218.4080	159.1900	9	24.8
22.812	1	211.6500	160.9860	9	12.8
22.912	1	215.1080	162.6120	9	25.3
23.012	1	179.4930	162.5910	9	23.2
23.112	1	190.5160	162.0020	9	23.4
23.212	1	170.5710	162.3080	9	21.3
23.312	1	202.6040	163.4170	9	19.8
23.412	1	194.9270	164.5530	9	21.6
23.512	1	182.3440	165.3050	9	15.8
23.612	1	193.7910	166.2780	9	6.6
23.716	1	183.6990	138.8080	9	14.5
23.848	1	175.3700	138.3980	9	6.9
23.944	1	156.3990	137.9390	9	6.5
24.044	1	144.2210	138.1020	9	17.7
24.144	1	155.1860	137.9640	9	19.2
24.244	1	216.1800	138.5590	9	11.6
24.356	1	195.5150	138.3720	9	17.9
24.480	1	182.8290	138.6080	9	15.2
24.584	1	195.5190	139.2750	9	9.0
24.680	1	207.6080	139.5970	9	17.1
24.784	1	177.7560	139.6740	9	30.4
24.912	1	4921.3100	151.6130	9	16.7
24.984	1	141.1270	139.0760	9	9.0
25.080	1	170.4810	138.6740	9	17.0
25.180	1	159.6400	138.3040	9	18.5
25.280	1	147.1720	139.1360	9	13.6
25.380	1	161.1860	139.7270	9	14.7
25.484	1	150.3020	139.9070	9	13.7
25.580	1	150.7350	140.1730	9	15.5
25.680	1	181.3020	141.0660	9	8.1
25.812	1	209.5240	141.5670	9	19.2
25.912	1	179.0460	144.4720	9	16.5
26.012	1	177.3150	145.9870	9	27.4
26.112	1	159.3610	144.5370	9	16.6
26.212	1	973.2820	180.6280	9	16.2
26.348	1	180.6890	158.0800	9	4.4
26.480	1	228.5730	156.1630	9	12.3
26.584	1	276.3260	153.6330	9	5.5
26.680	1	242.9770	153.5720	9	11.7
26.812	1	319.1540	155.6990	9	13.3
26.912	1	299.6440	156.7850	9	3.8
27.044	1	295.1770	157.8180	9	4.9
27.160	1	238.2470	158.2710	9	7.5
27.252	1	215.8550	156.9710	9	5.7
27.360	1	694.3680	156.8060	9	6.5
27.452	1	833.6390	159.6070	9	5.3
27.548	1	263.8460	157.8420	9	13.4
27.660	1	516.2830	158.2170	9	11.2
27.748	1	470.2780	157.9280	9	5.9
27.856	1	913.9480	159.0590	9	5.4
27.964	1	421.3850	158.6240	9	7.5
28.068	1	196.4510	158.7060	9	6.3
28.172	1	454.0130	158.9570	9	10.2
28.268	1	227.5610	157.7330	9	8.7
28.372	1	650.9370	158.6250	9	11.2
28.464	1	628.8950	160.6880	9	6.7
28.568	1	415.8100	161.7920	9	7.1
28.664	1	416.2950	163.6600	9	12.4
28.764	1	255.3630	164.2100	9	10.7
28.868	1	220.1470	163.1950	9	19.5
28.972	1	304.7090	164.4550	9	7.3
29.068	1	291.9070	162.7330	9	5.0
29.168	1	276.7240	160.7500	9	8.5
29.268	1	222.5980	159.4940	9	13.4
29.376	1	297.8500	160.0840	9	7.7
29.472	1	273.9410	163.5080	9	9.7
29.568	1	328.7240	163.7810	9	3.6
29.676	1	443.2950	166.4520	9	11.0
29.768	1	354.5640	167.0030	9	4.5
29.868	1	484.7720	171.1910	9	9.5
29.976	1	454.9730	165.0490	9	6.9
30.080	1	259.4040	166.2520	9	9.6
30.172	1	193.3480	166.2430	9	7.0
30.268	1	183.0320	161.5490	9	6.5
30.368	1	215.2220	162.2580	9	3.8
30.472	1	223.9750	163.7340	9	4.3
30.572	1	188.9380	163.6540	9	10.1
30.676	1	287.4690	165.5350	9	8.5
30.768	1	225.3810	169.0020	9	8.6
30.868	1	571.4230	237.1040	9	14.3
30.976	1	245.1480	225.7440	9	9.6
31.068	1	1222.5400	328.8950	9	20.0
31.168	1	1447.5800	458.0150	9	8.3
31.268	1	674.0660	550.3160	9	24.9
31.368	1	596.2190	551.8080	9	16.5
31.472	1	547.7650	516.9150	9	15.0
31.568	1	670.4480	589.5430	8	15.4
31.668	1	602.6950	520.6990	8	8.7
31.768	1	679.8410	631.4660	7	7.7
31.868	1	675.9750	635.8620	9	12.9
31.972	1	713.8940	640.0450	6	9.2
32.068	1	582.3870	547.3390	6	8.0
32.168	1	679.1440	598.6400	7	25.2
32.268	1	623.2500	581.0090	9	15.5
32.368	1	694.3790	627.6100	9	20.8
32.472	1	540.7120	532.4370	9	25.3
32.568	1	637.7640	597.9930	9	24.6
32.700	1	578.2070	560.7000	9	20.4
32.832	1	689.4360	633.8710	9	25.7
32.932	1	570.9060	549.2480	9	27.8
33.032	1	555.1470	535.8690	9	18.9
33.132	1	536.7100	526.2700	8	26.4
33.232	1	529.9290	524.9320	9	16.4
33.332	1	576.1280	541.7160	9	19.1
33.432	1	542.0260	539.3730	9	20.1
33.532	1	542.5990	538.3420	9	17.9
33.636	1	539.6890	536.5090	9	15.4
33.732	1	600.8330	546.3340	9	18.5
33.832	1	490.0390	483.5540	9	24.0
33.932	1	477.4950	474.7020	9	20.7
34.032	1	476.9510	474.7730	9	14.8
34.132	1	480.7540	477.9250	9	20.6
34.232	1	500.4450	465.4840	9	25.2
34.332	1	470.5500	466.9610	9	18.8
34.432	1	465.2510	459.9790	9	16.4
34.532	1	464.0820	461.7270	9	19.6
34.632	1	453.8960	450.7090	9	13.7
34.732	1	457.7120	455.6590	9	18.0
34.832	1	469.8910	464.0220	9	20.8
34.932	1	460.5030	437.8080	9	33.1
35.032	1	414.8070	412.1030	9	18.2
35.132	1	394.3930	391.5270	9	22.9
35.232	1	377.9760	375.0110	9	21.5
35.332	1	377.8540	375.1910	9	20.1
35.432	1	379.1020	375.9860	9	24.2
35.532	1	378.0230	375.6190	9	14.3
35.632	1	377.4170	374.9720	9	18.5
35.732	1	378.4120	374.6720	9	20.3
35.836	1	375.4530	372.5310	9	23.6
35.932	1	381.4960	374.2580	9	34.0
36.032	1	376.8340	372.7110	9	15.3
36.132	1	375.1650	372.4490	9	13.2
36.232	1	376.6370	373.4250	9	27.5
36.332	1	378.0870	374.7810	9	12.8
36.404	1	378.0880	374.9910	9	12.5
36.504	1	379.8120	376.1300	9	7.6
36.632	1	379.9680	376.8000	9	14.9
36.732	1	379.8160	377.1850	9	20.5
36.832	1	380.4370	377.1210	9	19.8
36.932	1	379.7650	376.0070	9	23.7
37.036	1	381.2450	376.9570	9	14.5
37.136	1	380.9110	376.9090	4	32.3
37.232	1	379.8840	376.4260	9	17.2
37.332	1	380.6230	377.3540	9	19.5
37.432	1	380.5180	377.6760	9	17.4
37.532	1	381.3410	378.0760	9	22.2
37.632	1	384.5890	380.1480	9	16.8
37.732	1	384.7230	381.5500	9	24.0
37.832	1	383.0920	380.0320	8	19.6
37.932	1	383.5770	378.8980	9	19.3
38.032	1	383.2290	379.4890	9	19.6
38.132	1	383.9440	379.9000	9	25.5
38.236	1	382.0060	378.8540	9	29.7
38.332	1	382.1070	378.8170	9	12.6
38.404	1	383.8250	379.7050	9	12.3
38.532	1	383.1560	379.5120	9	20.8
38.632	1	381.5610	379.1420	9	11.7
38.732	1	380.8650	378.4170	9	13.3
38.836	1	384.1390	379.0640	9	9.9
38.932	1	381.4210	378.7710	9	20.3
39.032	1	382.6620	379.2740	9	13.8
39.132	1	385.8230	380.4100	9	20.3
39.232	1	383.4420	379.6760	9	17.2
39.332	1	381.3590	378.8690	9	15.3
39.436	1	383.1400	378.6290	9	20.1
39.532	1	382.2490	378.2700	9	13.2
39.636	1	383.0910	378.2160	9	19.2
39.732	1	386.1160	378.9930	9	26.1
39.832	1	387.7660	379.3520	9	18.3
39.932	1	385.2620	380.6670	9	20.7
40.032	1	383.2590	380.3810	9	22.4
40.132	1	383.1800	379.8410	9	30.8
40.232	1	382.5870	378.8690	9	15.7
40.332	1	384.3700	379.2720	9	28.5
40.432	1	383.0400	380.2410	9	21.7
40.532	1	385.1550	381.3780	9	18.4
40.632	1	388.3750	382.3580	9	18.6
40.732	1	384.1530	381.9370	9	13.2
40.832	1	388.9760	382.8660	9	15.8
40.932	1	383.7830	380.5010	9	33.8
41.032	1	388.3140	381.0300	9	28.6
41.132	1	383.1510	380.4240	9	19.3
41.232	1	385.1910	380.8950	9	25.3
41.332	1	384.6030	381.3830	9	36.2
41.432	1	382.8170	380.8280	9	29.1
41.532	1	381.9280	379.5450	9	23.0
41.632	1	389.3270	382.3880	9	17.0
41.732	1	388.7020	383.6990	9	31.6
41.832	1	384.2960	382.3360	9	26.4
41.932	1	384.0860	381.5210	9	21.6
42.004	1	384.3540	381.5920	9	13.5
42.132	1	386.9970	382.7220	9	20.1
42.232	1	388.2640	381.8710	9	19.2
42.332	1	385.9040	380.9880	9	18.6
42.432	1	390.3510	381.8740	9	14.6
42.532	1	388.1450	382.6420	9	19.5
42.632	1	390.8450	383.4960	9	18.4
42.732	1	393.3310	385.5460	9	10.0
42.832	1	391.5230	386.1770	9	16.2
42.932	1	389.1630	385.8930	9	13.2
43.032	1	390.1360	386.0200	9	15.1
43.136	1	386.4160	384.3500	9	21.4
43.232	1	384.5780	382.1130	6	25.4
43.336	1	386.8440	382.3150	9	29.0
43.432	1	385.2280	382.0420	9	12.6
43.532	1	384.2130	381.7270	9	7.5
43.636	1	384.2450	382.5500	6	9.5
43.772	1	387.3820	383.1290	9	6.8
43.876	1	385.0420	383.4880	9	10.6
43.972	1	387.6430	385.2110	9	6.6
44.068	1	391.8050	388.3300	4	6.7
44.176	1	391.4020	389.3900	9	21.5
44.268	1	390.4090	388.1990	9	14.3
44.368	1	394.7690	389.1650	9	24.7
44.468	1	396.5570	390.9590	9	18.0
44.576	1	394.3430	392.5080	9	12.0
44.672	1	394.5720	393.1740	9	8.0
44.800	1	397.5700	393.7580	9	20.5
44.904	1	394.2720	383.3760	9	23.7
45.032	1	399.3380	384.2610	9	33.5
45.136	1	397.1270	384.6160	9	36.3
45.232	1	387.9810	383.6240	9	16.3
45.332	1	390.4380	384.3660	9	20.8
45.432	1	415.5750	386.2030	5	22.3
45.532	1	393.8560	387.6960	9	17.8
45.632	1	390.5900	386.8630	9	21.3
45.732	1	393.4130	386.5980	9	17.9
45.836	1	395.5470	387.7600	3	17.2
45.932	1	392.2730	389.2530	9	14.2
46.032	1	394.4650	392.1580	9	20.3
46.132	1	403.2670	392.7720	9	21.6
46.232	1	405.4180	363.0560	9	22.5
46.332	1	367.5910	338.4760	9	15.2
46.432	1	345.5170	339.7580	9	17.8
46.532	1	348.8130	340.0920	9	18.0
46.632	1	412.4240	343.1030	9	35.4
46.732	1	311.1540	298.4620	9	19.4
46.832	1	330.2630	306.6180	9	39.2
46.932	1	402.9420	332.6570	9	21.5
47.032	1	469.6350	362.1230	9	18.4
47.132	1	476.4150	373.6340	9	30.7
47.232	1	488.1340	437.2170	9	27.3
47.332	1	1249.8200	774.3950	9	29.3
47.432	1	1358.6800	1180.6200	9	23.0
47.532	1	2116.4400	1583.5000	9	21.0
47.632	1	2525.3500	2113.4500	9	22.0
47.736	1	5817.7700	2118.6000	9	21.0
47.832	1	2592.5600	2413.6100	9	25.8
47.932	1	4195.5600	3716.2200	9	18.2
48.032	1	5967.8500	3918.0200	9	15.4
48.132	1	3625.8300	3292.5300	9	15.2
48.232	1	3025.2100	2723.7300	8	15.8
48.352	1	4657.9600	3641.0100	9	12.9
48.468	1	4722.6700	3413.7900	9	14.6
48.576	1	3502.7100	2777.7900	9	17.9
48.668	1	3269.1800	2922.2300	9	13.4
48.772	1	3161.8700	2975.7700	9	13.4
48.868	1	2775.1000	2672.7100	9	14.5
49.000	1	3517.9900	3249.1300	9	6.2
49.132	1	7819.4100	4082.0700	9	12.5
49.232	1	4222.9500	3115.7600	9	5.0
49.332	1	3272.0300	2835.3600	9	6.4
49.432	1	2320.1700	2297.7700	7	9.4
49.532	1	3525.4000	2407.0600	9	6.2
49.632	1	3311.6300	2703.2900	8	6.9
49.732	1	2651.1700	2458.7400	6	6.5
49.832	1	2857.3200	2759.1100	4	8.0
49.932	1	2479.6700	2450.5200	4	7.9
50.032	1	2505.2700	2451.8000	4	10.0
50.136	1	2600.8800	2523.4000	4	7.8
50.232	1	2554.1700	2529.4500	4	17.3
50.304	1	2538.4100	2531.9300	3	7.1
50.432	1	2546.5600	2537.3900	3	7.5
50.532	1	2546.7300	2541.8300	4	22.3
50.632	1	2598.0300	2584.3700	4	14.2
50.732	1	2601.3000	2597.7300	4	16.6
50.832	1	2608.6300	2604.8800	4	7.6
50.932	1	2619.4200	2614.1300	4	11.7
51.032	1	2716.2600	2630.7800	5	10.7
51.132	1	2641.8500	2638.0000	4	9.6
51.232	1	2656.9200	2653.8100	5	20.5
51.332	1	2674.7000	2671.2900	5	16.3
51.432	1	2704.8000	2540.3400	9	29.6
51.532	1	2550.0200	2541.6900	4	9.8
51.632	1	2556.5700	2550.9400	9	20.0
51.732	1	2555.2900	2548.1800	4	15.0
51.832	1	2649.8400	2564.7400	5	14.9
51.932	1	2584.0000	2576.9900	4	21.2
52.032	1	2558.2800	2556.0000	3	6.1
52.136	1	2564.1600	2560.4600	3	7.5
52.232	1	2660.9300	2609.6200	5	15.4
52.332	1	2608.9100	2606.1000	4	7.5
52.404	1	2625.7200	2621.5500	4	7.4
52.532	1	2647.4900	2635.6600	4	10.5
52.636	1	2876.5000	2723.7200	5	25.8
52.736	1	2701.6600	2697.5400	4	10.7
52.868	1	2723.8200	2711.9800	4	7.7
52.972	1	2880.8800	2817.8300	5	24.5
53.084	1	2723.6500	2716.5500	4	12.7
53.176	1	2729.4000	2725.1900	4	17.8
53.268	1	2837.7300	2782.1800	5	11.4
53.368	1	2798.9800	2791.7300	5	10.2
53.504	1	2812.9100	2803.1300	5	9.6
53.632	1	2822.1300	2806.6700	6	19.8
53.732	1	2950.4700	2862.4000	9	21.2
53.832	1	2763.1100	2754.2800	4	9.3
53.932	1	2771.2900	2764.8600	5	13.6
54.032	1	2776.1100	2769.6900	4	20.6
54.132	1	2899.4100	2829.9000	5	15.7
54.232	1	2821.7300	2817.1300	5	12.8
54.332	1	2825.7900	2820.2400	6	14.5
54.432	1	2905.3300	2842.7700	5	12.3
54.532	1	2788.6000	2778.1700	4	10.2
54.632	1	2775.3700	2770.8400	4	6.8
54.732	1	2828.2400	2805.4400	5	21.4
54.832	1	2790.8900	2786.2600	5	18.8
54.932	1	2801.3600	2796.8100	4	10.4
55.032	1	2812.2700	2807.6000	4	10.2
55.132	1	2912.6300	2846.4900	4	20.4
55.232	1	2837.6200	2831.5900	4	24.5
55.332	1	2832.2200	2826.5000	4	20.2
55.432	1	2829.2100	2825.9000	4	17.7
55.532	1	2978.8500	2876.5700	9	20.4
55.632	1	2832.9500	2830.3500	3	21.3
55.712	1	2838.6900	2836.3700	3	7.2
55.832	1	2845.5100	2842.5700	3	11.7
55.936	1	2958.0900	2885.8200	6	20.2
56.032	1	2849.1800	2836.1300	5	13.3
56.132	1	2840.2600	2832.0600	4	20.9
56.232	1	2850.4200	2841.3600	4	11.2
56.336	1	3046.2900	2924.7800	7	23.5
56.432	1	2881.9100	2877.6600	6	23.2
56.532	1	2895.1400	2890.6200	6	20.7
56.632	1	2901.5100	2898.7100	4	19.3
56.732	1	2932.2900	2886.1500	4	11.3
56.832	1	2859.9700	2854.8800	4	17.3
56.932	1	2856.5900	2851.0100	4	19.8
57.032	1	2860.6200	2855.2100	4	16.5
57.136	1	3025.8800	2880.4500	7	18.7
57.236	1	2815.3000	2811.4000	4	13.0
57.312	1	2816.4600	2811.8800	4	8.5
57.432	1	2830.0800	2823.6900	4	19.7
57.532	1	2868.0300	2834.5400	4	18.1
57.632	1	2842.7800	2838.4200	4	9.2
57.732	1	2854.1200	2847.5600	4	8.9
57.832	1	2858.2400	2851.9200	5	18.1
57.932	1	2971.9300	2891.5500	4	21.3
58.032	1	2920.7700	2910.7600	4	21.0
58.132	1	2911.4700	2905.3000	4	19.2
58.232	1	2927.3000	2922.8900	4	14.7
58.332	1	3022.3100	2954.7700	5	22.5
58.412	1	2897.4000	2892.1500	4	7.6
58.532	1	2881.6000	2877.7400	5	13.0
58.632	1	2887.1300	2883.4800	4	11.3
58.732	1	3081.1600	2978.3400	5	23.2
58.832	1	2942.4700	2937.9300	4	12.0
58.932	1	2908.9700	2903.0600	4	12.6
59.032	1	2920.1800	2911.5500	4	9.1
59.132	1	3062.9900	2961.5200	7	23.3
59.232	1	2922.9100	2918.3200	3	17.5
59.332	1	2905.0300	2900.2400	3	6.9
59.404	1	2910.5900	2905.6600	4	7.5
59.532	1	3112.6100	2981.2200	8	21.7
59.632	1	2932.6900	2926.6400	4	12.4
59.732	1	2933.4300	2929.7300	3	11.8
59.836	1	2944.3100	2938.6800	4	17.1
59.932	1	4541.7300	3530.8800	9	18.3
60.032	1	2983.2300	2967.8300	4	15.3
60.132	1	2982.0300	2977.7400	5	16.0
60.232	1	2996.9700	2990.2500	4	8.0
60.332	1	3058.3400	3007.4000	6	18.7
60.432	1	3006.4600	3001.7500	4	10.0
60.532	1	3008.3200	3000.5400	4	11.0
60.632	1	3002.0500	2995.6800	5	24.1
60.736	1	3180.8400	3058.4000	6	13.5
60.832	1	3056.7100	3045.6900	4	19.9
60.932	1	3060.8000	3054.2800	4	22.2
61.032	1	3063.9800	3059.1500	5	12.3
61.108	1	3192.1500	3088.3300	5	9.9
61.232	1	3085.9500	3079.8800	4	8.5
61.332	1	3092.8800	3089.0300	6	18.2
61.432	1	3104.6400	3098.2500	4	10.3
61.532	1	3136.0700	3093.1700	6	25.9
61.632	1	3108.3500	3099.5500	4	16.9
61.732	1	3122.1100	3112.9700	4	12.8
61.836	1	3128.4800	3123.5300	4	12.5
61.932	1	3242.0000	3162.4600	6	24.5
62.032	1	3176.4500	3169.1700	4	19.0
62.104	1	3187.3700	3182.8800	4	19.5
62.232	1	3192.3100	3186.6600	4	12.7
62.332	1	4820.4200	3864.3300	9	26.5
62.432	1	3692.3200	3134.8100	7	15.1
62.532	1	3146.2700	3140.4200	4	13.5
62.632	1	3142.1600	3137.0300	5	12.0
62.732	1	3238.9900	3142.6700	6	18.1
62.804	1	3140.1100	3136.6600	3	8.6
62.932	1	3150.2800	3145.2800	3	5.5
63.036	1	3157.1600	3150.2300	4	10.2
63.172	1	3262.0000	3168.2000	5	11.7
63.280	1	3184.4200	3178.5300	4	9.2
63.368	1	3193.9500	3190.6700	4	8.9
63.516	1	3318.1700	3240.2400	9	16.3
63.632	1	3160.6500	3153.7600	4	10.6
63.732	1	3151.3500	3147.4800	3	12.6
63.836	1	3309.5400	3161.2900	7	19.5
63.932	1	3150.6700	3145.8600	4	11.3
64.032	1	3115.9700	3111.1600	4	10.6
64.132	1	3121.3100	3117.4600	4	14.9
64.232	1	3162.8700	3130.2500	5	11.0
64.332	1	3136.7200	3130.2000	4	10.1
64.432	1	3142.7700	3137.2000	4	10.8
64.532	1	3154.6100	3150.3100	4	13.0
64.632	1	3276.3000	3180.9900	6	13.6
64.732	1	3163.3600	3159.7900	3	11.3
64.832	1	3173.8400	3169.0900	4	17.5
64.932	1	3182.8000	3178.0500	3	9.5
65.032	1	3512.1400	3222.5700	6	22.9
65.132	1	3212.8400	3205.9500	4	9.0
65.232	1	3227.4100	3217.3100	4	17.4
65.332	1	3198.5100	3192.4500	5	26.8
65.432	1	3210.1100	3202.1000	5	10.9
65.532	1	3289.9000	3224.7300	4	9.9
65.632	1	3190.8500	3186.6500	3	9.2
65.716	1	3198.1700	3194.6700	3	5.8
65.804	1	3206.2600	3203.4400	3	9.6
65.932	1	3353.8200	3293.1700	6	24.0
66.032	1	3212.9400	3207.9500	4	9.1
66.132	1	3212.1300	3207.6800	3	12.4
66.232	1	3216.5500	3210.7000	4	10.4
66.332	1	3314.5600	3223.9800	4	10.6
66.432	1	3246.9900	3234.8500	4	10.8
66.532	1	3247.4200	3243.2700	4	10.3
66.632	1	3221.1100	3215.6200	5	11.7
66.732	1	3228.1100	3223.9100	4	14.4
66.836	1	3306.0100	3240.9900	6	23.8
66.972	1	3246.7800	3241.7400	4	11.0
67.080	1	3247.9200	3244.4300	4	14.6
67.168	1	3245.1700	3239.6600	4	11.1
67.276	1	3369.3500	3256.6600	5	21.2
67.368	1	3264.7900	3260.9300	4	23.3
67.480	1	3273.3400	3265.3900	3	6.4
67.576	1	3263.5600	3252.4700	4	17.9
67.680	1	3631.4200	3267.4300	7	12.9
67.800	1	3263.2000	3257.7700	4	26.6
67.904	1	3270.6700	3265.8300	4	19.7
68.032	1	3280.2900	3271.1400	4	14.3
68.132	1	3315.6800	3241.0500	4	9.1
68.236	1	3247.1500	3239.9600	4	9.1
68.332	1	3246.1800	3242.5700	3	13.7
68.412	1	3392.4100	3286.9700	6	17.6
68.532	1	3254.1200	3248.9100	4	24.1
68.632	1	3239.7700	3236.1900	3	7.8
68.732	1	3247.8500	3241.5300	4	12.7
68.832	1	3317.3300	3222.1500	5	16.4
68.912	1	3221.1300	3215.4800	3	9.3
69.032	1	3224.4900	3219.4200	4	13.0
69.132	1	3234.5400	3230.3800	3	8.4
69.232	1	3313.7400	3219.1800	7	25.6
69.336	1	3215.5400	3211.2600	3	12.1
69.436	1	3220.8100	3213.9500	3	20.3
69.532	1	3222.8100	3218.4400	3	6.9
69.632	1	3522.1000	3286.5700	6	21.3
69.732	1	3258.7400	3252.4500	4	19.9
69.832	1	3239.9600	3235.1000	3	16.3
69.932	1	3247.5300	3240.8300	3	8.1
70.032	1	3350.7700	3253.7600	5	21.6
70.132	1	3264.1000	3256.2200	4	8.9
70.232	1	3273.3400	3263.4700	4	15.4
70.332	1	3278.9700	3268.4400	4	10.1
70.436	1	3336.0600	3265.0000	6	16.8
70.572	1	3254.3800	3247.8900	3	14.5
70.672	1	3256.5100	3253.0400	3	14.7
70.800	1	3255.0800	3250.3000	3	9.3
70.876	1	3338.2300	3288.7400	5	9.2
70.984	1	3308.3500	3303.5700	3	7.3
71.100	1	3283.0900	3278.0000	4	17.4
71.232	1	3292.3500	3282.6900	4	12.7
71.332	1	3375.2900	3299.5400	4	11.8
71.432	1	3313.7100	3308.9300	3	11.1
71.536	1	3328.5300	3321.6200	4	17.2
71.668	1	3331.8000	3328.3000	3	11.2
71.772	1	3538.3800	3426.4800	6	23.9
71.868	1	3406.9700	3402.8700	4	16.5
71.980	1	3409.3900	3398.1200	5	11.8
72.068	1	3398.7900	3390.8500	4	12.1
72.168	1	5244.6700	4370.9200	9	28.7
72.272	1	3436.5600	3401.8300	6	15.9
72.380	1	3392.4900	3386.7500	3	18.0
72.468	1	3404.4600	3400.2500	3	9.8
72.568	1	3495.5000	3424.0500	5	10.8
72.668	1	3432.0300	3425.9800	3	14.1
72.768	1	3436.7100	3431.1800	4	16.4
72.868	1	3442.9100	3436.9700	4	14.3
72.968	1	3927.1500	3451.0500	6	25.0
73.072	1	3444.5600	3437.4800	4	12.8
73.168	1	3447.5000	3443.1100	4	7.2
73.268	1	3459.8400	3455.3700	5	8.9
73.368	1	3517.5100	3470.1500	4	10.5
73.476	1	3473.0100	3465.9700	3	13.1
73.600	1	3449.9000	3441.4000	4	16.4
73.704	1	3451.7300	3444.9900	4	16.3
73.832	1	3674.8500	3463.0000	5	14.3
73.932	1	3454.6300	3444.3300	3	7.3
74.032	1	3462.3800	3454.5500	3	14.1
74.132	1	3468.8800	3464.5800	3	18.8
74.236	1	3510.8300	3456.9700	4	23.8
74.332	1	3467.9700	3462.5000	3	10.2
74.432	1	3468.7800	3463.1700	3	13.1
74.532	1	3475.8300	3470.7200	3	11.9
74.604	1	3481.4500	3477.8800	3	7.0
74.704	1	3568.1600	3519.2800	5	14.6
74.832	1	3527.0200	3521.6200	3	18.9
74.932	1	3528.1900	3523.5400	3	13.4
75.032	1	3541.4900	3532.8800	4	10.3
75.132	1	3655.5300	3580.3100	5	14.7
75.232	1	3578.2400	3574.6700	3	17.7
75.312	1	3574.7800	3569.7200	3	6.3
75.436	1	3562.0300	3553.0300	4	10.0
75.532	1	3553.7800	3549.3000	3	7.8
75.632	1	3622.9300	3578.2800	5	13.0
75.732	1	3530.9200	3522.4700	4	15.5
75.832	1	3532.2600	3526.8700	3	7.0
75.932	1	3533.9200	3526.1200	4	11.0
76.032	1	3781.4600	3568.7100	4	22.1
76.108	1	3542.4600	3538.4200	3	6.8
76.236	1	3556.9300	3548.8200	5	18.9
76.336	1	3566.8200	3555.2500	4	16.1
76.468	1	3632.5800	3577.8100	5	20.2
76.568	1	3592.7100	3586.5200	6	18.3
76.668	1	3587.2000	3580.6300	3	14.1
76.768	1	3597.0000	3592.0000	5	10.6
76.868	1	3684.0400	3646.0100	6	13.0
76.968	1	3641.6800	3636.2200	4	17.2
77.068	1	3654.9200	3646.2900	4	8.7
77.168	1	3650.9900	3644.5200	3	8.7
77.272	1	3653.5300	3645.0000	4	10.2
77.368	1	3776.2800	3680.4100	7	12.9
77.468	1	3687.4400	3677.1600	4	7.0
77.568	1	3694.3300	3689.6000	3	6.2
77.668	1	3703.5300	3696.9000	4	7.1
77.768	1	3699.9400	3694.9800	4	7.0
77.872	1	3791.1300	3737.6800	4	7.3
77.984	1	3758.1200	3751.2100	4	13.9
78.068	1	3766.2800	3761.1200	3	15.3
78.172	1	3789.0300	3780.3400	4	17.0
78.268	1	3875.5900	3815.1100	9	17.8
78.372	1	3787.2500	3780.1800	5	12.6
78.468	1	3800.7800	3790.3100	5	13.9
78.568	1	3800.4600	3790.6000	4	9.8
78.668	1	3894.0700	3826.9100	6	24.1
78.768	1	3817.6900	3813.5600	4	20.0
78.868	1	3818.8500	3813.3700	4	19.7
78.968	1	3834.2600	3827.7200	4	19.8
79.084	1	3847.3100	3839.4800	4	16.0
79.168	1	3931.5600	3856.1700	5	12.6
79.272	1	3867.9000	3860.0800	5	20.4
79.368	1	3868.0900	3859.9400	5	14.6
79.484	1	3863.7500	3856.6700	4	9.0
79.568	1	3864.2100	3858.7600	7	23.7
79.668	1	4012.6600	3917.2100	8	27.7
79.768	1	3870.6400	3862.3700	4	10.9
79.868	1	3864.8500	3859.1000	3	20.2
79.968	1	3876.7000	3872.1900	4	10.8
80.068	1	3882.8600	3876.7800	4	13.6
80.188	1	4010.2700	3919.2400	6	11.6
80.268	1	3882.7300	3874.9300	4	10.8
80.368	1	3894.4100	3885.1900	4	18.1
80.468	1	3897.5500	3891.6000	4	9.3
80.576	1	3918.7100	3908.6300	4	10.9
80.668	1	3959.7500	3901.6900	5	20.2
80.768	1	3880.2200	3871.3100	4	12.8
80.868	1	3879.9200	3874.6300	4	8.4
80.968	1	3882.0500	3876.5200	3	14.6
81.076	1	3891.3900	3883.1200	4	13.5
81.172	1	3943.7000	3880.3800	4	23.1
81.268	1	3823.2800	3814.5100	3	14.2
81.368	1	3850.0900	3835.1700	4	21.3
81.468	1	3854.9800	3849.1100	3	11.5
81.568	1	3845.5400	3840.4900	3	6.6
81.668	1	3885.7700	3816.3500	4	20.6
81.800	1	3838.4600	3822.9300	4	10.1
81.932	1	3840.4400	3828.2900	4	14.6
82.004	1	3841.7200	3834.7900	4	10.5
82.108	1	3919.2400	3861.0200	4	14.7
82.232	1	3871.4200	3858.4300	4	16.8
82.332	1	3891.2200	3870.2200	4	14.6
82.436	1	3882.2000	3871.6000	4	18.9
82.536	1	3937.9000	3880.7300	6	15.1
82.692	1	3891.8200	3881.6300	4	19.4
82.780	1	3895.0500	3887.6500	4	20.5
82.876	1	4158.3400	3917.2900	5	10.1
82.984	1	3898.5800	3894.2200	3	7.8
83.088	1	3904.2600	3897.6000	3	6.2
83.176	1	3907.7600	3901.9400	3	9.5
83.284	1	3916.1500	3911.0300	4	9.3
83.380	1	4050.4200	3947.3600	6	20.1
83.468	1	3963.9100	3954.0100	5	20.9
83.572	1	3955.2200	3948.3500	3	10.1
83.668	1	3951.8700	3943.2400	4	24.0
83.780	1	3947.5100	3938.3300	4	9.7
83.884	1	3959.3400	3950.2500	4	24.0
84.000	1	3978.3000	3964.8900	4	10.1
84.136	1	4043.1500	3975.6000	6	17.2
84.232	1	3994.5200	3985.8900	4	11.7
84.332	1	4005.1100	3999.0600	5	26.8
84.432	1	4010.6600	4006.8500	4	20.8
84.532	1	4019.5200	4012.1000	4	27.3
84.632	1	4016.3700	4009.4700	5	23.4
84.732	1	4021.9200	4017.0200	4	16.8
84.832	1	4097.6400	4042.5800	9	17.1
84.932	1	4027.8200	4021.3800	4	23.1
85.012	1	4029.2600	4024.1600	4	11.2
85.132	1	4045.2600	4034.0400	4	22.2
85.232	1	4050.3200	4040.9000	4	13.4
85.304	1	4044.3100	4039.4700	3	12.8
85.440	1	4053.5900	4042.1700	4	8.7
85.536	1	4068.5700	4057.1600	5	13.4
85.688	1	4103.1400	4043.0900	7	26.2
85.800	1	4056.4500	4047.1900	4	16.5
85.880	1	4064.6400	4057.3900	5	14.1
85.976	1	4071.0900	4063.7900	5	11.6
86.112	1	4040.8400	4034.5300	4	8.2
86.232	1	4044.3900	4034.8200	4	21.7
86.332	1	4892.6300	3991.0400	9	31.7
86.432	1	3981.4900	3970.2700	5	25.2
86.532	1	3976.7500	3967.3100	5	26.5
86.632	1	3978.7200	3970.6300	4	14.2
86.736	1	3984.0600	3974.4200	5	24.7
86.836	1	3985.8800	3978.7700	5	23.9
86.932	1	3985.5600	3979.7300	3	8.7
87.032	1	3988.6000	3983.4700	4	13.1
87.132	1	3998.3100	3991.2900	3	20.2
87.208	1	3997.5900	3992.9300	4	7.7
87.332	1	3981.2600	3937.4700	5	21.8
87.404	1	3945.1700	3940.7700	3	13.3
87.532	1	3958.3600	3951.9300	3	6.7
87.632	1	3976.0200	3968.0700	4	11.4
87.732	1	3987.2300	3980.3400	5	16.9
87.832	1	3995.4100	3990.0700	5	11.0
87.932	1	3998.9400	3995.1300	3	15.4
88.032	1	4001.8500	3992.8000	4	15.2
88.104	1	3990.5700	3985.8700	3	10.7
88.232	1	3998.0100	3989.5000	3	7.9
88.332	1	3999.9300	3994.0700	3	14.4
88.408	1	4003.4500	3998.0700	3	9.0
88.532	1	4014.4100	4006.5100	3	17.7
88.632	1	4038.0300	3991.7300	5	18.5
88.732	1	4008.3700	4001.8900	3	13.3
88.808	1	4011.9800	4004.3400	4	10.4
88.936	1	4014.3600	4004.9900	4	17.8
89.032	1	4027.8800	4010.8200	4	20.3
89.132	1	4015.5700	4007.4200	4	15.0
89.232	1	4006.8600	4001.9300	3	8.2
89.332	1	4011.4500	4005.4000	4	10.4
89.432	1	4017.7700	4011.4400	4	9.7
89.532	1	4020.6700	4015.8800	4	15.8
89.632	1	4051.8200	3969.3100	4	10.3
89.732	1	3980.4600	3975.1800	3	13.0
89.804	1	3987.9400	3984.0700	4	12.5
89.912	1	3990.5500	3986.0800	4	8.0
90.032	1	3987.9600	3981.8600	4	15.8
90.136	1	3988.7900	3982.7300	3	7.8
90.288	1	3994.6200	3984.5800	3	7.1
90.384	1	3983.8800	3979.4800	3	12.8
90.480	1	3984.7200	3976.7700	3	11.0
90.588	1	3983.9500	3977.9900	3	8.2
90.684	1	3986.5100	3982.3400	3	8.0
90.784	1	4101.0100	4004.3600	4	23.4
90.872	1	4014.2600	4007.7700	3	13.6
90.968	1	4021.7800	4015.8600	3	8.7
91.084	1	4021.9300	4016.6100	3	6.7
91.184	1	4021.2400	4013.9400	4	10.2
91.284	1	4027.2200	4020.3400	4	10.2
91.388	1	4028.0400	4022.6200	3	6.7
91.472	1	4031.0500	4025.5700	3	9.5
91.568	1	4035.2700	4030.7500	3	9.3
91.688	1	4049.4800	4040.3100	3	9.1
91.800	1	4052.1300	4046.4900	3	16.3
91.900	1	4065.2800	4007.6100	9	29.1
92.000	1	3995.1700	3989.2500	7	18.3
92.136	1	4011.9600	4004.4300	8	40.8
92.216	1	4014.9000	4011.0100	6	11.7
92.304	1	4018.9400	4015.8800	4	9.0
92.408	1	3992.8800	3988.5300	5	17.9
92.532	1	4002.6600	3996.9200	4	9.4
92.636	1	3978.6200	3971.6800	4	7.2
92.768	1	3987.7200	3920.8400	7	20.0
92.868	1	3927.6400	3922.1400	3	13.9
92.968	1	3928.4600	3924.3800	3	20.4
93.068	1	3941.4500	3934.3400	3	9.5
93.212	1	3950.9200	3941.4600	3	8.4
93.332	1	3956.2800	3948.6800	4	20.3
93.432	1	3961.1000	3955.5300	5	20.3
93.508	1	3968.3700	3964.3200	6	15.2
93.620	1	3986.9100	3922.7300	7	14.5
93.732	1	3925.0000	3921.0400	4	16.7
93.804	1	3936.9900	3932.8400	3	6.1
93.916	1	3947.9500	3944.2000	4	17.7
94.004	1	3957.3400	3954.1200	3	22.3
94.112	1	3973.9200	3969.0900	3	5.8
94.232	1	3991.9100	3987.8700	3	17.1
94.332	1	4009.2600	4004.2800	4	13.0
94.404	1	3977.9900	3973.7100	3	19.2
94.512	1	3974.3300	3971.3200	3	10.7
94.624	1	3984.0600	3976.0100	3	7.9
94.732	1	3986.2100	3981.0100	3	9.3
94.832	1	3953.5300	3948.5400	3	15.2
94.932	1	3948.5400	3944.5100	3	9.0
95.032	1	3937.1700	3931.3400	4	19.5
95.108	1	3920.4900	3916.6700	3	7.6
95.212	1	3915.9700	3911.4700	4	10.3
95.332	1	3918.4400	3910.2400	3	13.8
95.432	1	3914.2600	3909.5100	3	19.5
95.508	1	3914.8100	3911.5200	3	7.1
95.624	1	3923.0900	3915.7200	3	6.9
95.732	1	3921.0500	3916.1100	3	16.8
95.808	1	3922.0500	3914.3300	3	10.6
95.932	1	3924.9800	3912.0000	4	16.0
96.032	1	3917.7000	3912.2200	3	15.0
96.108	1	3924.1800	3918.0600	3	7.9
96.212	1	3927.7900	3923.1400	4	7.7
96.308	1	3932.0600	3924.3800	3	11.4
96.412	1	3922.4700	3916.3500	3	8.4
96.532	1	3922.4600	3911.3200	4	12.1
96.632	1	3914.7700	3906.3600	3	11.2
96.732	1	3914.7400	3905.4500	3	10.2
96.836	1	3911.1300	3906.3700	3	21.2
96.916	1	3912.8700	3908.2100	3	12.2
97.032	1	3915.7300	3909.4100	3	11.7
97.132	1	3919.0100	3913.5700	3	12.9
97.232	1	3922.1100	3918.0700	3	15.6
97.312	1	3928.1000	3922.3000	4	7.7
97.432	1	3936.0000	3923.8800	4	18.1
97.532	1	3924.1100	3918.3200	4	16.2
97.632	1	3918.2800	3912.9600	3	11.7
97.732	1	3916.1800	3911.2900	3	10.6
97.832	1	3917.5800	3911.2400	3	10.9
97.904	1	3916.9500	3912.4900	3	14.1
98.036	1	3921.5500	3918.0300	3	15.9
98.172	1	3927.0800	3918.5900	3	11.0
98.268	1	3917.2300	3912.1100	3	14.0
98.368	1	3912.4600	3907.6600	3	11.4
98.468	1	3914.5000	3907.9500	3	12.8
98.568	1	3919.2300	3914.0000	3	12.6
98.668	1	3925.1000	3921.2900	4	9.7
98.768	1	3931.6300	3927.8700	4	18.0
98.868	1	3930.0100	3926.7000	4	18.7
98.968	1	3927.3100	3921.3300	4	8.0
99.068	1	3922.0300	3917.2000	3	6.9
99.168	1	3921.5000	3918.2900	3	9.8
99.272	1	3932.6200	3925.3100	4	12.6
99.368	1	3937.4200	3928.1500	4	14.9
99.468	1	3931.1700	3922.6200	4	23.3
99.568	1	3922.9100	3916.5100	4	10.4
99.712	1	3917.5200	3910.5700	3	7.0
99.832	1	3915.6300	3908.5900	3	13.9
99.904	1	3916.4400	3910.6400	4	11.8
100.016	1	3924.5000	3916.7000	3	5.6
100.104	1	3930.0200	3924.6200	3	13.7
100.216	1	3939.9400	3932.8700	4	8.3
100.308	1	3938.7300	3932.2400	4	11.7
100.432	1	3940.9700	3931.1500	4	15.0
100.504	1	3935.8400	3929.1100	4	11.5
100.620	1	3932.8800	3924.7500	4	12.2
100.732	1	3929.2500	3924.7700	4	18.6
100.804	1	3930.0700	3925.7800	3	6.9
100.912	1	3933.4700	3929.5200	3	6.1
101.032	1	3939.4700	3935.2900	4	7.1
101.136	1	3944.2700	3940.0100	3	5.6
101.268	1	3948.0400	3942.5000	4	24.3
101.368	1	3948.0200	3941.6700	4	16.8
101.500	1	3942.2200	3937.6200	4	24.2
101.600	1	3941.9700	3938.0400	4	16.4
101.732	1	3947.1500	3942.7300	4	18.1
101.832	1	3958.4100	3951.1200	4	15.4
101.932	1	3959.6200	3954.0900	4	21.4
102.032	1	3954.4500	3950.2700	3	18.0
102.132	1	3955.6100	3951.0500	4	14.7
102.232	1	3956.8400	3951.2900	3	22.0
102.332	1	3958.5500	3952.6400	4	18.0
102.436	1	3961.8300	3955.4100	4	20.5
102.568	1	3966.4500	3959.2000	4	12.9
102.668	1	3967.4400	3963.0800	4	13.4
102.772	1	3969.7400	3964.2700	4	17.5
102.868	1	3969.2100	3965.1500	4	17.0
102.972	1	3968.4500	3963.5200	4	13.2
103.068	1	3963.0400	3958.8000	4	9.8
103.168	1	3962.3800	3957.7600	4	16.6
103.268	1	3967.5500	3964.4300	3	8.1
103.400	1	3974.5000	3969.9100	4	12.2
103.536	1	3978.6100	3973.2200	4	15.1
103.668	1	3957.2000	3937.6200	5	11.0
103.800	1	3946.4600	3935.0600	3	7.8
103.932	1	3942.5500	3939.0300	3	12.6
104.004	1	3915.9000	3913.0400	4	10.6
104.132	1	3922.6900	3919.9700	4	16.8
104.232	1	3921.8700	3918.3000	4	12.8
104.332	1	3914.4200	3910.7200	4	19.2
104.432	1	3906.8200	3901.7800	4	11.7
104.532	1	3901.4600	3894.5600	4	22.2
104.636	1	3895.5100	3893.1600	3	8.2
104.732	1	3897.4100	3895.2100	3	14.8
104.832	1	3898.9800	3895.2300	3	9.0
104.932	1	3894.5500	3890.6800	4	16.8
105.036	1	3891.2200	3887.6900	4	12.7
105.168	1	3897.4900	3890.4800	4	10.9
105.268	1	3904.9800	3890.7500	5	11.5
105.372	1	3902.5000	3889.1100	4	9.9
105.468	1	3891.5300	3887.8300	4	7.6
105.568	1	3889.4100	3887.1300	3	8.2
105.668	1	3896.5000	3889.4600	3	9.2
105.768	1	3894.2600	3891.7600	3	17.3
105.868	1	3897.0900	3894.3900	4	7.6
105.968	1	3904.6600	3899.7600	3	11.1
106.068	1	3907.3000	3901.6900	4	19.8
106.168	1	3903.0600	3900.1000	4	18.8
106.268	1	3900.6500	3895.6600	4	10.7
106.372	1	3897.2400	3892.6200	3	5.6
106.472	1	3899.6200	3896.5900	4	10.1
106.600	1	3905.9800	3901.9500	4	17.2
106.736	1	3907.6100	3905.2700	3	12.1
106.868	1	3913.7000	3901.8400	4	12.4
106.968	1	3900.5600	3897.0400	4	8.1
107.068	1	3902.9600	3898.9300	3	12.3
107.168	1	3909.7700	3903.4300	5	11.4
107.268	1	3911.6000	3901.7800	5	13.9
107.368	1	3905.0300	3898.6700	4	23.0
107.468	1	3903.1900	3896.6200	3	11.5
107.568	1	3900.3800	3896.5300	4	9.3
107.668	1	3904.1800	3901.1400	4	7.2
107.768	1	3904.7700	3900.7700	4	20.8
107.868	1	3900.5700	3897.4600	3	13.5
107.972	1	3899.7000	3894.4800	4	14.5
108.068	1	3901.9000	3894.4300	4	11.5
108.168	1	3903.8200	3899.0700	4	17.8
108.268	1	3907.9600	3903.5000	4	17.6
108.368	1	3907.0900	3903.8700	3	12.7
108.468	1	3905.3900	3900.0200	4	20.1
108.568	1	3901.2400	3897.0700	3	16.1
108.668	1	3901.3000	3898.2500	3	17.7
108.768	1	3902.8100	3899.9300	3	13.7
108.868	1	3912.4000	3903.3700	4	15.3
108.968	1	3913.8400	3909.1900	3	14.8
109.068	1	3914.7700	3910.7500	4	13.9
109.168	1	3919.1300	3910.8300	4	12.3
109.268	1	3917.3800	3911.9000	5	11.1
109.368	1	3920.4500	3911.3000	4	7.2
109.468	1	3923.5000	3906.6300	4	7.3
109.568	1	3917.4500	3907.9900	5	14.5
109.668	1	3921.1100	3912.3600	4	15.1
109.768	1	3912.3400	3908.8900	4	10.0
109.868	1	3908.3500	3904.9100	4	20.3
109.968	1	3914.9000	3904.2400	4	14.7
110.068	1	3911.3400	3907.5100	4	10.0
110.172	1	3933.6900	3908.2400	5	9.2
110.268	1	3915.8100	3907.0900	4	7.2
110.368	1	3912.1900	3909.1400	3	10.7
110.468	1	3916.8100	3912.9900	4	16.5
110.568	1	3917.4000	3913.0400	4	23.1
110.668	1	3915.1800	3910.2600	4	12.7
110.768	1	3914.1300	3909.1700	3	10.5
110.868	1	3907.1400	3901.5100	4	16.0
110.968	1	3899.7300	3892.7300	4	16.6
111.068	1	3896.3300	3847.7500	9	22.3
111.168	1	3810.6400	3801.8900	5	13.8
111.268	1	5243.6000	3816.9500	5	22.8
111.368	1	3805.0500	3793.6200	6	10.0
111.468	1	3821.4100	3786.5300	4	7.0
111.568	1	3918.0900	3847.9400	5	10.8
111.668	1	3936.3800	3892.1200	5	17.4
111.768	1	4040.0000	4004.4300	5	9.2
111.868	1	4069.4100	4015.5300	7	18.9
111.968	1	4056.8700	4027.9100	4	13.6
112.068	1	4009.2800	3985.7000	4	6.1
112.168	1	3953.9100	3893.3000	4	4.5
112.272	1	3927.8100	3895.7500	9	7.6
112.368	1	3899.2300	3833.4900	9	12.7
112.468	1	4115.2800	4032.2400	7	7.7
112.568	1	3861.4000	3836.9700	9	8.7
112.700	1	4006.5000	3755.2000	7	6.0
112.832	1	3883.3400	3721.0700	8	13.9
112.932	1	3687.8500	3660.3400	8	10.4
113.032	1	3675.5500	3663.8900	8	19.2
113.136	1	3866.8500	3668.8600	5	5.5
113.236	1	3674.7600	3665.4400	7	10.8
113.372	1	3688.9000	3674.1000	8	4.4
113.472	1	3729.2000	3665.0300	8	4.5
113.568	1	3680.4600	3669.1600	8	9.4
113.668	1	3676.3400	3669.4300	8	7.1
113.768	1	3733.2300	3675.0200	8	9.8
113.868	1	3689.4000	3677.2400	9	9.6
113.968	1	3689.0000	3681.6200	8	11.1
114.100	1	3704.0300	3688.7400	6	3.7
114.232	1	3690.1600	3684.1100	5	2.9
114.332	1	3699.4400	3681.0400	5	3.6
114.432	1	3694.2000	3684.6000	5	9.8
114.532	1	3692.1900	3686.0900	7	13.0
114.632	1	3706.6600	3688.0100	5	7.6
114.732	1	3702.4800	3691.7900	6	11.1
114.836	1	3696.9200	3692.2300	9	18.1
114.968	1	3700.7000	3690.4300	9	8.9
115.068	1	3698.4500	3691.3600	7	7.9
115.168	1	3694.9600	3688.1800	6	8.2
115.268	1	3696.4900	3689.4400	6	11.4
115.368	1	3755.4300	3693.7300	8	4.2
115.468	1	3700.4300	3693.7800	5	2.7
115.568	1	3704.2600	3693.6800	8	12.7
115.668	1	3701.2700	3693.4500	7	11.6
115.768	1	3757.5600	3695.4900	8	8.6
115.868	1	3701.7300	3695.0100	5	5.0
115.968	1	3701.7300	3693.2300	7	13.0
116.068	1	3736.4000	3697.6600	9	4.9
116.168	1	3702.3800	3696.4800	4	2.2
116.272	1	3702.8900	3694.4800	6	3.2
116.368	1	3700.7500	3694.2500	5	3.0
116.468	1	3703.6800	3694.4400	5	8.4
116.568	1	3725.1000	3682.0000	8	6.3
116.672	1	3686.7100	3681.8400	7	6.0
116.768	1	3685.3900	3681.9400	4	4.7
116.868	1	3685.0200	3682.4600	3	6.0
116.968	1	3687.2000	3683.3700	4	4.8
117.068	1	3686.8200	3683.4800	3	7.1
117.200	1	3687.4000	3684.2800	3	2.9
117.336	1	3688.2400	3684.7000	4	8.8
117.432	1	3691.4900	3686.4500	5	3.1
117.532	1	3691.4900	3687.4900	7	5.7
117.604	1	3690.6100	3687.0000	6	5.1
117.736	1	3691.6600	3686.6600	5	9.9
117.868	1	3692.3300	3686.4200	9	5.5
117.968	1	3692.9600	3687.1000	9	12.8
118.068	1	3690.7400	3687.7800	9	6.8
118.168	1	3692.6100	3688.5400	9	10.1
118.300	1	3699.9200	3688.7200	8	4.7
118.432	1	3698.0500	3690.1400	9	13.2
118.532	1	3693.1100	3689.2500	3	7.4
118.604	1	3716.6600	3688.5100	6	4.5
118.732	1	3695.6400	3688.3900	4	7.1
118.832	1	3693.9600	3688.7600	9	15.2
118.932	1	3696.2600	3689.8000	8	13.4
119.036	1	3697.7300	3691.2300	5	6.8
119.168	1	3707.4300	3696.5100	9	3.3
119.268	1	3747.7400	3736.9400	9	4.1
119.368	1	3702.7200	3692.9100	9	5.2
119.468	1	3767.4600	3757.8600	9	2.1
119.568	1	3694.4600	3686.5400	9	6.2
119.672	1	3695.7200	3684.0400	8	11.0
119.768	1	3697.4400	3686.4300	5	9.1
119.868	1	3690.6500	3684.5400	9	4.7
119.968	1	3691.4600	3682.8300	6	13.4
120.100	1	3687.6500	3683.5900	9	7.2
120.232	1	3690.6200	3685.9500	4	2.6
120.332	1	3691.9500	3688.7100	6	3.8
120.432	1	3693.0400	3689.8700	4	6.1
120.532	1	3686.2500	3677.8500	4	9.0
120.632	1	3681.7100	3678.2500	4	5.3
120.732	1	3681.5100	3678.9000	5	12.3
120.832	1	3683.1700	3679.4700	9	9.3
120.932	1	3686.2200	3679.9100	9	12.4
121.036	1	3682.1100	3679.8800	9	8.5
121.168	1	3685.2900	3679.6400	4	9.0
121.268	1	3685.1600	3679.9100	9	5.4
121.368	1	3688.4200	3681.3800	9	2.4
121.468	1	3700.2400	3683.4400	9	2.0
121.568	1	3691.2700	3684.5400	4	10.3
121.672	1	3677.7700	3672.6200	7	4.6
121.768	1	3677.1000	3673.9700	9	1.9
121.868	1	3678.9900	3674.4800	5	3.2
121.968	1	3679.2900	3675.2600	4	12.6
122.068	1	3677.8000	3674.7000	3	5.8
122.168	1	3677.3400	3674.6300	4	10.1
122.268	1	3679.0700	3675.0700	9	2.1
122.400	1	3679.7900	3674.4300	4	8.1
122.532	1	3679.9400	3674.6800	5	11.3
122.632	1	3677.4800	3674.1700	5	9.4
122.732	1	3679.0300	3673.4500	4	7.6
122.832	1	3676.3900	3673.7900	5	6.9
122.932	1	3678.0100	3674.0700	3	7.0
123.032	1	3675.6500	3669.1200	7	13.4
123.132	1	3673.1500	3669.3100	5	9.6
123.232	1	3671.9600	3669.2200	9	6.1
123.332	1	3674.4600	3671.9800	9	1.9
123.432	1	3679.6400	3672.0600	6	3.6
123.536	1	3678.2700	3674.6500	4	5.1
123.668	1	3684.1400	3676.1100	4	9.1
123.768	1	3678.6600	3676.2900	3	6.6
123.868	1	3677.9500	3675.6400	3	3.4
123.968	1	3679.7600	3677.3500	3	5.1
124.068	1	3683.2900	3678.9400	4	3.9
124.168	1	3683.1700	3680.0900	4	10.0
124.268	1	3683.6600	3681.2600	3	2.3
124.372	1	3759.4900	3752.6000	5	3.0
124.468	1	3684.6400	3680.4800	7	13.5
124.572	1	3686.0100	3681.2200	4	8.0
124.668	1	3685.0100	3682.2600	9	3.8
124.768	1	3686.8500	3683.0400	5	8.2
124.900	1	3687.6600	3682.2600	5	11.6
125.000	1	3686.8600	3683.3500	3	2.8
125.132	1	3782.6000	3695.5700	9	21.8
125.232	1	3696.6700	3693.2700	4	4.8
125.332	1	3696.8000	3693.6400	4	8.3
125.436	1	3697.1200	3692.2200	3	6.5
125.568	1	3695.8600	3690.0600	5	7.5
125.668	1	3693.7000	3688.6900	9	5.9
125.768	1	3691.9800	3688.3800	4	14.7
125.868	1	3695.1400	3690.3400	4	6.4
125.968	1	3694.5500	3691.7900	6	6.4
126.068	1	3696.6000	3693.0500	8	8.1
126.168	1	3699.4800	3695.2700	9	6.0
126.268	1	3702.7100	3697.4600	6	12.5
126.368	1	3705.4700	3699.7100	7	7.2
126.472	1	3707.6600	3699.7900	9	5.1
126.568	1	3704.5200	3697.3200	7	11.9
126.668	1	3699.6900	3694.6600	4	4.1
126.768	1	3697.6300	3693.7100	5	5.7
126.868	1	3697.6600	3693.7900	3	6.8
126.968	1	3699.0700	3694.7400	5	8.3
127.068	1	3700.5200	3695.1900	4	5.4
127.168	1	3697.4500	3694.8800	3	7.1
127.268	1	3697.6700	3693.7400	9	5.8
127.368	1	3696.2000	3693.2500	9	3.6
127.468	1	3702.3900	3694.0200	9	2.6
127.568	1	3706.1100	3693.4900	9	2.0
127.668	1	3697.9200	3693.0400	9	3.8
127.768	1	3711.0000	3695.5200	9	3.3
127.868	1	3710.3800	3700.4400	9	4.3
127.968	1	3729.4800	3698.3400	9	7.8
128.068	1	3722.5400	3712.8900	9	6.0
128.168	1	3698.7800	3696.2000	9	8.4
128.268	1	3704.3300	3697.9300	4	2.7
128.368	1	3701.9100	3698.7700	9	2.0
128.468	1	3699.8000	3695.7500	5	6.7
128.568	1	3699.1200	3695.7100	5	7.3
128.668	1	3698.7000	3696.4000	9	6.9
128.768	1	3703.8400	3696.8500	5	3.8
128.868	1	3698.3300	3695.1600	4	2.7
128.968	1	3698.3600	3695.6900	4	4.4
129.100	1	3699.6900	3696.0000	4	9.1
129.204	1	3700.6300	3697.7600	5	6.2
129.332	1	3701.6100	3698.8900	3	6.3
129.432	1	3701.3800	3698.1700	4	8.4
129.532	1	3701.9700	3698.7300	4	10.7
129.632	1	3703.8700	3699.6800	5	9.9
129.732	1	3703.7800	3701.0800	4	9.7
129.832	1	3705.8200	3702.4000	4	9.5
129.932	1	3704.8700	3701.6100	5	10.3
130.032	1	3703.3000	3700.4900	3	7.1
130.132	1	3703.6700	3700.8500	5	12.5
130.232	1	3705.1800	3701.7200	4	7.3
130.332	1	3707.7000	3703.9600	5	10.0
130.432	1	3707.2800	3704.4000	5	9.0
130.532	1	3708.0200	3703.9300	5	10.7
130.632	1	3708.1000	3705.0800	4	7.0
130.732	1	3710.4500	3705.9200	5	9.1
130.832	1	3712.0600	3706.8800	5	7.2
130.932	1	3710.1100	3706.9600	5	6.1
131.032	1	3710.0600	3706.1300	7	12.3
131.132	1	3709.6900	3706.3800	4	9.4
131.236	1	3708.1400	3705.0600	4	9.4
131.368	1	3709.1200	3705.2000	4	8.4
131.468	1	3698.4500	3695.8700	4	3.2
131.568	1	3698.5900	3695.8800	5	3.2
131.672	1	3701.8500	3697.5300	4	2.7
131.772	1	3705.3200	3697.8300	8	4.8
131.868	1	3701.4500	3696.6800	5	3.1
131.968	1	3699.1000	3696.2000	5	3.3
132.068	1	3777.2400	3724.7700	9	3.5
132.168	1	3743.5200	3712.1100	9	2.8
132.268	1	3715.2000	3710.3800	9	3.2
132.368	1	3718.1600	3710.9300	9	2.8
132.468	1	3724.3300	3714.7800	9	4.3
132.568	1	3722.0800	3715.5500	9	2.8
132.672	1	3726.8400	3712.5000	9	2.8
132.768	1	3723.8100	3713.2600	9	2.2
132.868	1	3725.2100	3713.9400	9	3.5
132.968	1	3733.8800	3714.2500	9	3.2
133.068	1	3730.0200	3714.7900	9	4.3
133.168	1	3731.8400	3715.6900	9	3.6
133.268	1	3720.3200	3716.2600	9	2.4
133.368	1	3729.6000	3716.2300	9	2.7
133.468	1	3727.9600	3718.8900	9	3.3
133.568	1	3725.1300	3718.3400	9	2.3
133.668	1	3723.6600	3717.5300	9	2.2
133.768	1	3720.8700	3716.8600	9	2.2
133.868	1	3741.0000	3718.6400	9	2.2
133.972	1	3723.8700	3719.2500	9	2.2
134.068	1	3749.7200	3717.9500	9	3.5
134.200	1	3728.9600	3718.7400	9	2.9
134.300	1	3735.1400	3718.4900	9	2.8
134.432	1	3735.7800	3718.1500	9	2.7
134.532	1	3735.5100	3717.9500	9	2.1
134.632	1	3727.0600	3718.7500	9	2.1
134.732	1	3744.6000	3718.1000	9	2.7
134.832	1	3738.9600	3718.0200	9	2.7
134.932	1	3727.1400	3718.9700	9	3.8
135.032	1	3735.1700	3719.7700	9	2.7
135.104	1	3724.9900	3719.6100	9	3.4
135.204	1	3734.8400	3720.7100	9	8.0
135.304	1	3736.0900	3720.4200	9	2.9
