scene,round,batch_log,ev,hafix_lines,watch,autoland,killdisarm,cleared,landed,auto_disarm,result_class,z_end,arrive,verdict
S1_hover_1m,1,/home/ghj/sitl_sim/t1_evidence/v11_28_2026-10-07/unit3_3d_hafix_multirun/S1_hover_1m_r1.log,/home/ghj/sitl_sim/vins_smoke_runs/run_DRILLD1_N8P_214206,5,2,1,1,1,1,0,true_fail,0.105,ARRIVED_TRUTH,PASS
S1_hover_1m,2,/home/ghj/sitl_sim/t1_evidence/v11_28_2026-10-07/unit3_3d_hafix_multirun/S1_hover_1m_r2.log,/home/ghj/sitl_sim/vins_smoke_runs/run_DRILLD1_N8P_215653,5,2,1,1,1,0,0,true_fail,1.445,TIMEOUT,FAIL
S1_hover_1m,3,/home/ghj/sitl_sim/t1_evidence/v11_28_2026-10-07/unit3_3d_hafix_multirun/S1_hover_1m_r3.log,/home/ghj/sitl_sim/vins_smoke_runs/run_DRILLD1_N8P_221950,7,3,1,1,2,1,0,true_fail,0.104,ARRIVED_TRUTH,PASS
S1_hover_1m,4,/home/ghj/sitl_sim/t1_evidence/v11_28_2026-10-07/unit3_3d_hafix_multirun/S1_hover_1m_r4.log,/home/ghj/sitl_sim/vins_smoke_runs/run_DRILLD1_N8P_224245,-1,0,0,0,0,NO_RESULT_TXT,NO_RESULT_TXT,NO_RESULT_TXT,NA,NA,FAIL
S1_hover_1m,5,/home/ghj/sitl_sim/t1_evidence/v11_28_2026-10-07/unit3_3d_hafix_multirun/S1_hover_1m_r5.log,/home/ghj/sitl_sim/vins_smoke_runs/run_DRILLD1_N8P_225838,0,0,0,0,0,1,0,true_fail,0.136,ARRIVED_TRUTH,FAIL
S2_hover_3m,1,/home/ghj/sitl_sim/t1_evidence/v11_28_2026-10-07/unit3_3d_hafix_multirun/S2_hover_3m_r1.log,/home/ghj/sitl_sim/vins_smoke_runs/run_DRILLD1_N8P_214621,-1,0,0,0,0,NO_RESULT_TXT,NO_RESULT_TXT,NO_RESULT_TXT,NA,NA,FAIL
S2_hover_3m,2,/home/ghj/sitl_sim/t1_evidence/v11_28_2026-10-07/unit3_3d_hafix_multirun/S2_hover_3m_r2.log,/home/ghj/sitl_sim/vins_smoke_runs/run_DRILLD1_N8P_220558,-1,0,0,0,0,NA,NA,NA,NA,NA,FAIL
S2_hover_3m,3,/home/ghj/sitl_sim/t1_evidence/v11_28_2026-10-07/unit3_3d_hafix_multirun/S2_hover_3m_r3.log,/home/ghj/sitl_sim/vins_smoke_runs/run_DRILLD1_N8P_222406,3,1,1,1,0,0,0,true_fail,1.028,TIMEOUT,FAIL
S2_hover_3m,4,/home/ghj/sitl_sim/t1_evidence/v11_28_2026-10-07/unit3_3d_hafix_multirun/S2_hover_3m_r4.log,/home/ghj/sitl_sim/vins_smoke_runs/run_DRILLD1_N8P_224313,5,2,1,1,1,0,0,true_fail,0.973,TIMEOUT,FAIL
S2_hover_3m,5,/home/ghj/sitl_sim/t1_evidence/v11_28_2026-10-07/unit3_3d_hafix_multirun/S2_hover_3m_r5.log,/home/ghj/sitl_sim/vins_smoke_runs/run_DRILLD1_N8P_230253,3,1,1,0,1,NA,NA,NA,NA,NA,FAIL
S3_transit,1,/home/ghj/sitl_sim/t1_evidence/v11_28_2026-10-07/unit3_3d_hafix_multirun/S3_transit_r1.log,/home/ghj/sitl_sim/vins_smoke_runs/run_DRILLD1_N8P_214950,0,0,0,0,0,1,0,true_fail,0.134,ARRIVED_TRUTH,FAIL
S3_transit,2,/home/ghj/sitl_sim/t1_evidence/v11_28_2026-10-07/unit3_3d_hafix_multirun/S3_transit_r2.log,/home/ghj/sitl_sim/vins_smoke_runs/run_DRILLD1_N8P_220927,5,2,1,1,1,0,0,true_fail,0.916,TIMEOUT,FAIL
S3_transit,3,/home/ghj/sitl_sim/t1_evidence/v11_28_2026-10-07/unit3_3d_hafix_multirun/S3_transit_r3.log,/home/ghj/sitl_sim/vins_smoke_runs/run_DRILLD1_N8P_223311,-1,0,0,0,0,NO_RESULT_TXT,NO_RESULT_TXT,NO_RESULT_TXT,NA,NA,FAIL
S3_transit,4,/home/ghj/sitl_sim/t1_evidence/v11_28_2026-10-07/unit3_3d_hafix_multirun/S3_transit_r4.log,/home/ghj/sitl_sim/vins_smoke_runs/run_DRILLD1_N8P_225218,-1,0,0,0,0,NO_RESULT_TXT,NO_RESULT_TXT,NO_RESULT_TXT,NA,NA,FAIL
S3_transit,5,/home/ghj/sitl_sim/t1_evidence/v11_28_2026-10-07/unit3_3d_hafix_multirun/S3_transit_r5.log,/home/ghj/sitl_sim/vins_smoke_runs/run_DRILLD1_N8P_230621,5,2,1,1,1,1,0,true_fail,0.105,ARRIVED_TRUTH,PASS
S4_land_1m,1,/home/ghj/sitl_sim/t1_evidence/v11_28_2026-10-07/unit3_3d_hafix_multirun/S4_land_1m_r1.log,/home/ghj/sitl_sim/vins_smoke_runs/run_DRILLD1_N8P_215405,0,0,0,0,0,1,1,phys_green,0.105,ARRIVED_TRUTH,FAIL
S4_land_1m,2,/home/ghj/sitl_sim/t1_evidence/v11_28_2026-10-07/unit3_3d_hafix_multirun/S4_land_1m_r2.log,/home/ghj/sitl_sim/vins_smoke_runs/run_DRILLD1_N8P_221832,-1,0,0,0,0,NO_RESULT_TXT,NO_RESULT_TXT,NO_RESULT_TXT,NA,NA,FAIL
S4_land_1m,3,/home/ghj/sitl_sim/t1_evidence/v11_28_2026-10-07/unit3_3d_hafix_multirun/S4_land_1m_r3.log,/home/ghj/sitl_sim/vins_smoke_runs/run_DRILLD1_N8P_223339,5,2,1,1,1,0,0,true_fail,1.022,TIMEOUT,FAIL
S4_land_1m,4,/home/ghj/sitl_sim/t1_evidence/v11_28_2026-10-07/unit3_3d_hafix_multirun/S4_land_1m_r4.log,/home/ghj/sitl_sim/vins_smoke_runs/run_DRILLD1_N8P_225546,4,2,0,0,2,1,1,true_fail,0.105,ARRIVED_TRUTH,PASS
S4_land_1m,5,/home/ghj/sitl_sim/t1_evidence/v11_28_2026-10-07/unit3_3d_hafix_multirun/S4_land_1m_r5.log,/home/ghj/sitl_sim/vins_smoke_runs/run_DRILLD1_N8P_231036,-1,0,0,0,0,NA,NA,NA,NA,NA,FAIL
