machine	round	j0_total	jump_m	transit_m	jump_frac	dominant	t_end	acc_peak	gyr_peak	truth_z_max	prop_bbox	odom_bbox	drift_fin	lost_fail	nan_cnt	reboot_cnt	init_n	scene_hint
3090	run_ARMCHK_225326													0	263	34	35	
3090	run_DIAGCAUCHY_231757	34.2888	16.9502	17.3812	0.4937	mixed	72.33							0	0	0	1	
3090	run_DIAGGUARD2_233403	0.4181	0.0	0.4181	0.0	transit	284.28	69.6	1.71					0	0	0	1	
3090	run_DIAGGUARD_233048													0	0	0	0	
3090	run_E2FAIL3_024009													0	0	0	1	
3090	run_E2FAIL5_024737													0	0	0	0	
3090	run_E2PROBE_022152													0	0	0	1	
3090	run_E4R2-GOFF-D10-LODOM_100819	1.8916	0.0	1.8916	0.0	transit	289.51	87.9	3.33					0	0	0	1	
3090	run_E4R2-GOFF-D10_095056	0.0566	0.0	0.0566	0.0	transit	211.09	12.2	1.49					0	0	0	1	
3090	run_E4R2-GOFF-D30-I125_103836	0.0162	0.0	0.0162	0.0	negligible	88.87	85.6	0.4					0	0	0	1	
3090	run_E4R2-GOFF-D30_102511	0.1181	0.0	0.1181	0.0	transit	211.76	11.9	1.35					0	0	0	1	
3090	run_E4R2-GOFF-D60_103420	0.0306	0.0	0.0306	0.0	negligible	211.68	11.3	1.47					0	0	0	1	
3090	run_E4R2-GON-D10_095654	0.1221	0.0	0.1221	0.0	transit	210.14	12.2	1.47					0	0	0	1	
3090	run_E4R2-GON-D30_101723	10.1559	9.0358	8.7274	0.5087	mixed	287.26	92.3	33.57					0	0	0	4	
3090	run_E4R2-REGRESS_104334	0.1421	0.0	0.1421	0.0	transit	210.89	14.9	2.27					0	0	0	1	
3090	run_E4_GOFF_D10_192513													0	0	0	1	
3090	run_E4_GOFF_D10_193039	25.4806	4.8981	20.6543	0.1917	transit	37.7	114.9	8.3					0	0	0	1	
3090	run_E4_GOFF_D10_R2_194927	8.7107	0.1581	8.562	0.0181	transit	34.56	126.3	33.6					0	0	0	1	
3090	run_F3-P1B_095639	45.1202	919.2404	897.0431	0.5061	mixed	349.0							0	0	6	19	
3090	run_F3B10_154733	630.689	472.9698	298.2332	0.6133	mixed	139.29							1	0	0	5	
3090	run_F3B11_155643	2.2413	1.4694	1.6127	0.4768	mixed	81.46							1	0	0	2	
3090	run_F3B12_160420	336.4471	314.3477	197.0137	0.6147	mixed	267.66							0	0	0	17	
3090	run_F3B13_161000	3.1235	52.4382	41.8136	0.5564	mixed	140.16							1	0	0	3	
3090	run_F3B14_163613	15.8045	18.2034	11.1424	0.6203	mixed	170.39							0	0	0	1	
3090	run_F3B15_190535	29.0701	30.6614	5.1095	0.8572	jump	253.13							0	0	0	2	
3090	run_F3B16_191620	1.3863	0.1446	0.3699	0.281	transit	77.02							1	0	0	2	
3090	run_F3B2_031639													0	0	0	0	
3090	run_F3B2_032241													0	0	0	0	
3090	run_F3B2_034130													0	0	0	0	
3090	run_F3B2_035213	0.1227	0.0	0.1227	0.0	transit	210.05	12.9	1.5					0	0	0	1	
3090	run_F3B3_042444	0.059	0.0	0.059	0.0	transit	61.04	88.4	0.51					1	0	0	1	
3090	run_F3B4_043658	0.0363	0.0	0.0363	0.0	negligible	60.21	85.2	1.06					1	0	0	1	
3090	run_F3B5_092608	29.5284	241.3467	244.5196	0.4967	mixed	138.97							1	0	6	10	
3090	run_F3B6_093203	15.6918	13.4496	7.3607	0.6463	mixed	192.4							0	0	0	2	
3090	run_F3B7_093720	10.6922	215.6827	205.6978	0.5118	mixed	145.28							1	0	0	2	
3090	run_F3B8_094417	0.0262	0.0	0.0262	0.0	negligible	157.15							0	0	0	1	
3090	run_F3B9_094909	25.0048	36.629	13.0192	0.7378	jump	140.12							1	0	3	4	
3090	run_F3B_023027													0	0	0	1	
3090	run_SUPHV2a_230310	0.3708	0.0	0.3708	0.0	transit	42.81							0	340	216	216	
3090	run_SUPHV2b_230920	10.5028	6.5432	13.8383	0.321	transit	285.84							0	873	154	154	
3090	run_SUPHV3a_001611	0.9073	0.0	1.3454	0.0	transit	162.81	87.9	2.52					0	0	0	2	
3090	run_SUPHV3b_001918	3.9089	0.8032	4.1547	0.162	transit	162.79	70.0	2.87					0	0	0	1	
3090	run_SUPHVa_224750	4.73	0.5942	4.4052	0.1189	transit	178.31							0	0	0	1	
3090	run_SUPHVb_225134													0	0	0	1	
3090	run_SUPP2A_234133	2.3487	0.187	2.461	0.0706	transit	281.26							0	0	0	1	
3090	run_SUPP2Av2_235010	2.429	44.2879	42.1317	0.5125	mixed	331.28							0	0	0	3	
3090	run_SUPP2Av3_235735	0.8232	0.0	0.8232	0.0	transit	283.3	79.6	2.6					0	0	0	1	
3090	run_SUPP3INJ_000528	2.1587	0.0	0.9856	0.0	transit	283.1							0	0	0	1	
3090	run_SUPX1a_224035													0	0	0	1	
3090	run_SUPX1b_224122	6.8162	542.3791	206.3013	0.7244	jump	339.54	92.4	9.15					0	0	0	12	
3090	run_SUPX2a_225543	3.9487	0.0	0.3676	0.0	transit	179.34							1	592	73	74	
3090	run_SUPX2b_230005	3.3657	0.0	0.345	0.0	transit	126.87							1	360	52	52	
3090	run_T2BL10_210001													0	0	0	6	
3090	run_T2BL1_201552	11.2646	36.8508	24.412	0.6015	mixed	60.05							1	0	0	2	
3090	run_T2BL2_201729	417.6259	150.1311	509.9344	0.2274	transit	440.0							0	0	0	13	
3090	run_T2BL3_202549	1.5719	7.5259	7.5184	0.5002	mixed	77.38							1	0	0	2	
3090	run_T2BL4_202722	116.2197	304.0856	238.0634	0.5609	mixed	364.35							0	0	0	15	
3090	run_T2BL5_203404	0.6641	0.0179	0.6525	0.0267	transit	278.51	64.4	1.82					0	0	0	1	
3090	run_T2BL6_203956	26.654	129.52	105.0674	0.5521	mixed	192.92							1	0	0	4	
3090	run_T2BL7_204325	64.1053	21.4464	46.0563	0.3177	transit	319.2							0	0	0	1	
3090	run_T2BL8_204921	35.6292	21.1386	39.3326	0.3496	mixed	165.83							1	0	0	4	
3090	run_T2BL9_205405	7.7549	4.0006	5.9079	0.4038	mixed	319.32							0	0	0	1	
3090	run_T2M0_010259	0.0901	0.2054	0.2788	0.4243	mixed	216.62							0	0	0	1	
3090	run_T2MACH10_020846	16.7593	114.2055	115.1952	0.4978	mixed	383.42							0	0	0	2	
3090	run_T2MACH11_021559	4.1762	112.7872	105.6612	0.5163	mixed	384.08							0	0	0	3	
3090	run_T2MACH12_022312	9.2966	98.0927	86.1143	0.5325	mixed	383.82							0	0	0	2	
3090	run_T2MACH1_010832	4.7015	128.8177	126.6098	0.5043	mixed	264.77							0	0	0	3	
3090	run_T2MACH2_011343	2.722	0.2273	2.6523	0.0789	transit	215.74							0	0	0	1	
3090	run_T2MACH3_011804	0.0076	0.0	0.0076	0.0	negligible	381.38							0	0	0	2	
3090	run_T2MACH4_012523	13.0736	143.6938	137.4102	0.5112	mixed	380.62							0	0	0	3	
3090	run_T2MACH5_013233	2.9968	226.526	223.8521	0.503	mixed	381.04							0	0	0	2	
3090	run_T2MACH6_013944	65.1725	34.3501	77.3655	0.3075	transit	383.47							0	0	0	3	
3090	run_T2MACH7_014657	5.9919	148.5384	151.5205	0.495	mixed	383.5							0	0	0	3	
3090	run_T2MACH8_015411	4.1881	0.6112	3.6693	0.1428	transit	382.95							0	0	0	1	
3090	run_T2MACH9_020133	964.6754	493.3616	471.3623	0.5114	mixed	384.17							0	0	0	2	
3090	run_T2RA10_132515	2.4082	44.5804	44.5499	0.5002	mixed	706.91							0	0	1	5	
3090	run_T2RA11gnd_133759													0	0	0	1	gnd
3090	run_T2RA12hov_133845	0.0848	0.0	0.0848	0.0	transit	218.16							0	0	0	1	hov
3090	run_T2RA13_134733	0.9809	0.1078	0.9253	0.1043	transit	386.33							0	0	0	1	
3090	run_T2RA14_135448	0.4933	0.0	0.4933	0.0	transit	387.3	57.1	2.47					0	0	0	1	
3090	run_T2RA15_140205	6.569	5.1271	8.9552	0.3641	mixed	478.99							0	0	0	2	
3090	run_T2RA16_141056	8.4614	1.0041	8.9179	0.1012	transit	706.34							0	0	0	1	
3090	run_T2RA17hov_142425	0.5783	0.0	0.5783	0.0	transit	219.27							0	0	0	1	hov
3090	run_T2RA18gnd_142339													0	0	0	1	gnd
3090	run_T2RA19_143516	4.068	0.954	3.1616	0.2318	transit	218.61							0	0	0	1	
3090	run_T2RA1_122012	4.0812	0.7429	3.3746	0.1804	transit	218.22							0	0	0	1	
3090	run_T2RA20_143940	3.3519	29.0879	28.4928	0.5052	mixed	387.73							0	0	1	3	
3090	run_T2RA21_144657	3.32	0.6368	2.7875	0.186	transit	706.41							0	0	0	1	
3090	run_T2RA22_145941	5.324	30.1737	33.3182	0.4752	mixed	707.84							0	0	0	2	
3090	run_T2RA23hov_151312	0.6772	0.3302	0.8221	0.2865	transit	266.5							0	0	0	1	hov
3090	run_T2RA24gnd_151226													0	0	0	1	gnd
3090	run_T2RA2_122435	3.8322	1.2858	2.7662	0.3173	transit	386.49							0	0	0	1	
3090	run_T2RA3_123151	5.0493	246.7233	29.8132	0.8922	jump	706.44							0	0	0	3	
3090	run_T2RA4_124434	4.8319	1.0803	3.7687	0.2228	transit	705.25							0	0	0	1	
3090	run_T2RA5hover_121549	0.2319	0.0	0.2319	0.0	transit	217.35							0	0	0	1	hov
3090	run_T2RA7_125801	54.1833	3.0264	53.843	0.0532	transit	220.32							0	0	0	1	
3090	run_T2RA8_130517	3.4559	2.1115	3.5275	0.3744	mixed	386.29							0	0	0	1	
3090	run_T2RA9_131232	21.2032	12.69	3.8548	0.767	jump	706.33							0	0	0	2	
3090	run_T2U4OBS1_031531													0	0	0	0	
3090	run_T2U4OBS1_031909	1.2489	0.5029	1.5404	0.2461	transit	198.33	68.9	2.04					0	0	0	1	
3090	run_T2U4OBS1r_032512	7.4646	217.5295	218.8492	0.4985	mixed	377.06	106.4	8.89					0	0	0	3	
3090	run_T2U4OBS2_033232	3.9314	70.5846	65.8586	0.5173	mixed	376.05	160.0	12.93					0	0	0	2	
3090	run_T2ZETA1_131820	2.2253	2.045	1.5291	0.5722	mixed	286.97							0	0	0	3	
3090	run_T2ZETA2_132510	6.1406	9.425	5.9554	0.6128	mixed	352.64							0	0	0	1	
3090	run_T2ZETA3_133227	55.1547	52.9634	4.5457	0.921	jump	294.6							0	0	0	2	
3090	run_T2ZETA4_135544	1.6391	1.6904	1.2612	0.5727	mixed	104.49							1	0	0	2	
3090	run_T2ZETA5_140137	7.4659	8.5493	4.1561	0.6729	jump	350.56							0	0	0	5	
3090	run_T2ZETACTL2_134622	2.0214	1.3024	0.8903	0.594	mixed	69.03							1	0	0	2	
3090	run_T2ZETACTRL_133959													0	0	0	0	
3090	run_T3U1V_023428	6.4686	234.561	230.3677	0.5045	mixed	383.53	93.5	11.09					0	0	0	3	
3090	run_U25FIX_035839	1.9372	0.0	0.1698	0.0	transit	287.92	139.3	12.9					0	0	0	2	
3090	run_U3PH_210708													0	0	0	1	
3090	run_U3PO_211438	2.6025	1.9068	2.9652	0.3914	mixed	382.35	88.1	5.29					0	0	0	1	
3090	run_U7OL1_195920	609.7745	552.911	58.2848	0.9046	jump	95.87	87.5	4.44					0	0	0	1	
3090	run_U7OL2_202043	0.3917	0.0	0.3917	0.0	transit	209.46	13.8	2.0					0	0	0	1	
3090	run_V8_PROBECHECK_205100													0	0	0	1	
3090	run_VRFY1_023908	5.3647	0.0	0.2365	0.0	transit	337.55	94.2	16.54					1	955	110	111	
3090	run_VRFY2_040542	0.1003	0.0	0.1003	0.0	transit	114.58							0	0	0	1	
3090	run_VRG1_025100	0.137	0.0	0.137	0.0	transit	112.36	86.1	0.92					0	0	0	1	
3090	run_WAOL5_221128													0	0	0	1	
3090	run_WC2OBS1_030927							104.1	5.23					0	0	0	1	
3090	run_WC2OBS1_032005							94.2	6.73					0	0	0	1	
3090	run_WD1_024016													0	0	0	0	
3090	run_X1_000718													0	0	0	0	
3090	run_X1_002244													0	0	0	0	
3090	run_X1_223836													0	0	0	0	
3090	run_X1final_040643	2.5942	2.2155	2.5176	0.4681	mixed	188.02	14.7	2.62					0	0	0	1	
3090	run_X1final_040931							100.6	3.1					0	0	0	1	
3090	run_X1final_043355	102.704	0.9958	0.9402	0.5143	mixed	196.19	85.9	9.2					0	0	0	1	
3090	run_X1final_101627	471.1789	454.3701	19.2018	0.9595	jump	154.16	75.2	3.35					0	0	0	1	
3090	run_X1final_104445													0	0	0	0	
3090	run_X1final_104720	57.4838	32.4627	26.3657	0.5518	mixed	36.4	103.0	41.31					0	0	0	1	
3090	run_X1final_105449	890.5347	520.6636	372.6956	0.5828	mixed	104.1	54.4	1.01					0	0	0	1	
3090	run_X1final_172424	6.042	5.6842	3.599	0.6123	mixed	34.8	107.5	8.72					0	0	0	1	
3090	run_X2g1_024637	0.8089	0.3962	0.729	0.3521	mixed	304.01	29.3	1.15					0	0	0	1	
3090	run_X2g1_041203	0.674	1.1342	1.1901	0.488	mixed	302.84	105.8	13.45					0	0	6	8	
3090	run_X2g1_041509							90.5	3.31					0	0	0	3	
3090	run_X2g3_025529	0.0918	0.1111	0.1987	0.3585	mixed	216.04	21.7	2.92					0	0	0	1	
3090	run_X2g3_042025													0	0	0	0	
3090	run_X2g4_030233	3.9204	67.5398	57.9638	0.5382	mixed	307.16	147.5	8.38					0	0	0	2	
3090	run_X3l2a_031040	6.2871	0.5449	5.7628	0.0864	transit	426.52	86.6	3.74					0	0	0	1	
3090	run_X3l2b_032653	368.155	226.5238	146.7324	0.6069	mixed	426.06	125.9	8.65					0	0	0	2	
3090	run_health_smoke_1_220521	4.2524	478.986	58.0377	0.8919	jump	305.92							0	0	0	4	
3090	run_health_smoke_2_221729	7.4788	2.5634	5.9302	0.3018	transit	201.16							0	0	0	1	
