t,x,y,z
0.0000,0.01383,-0.06275,0.00085
0.0000,0.01383,-0.06275,0.00085
0.0080,0.01391,-0.06291,0.00095
0.0120,0.01396,-0.06299,0.00100
0.0160,0.01400,-0.06308,0.00106
0.0240,0.01431,-0.06382,0.00148
0.0240,0.01420,-0.06379,0.00134
0.0320,0.01408,-0.06375,0.00121
0.0360,0.01397,-0.06372,0.00107
0.0360,0.01385,-0.06369,0.00093
0.0440,0.01374,-0.06366,0.00079
0.0440,0.01362,-0.06355,0.00064
0.0480,0.01351,-0.06359,0.00051
0.0560,0.01340,-0.06356,0.00037
0.0600,0.01329,-0.06353,0.00024
0.0640,0.01318,-0.06350,0.00010
0.0720,0.01307,-0.06347,-0.00004
0.0720,0.01296,-0.06344,-0.00018
0.0800,0.01286,-0.06341,-0.00032
0.0840,0.01276,-0.06346,-0.00045
0.0880,0.01265,-0.06344,-0.00059
0.0960,0.01268,-0.06360,-0.00057
0.1000,0.01269,-0.06368,-0.00055
0.1040,0.01271,-0.06376,-0.00054
0.1080,0.01273,-0.06384,-0.00052
0.1120,0.01274,-0.06392,-0.00051
0.1200,0.01278,-0.06408,-0.00047
0.1200,0.01280,-0.06416,-0.00046
0.1280,0.01282,-0.06424,-0.00045
0.1320,0.01316,-0.06510,-0.00027
0.1360,0.01322,-0.06457,-0.00032
0.1400,0.01328,-0.06403,-0.00038
0.1440,0.01334,-0.06350,-0.00043
0.1480,0.01340,-0.06296,-0.00048
0.1520,0.01346,-0.06242,-0.00053
0.1560,0.01352,-0.06188,-0.00058
0.1600,0.01358,-0.06134,-0.00064
0.1640,0.01364,-0.06080,-0.00069
0.1680,0.01370,-0.06026,-0.00074
0.1680,0.01371,-0.05978,-0.00080
0.1760,0.01377,-0.05924,-0.00086
0.1800,0.01389,-0.05864,-0.00091
0.1840,0.01395,-0.05810,-0.00096
0.1880,0.01402,-0.05756,-0.00101
0.1920,0.01403,-0.05708,-0.00107
0.1960,0.01408,-0.05702,-0.00107
0.2000,0.01413,-0.05695,-0.00106
0.2080,0.01429,-0.05676,-0.00105
0.2120,0.01434,-0.05669,-0.00105
0.2160,0.01471,-0.05616,-0.00108
0.2200,0.01462,-0.05610,-0.00115
0.2200,0.01453,-0.05605,-0.00123
0.2280,0.01443,-0.05605,-0.00128
0.2320,0.01437,-0.05588,-0.00139
0.2360,0.01429,-0.05582,-0.00146
0.2440,0.01419,-0.05583,-0.00151
0.2480,0.01412,-0.05571,-0.00160
0.2520,0.01404,-0.05566,-0.00167
0.2560,0.01396,-0.05561,-0.00174
0.2600,0.01388,-0.05556,-0.00181
0.2720,0.01385,-0.05541,-0.00191
0.2760,0.01377,-0.05536,-0.00198
0.2800,0.01369,-0.05531,-0.00205
0.2880,0.01364,-0.05522,-0.00213
0.2920,0.01354,-0.05522,-0.00218
0.2920,0.01357,-0.05517,-0.00219
0.3000,0.01364,-0.05507,-0.00221
0.3040,0.01367,-0.05502,-0.00223
0.3080,0.01371,-0.05497,-0.00224
0.3120,0.01375,-0.05491,-0.00225
0.3160,0.01382,-0.05480,-0.00227
0.3200,0.01418,-0.05433,-0.00231
0.3280,0.01409,-0.05447,-0.00227
0.3320,0.01401,-0.05462,-0.00220
0.3320,0.01392,-0.05476,-0.00217
0.3400,0.01383,-0.05490,-0.00210
0.3440,0.01374,-0.05504,-0.00206
0.3480,0.01365,-0.05519,-0.00201
0.3520,0.01356,-0.05533,-0.00196
0.3560,0.01346,-0.05546,-0.00188
0.3680,0.01337,-0.05560,-0.00181
0.3720,0.01328,-0.05574,-0.00176
0.3760,0.01320,-0.05588,-0.00171
0.3800,0.01311,-0.05603,-0.00166
0.3840,0.01303,-0.05617,-0.00161
0.3840,0.01294,-0.05631,-0.00159
0.3920,0.01286,-0.05646,-0.00153
0.3960,0.01287,-0.05645,-0.00151
0.4000,0.01290,-0.05643,-0.00144
0.4080,0.01291,-0.05642,-0.00142
0.4120,0.01291,-0.05642,-0.00142
0.4200,0.01295,-0.05639,-0.00136
0.4200,0.01297,-0.05638,-0.00135
0.4280,0.01317,-0.05623,-0.00119
0.4320,0.01317,-0.05731,-0.00128
0.4360,0.01318,-0.05816,-0.00136
0.4400,0.01318,-0.05900,-0.00144
0.4480,0.01319,-0.06009,-0.00153
0.4560,0.01319,-0.06093,-0.00161
0.4560,0.01320,-0.06178,-0.00169
0.4640,0.01320,-0.06262,-0.00177
0.4680,0.01322,-0.06371,-0.00185
0.4680,0.01321,-0.06431,-0.00192
0.4760,0.01323,-0.06540,-0.00201
0.4800,0.01323,-0.06625,-0.00209
0.4840,0.01324,-0.06710,-0.00217
0.4880,0.01324,-0.06794,-0.00225
0.4920,0.01324,-0.06879,-0.00232
0.4960,0.01325,-0.06963,-0.00240
0.5000,0.01327,-0.06987,-0.00241
0.5080,0.01331,-0.07035,-0.00243
0.5120,0.01333,-0.07060,-0.00244
0.5200,0.01360,-0.07271,-0.00250
0.5280,0.01369,-0.07297,-0.00251
0.5320,0.01374,-0.07301,-0.00250
0.5400,0.01384,-0.07328,-0.00250
0.5440,0.01389,-0.07332,-0.00249
0.5480,0.01394,-0.07336,-0.00249
0.5560,0.01404,-0.07364,-0.00249
0.5600,0.01410,-0.07368,-0.00248
0.5640,0.01415,-0.07373,-0.00247
0.5680,0.01421,-0.07377,-0.00246
0.5720,0.01427,-0.07382,-0.00245
0.5760,0.01432,-0.07386,-0.00244
0.5800,0.01438,-0.07391,-0.00242
0.5840,0.01444,-0.07395,-0.00241
0.5920,0.01455,-0.07423,-0.00241
0.6000,0.01467,-0.07451,-0.00242
0.6040,0.01473,-0.07474,-0.00243
0.6080,0.01479,-0.07498,-0.00244
0.6120,0.01479,-0.07498,-0.00244
0.6200,0.01498,-0.07569,-0.00248
0.6200,0.01504,-0.07592,-0.00249
0.6280,0.01578,-0.07847,-0.00273
0.6320,0.01568,-0.07802,-0.00272
0.6360,0.01558,-0.07757,-0.00271
0.6400,0.01547,-0.07712,-0.00270
0.6440,0.01537,-0.07666,-0.00269
0.6480,0.01527,-0.07621,-0.00268
0.6520,0.01517,-0.07576,-0.00267
0.6560,0.01507,-0.07531,-0.00266
0.6560,0.01492,-0.07469,-0.00263
0.6640,0.01487,-0.07440,-0.00264
0.6680,0.01476,-0.07394,-0.00263
0.6720,0.01466,-0.07349,-0.00261
0.6760,0.01456,-0.07303,-0.00261
0.6840,0.01450,-0.07274,-0.00262
0.6880,0.01440,-0.07229,-0.00261
0.6920,0.01430,-0.07184,-0.00260
0.6960,0.01434,-0.07201,-0.00263
0.7000,0.01439,-0.07217,-0.00266
0.7040,0.01445,-0.07233,-0.00268
0.7080,0.01450,-0.07250,-0.00271
0.7160,0.01462,-0.07282,-0.00277
0.7200,0.01468,-0.07298,-0.00280
0.7280,0.01541,-0.07413,-0.00311
0.7320,0.01538,-0.07276,-0.00307
0.7360,0.01535,-0.07140,-0.00304
0.7400,0.01532,-0.07003,-0.00300
0.7440,0.01529,-0.06867,-0.00296
0.7440,0.01521,-0.06743,-0.00292
0.7520,0.01524,-0.06594,-0.00289
0.7560,0.01522,-0.06458,-0.00286
0.7640,0.01527,-0.06309,-0.00283
0.7680,0.01526,-0.06173,-0.00280
0.7720,0.01525,-0.06037,-0.00276
0.7760,0.01524,-0.05901,-0.00273
0.7800,0.01516,-0.05777,-0.00268
0.7840,0.01522,-0.05629,-0.00265
0.7880,0.01528,-0.05481,-0.00262
0.8000,0.01535,-0.05333,-0.00259
0.8080,0.01550,-0.05308,-0.00260
0.8120,0.01558,-0.05295,-0.00261
0.8160,0.01566,-0.05283,-0.00261
0.8200,0.01575,-0.05270,-0.00261
0.8200,0.01583,-0.05258,-0.00261
0.8280,0.01591,-0.05245,-0.00262
0.8320,0.01690,-0.05119,-0.00259
0.8360,0.01667,-0.05184,-0.00257
0.8400,0.01645,-0.05261,-0.00254
0.8440,0.01624,-0.05351,-0.00251
0.8480,0.01603,-0.05429,-0.00248
0.8520,0.01582,-0.05506,-0.00245
0.8600,0.01563,-0.05596,-0.00242
0.8680,0.01546,-0.05684,-0.00238
0.8720,0.01525,-0.05761,-0.00235
0.8760,0.01506,-0.05838,-0.00232
0.8800,0.01486,-0.05915,-0.00229
0.8840,0.01466,-0.05991,-0.00226
0.8880,0.01447,-0.06068,-0.00223
0.8920,0.01428,-0.06144,-0.00220
0.9000,0.01413,-0.06231,-0.00215
0.9040,0.01394,-0.06308,-0.00212
0.9080,0.01398,-0.06319,-0.00211
0.9120,0.01403,-0.06330,-0.00210
0.9160,0.01408,-0.06340,-0.00209
0.9200,0.01412,-0.06351,-0.00208
0.9240,0.01417,-0.06362,-0.00207
0.9320,0.01484,-0.06461,-0.00192
0.9320,0.01483,-0.06457,-0.00187
0.9360,0.01478,-0.06455,-0.00183
0.9440,0.01477,-0.06451,-0.00178
0.9480,0.01482,-0.06445,-0.00171
0.9520,0.01482,-0.06440,-0.00166
0.9600,0.01482,-0.06436,-0.00161
0.9640,0.01483,-0.06432,-0.00155
0.9640,0.01490,-0.06424,-0.00148
0.9720,0.01491,-0.06420,-0.00143
0.9760,0.01492,-0.06415,-0.00137
0.9840,0.01500,-0.06407,-0.00130
0.9880,0.01501,-0.06402,-0.00125
0.9880,0.01503,-0.06396,-0.00120
1.0000,0.01512,-0.06388,-0.00113
1.0000,0.01514,-0.06383,-0.00108
1.0080,0.01521,-0.06380,-0.00107
1.0120,0.01528,-0.06378,-0.00105
1.0200,0.01543,-0.06372,-0.00102
1.0240,0.01551,-0.06369,-0.00100
1.0280,0.01559,-0.06366,-0.00099
1.0320,0.01567,-0.06362,-0.00097
1.0360,0.01576,-0.06359,-0.00096
1.0400,0.01584,-0.06356,-0.00094
1.0440,0.01593,-0.06352,-0.00093
1.0520,0.01610,-0.06345,-0.00090
1.0600,0.01692,-0.06319,-0.00083
1.0680,0.01680,-0.06329,-0.00095
1.0720,0.01660,-0.06337,-0.00103
1.0720,0.01648,-0.06347,-0.00115
1.0800,0.01633,-0.06356,-0.00126
1.0840,0.01617,-0.06365,-0.00136
1.0880,0.01601,-0.06373,-0.00147
1.0880,0.01585,-0.06382,-0.00157
1.1000,0.01574,-0.06391,-0.00169
1.1040,0.01559,-0.06400,-0.00179
1.1080,0.01544,-0.06409,-0.00189
1.1120,0.01529,-0.06417,-0.00200
1.1200,0.01519,-0.06427,-0.00211
1.1240,0.01504,-0.06435,-0.00221
1.1320,0.01495,-0.06445,-0.00233
1.1360,0.01481,-0.06453,-0.00243
1.1440,0.01492,-0.06454,-0.00246
1.1480,0.01498,-0.06454,-0.00248
1.1520,0.01503,-0.06454,-0.00249
1.1560,0.01509,-0.06454,-0.00250
1.1560,0.01515,-0.06454,-0.00251
1.1640,0.01578,-0.06465,-0.00259
1.1680,0.01564,-0.06538,-0.00245
1.1720,0.01550,-0.06612,-0.00231
1.1760,0.01536,-0.06686,-0.00217
1.1800,0.01522,-0.06759,-0.00204
1.1880,0.01510,-0.06846,-0.00188
1.1920,0.01497,-0.06920,-0.00174
1.1960,0.01487,-0.07007,-0.00158
1.2040,0.01474,-0.07080,-0.00144
1.2080,0.01461,-0.07154,-0.00130
1.2120,0.01449,-0.07227,-0.00116
1.2160,0.01437,-0.07301,-0.00102
1.2240,0.01429,-0.07388,-0.00085
1.2320,0.01422,-0.07475,-0.00068
1.2360,0.01477,-0.07688,-0.00027
1.2400,0.01486,-0.07658,-0.00034
1.2400,0.01485,-0.07622,-0.00039
1.2480,0.01503,-0.07597,-0.00046
1.2480,0.01502,-0.07561,-0.00052
1.2560,0.01511,-0.07531,-0.00058
1.2600,0.01520,-0.07500,-0.00065
1.2640,0.01539,-0.07475,-0.00073
1.2680,0.01549,-0.07444,-0.00079
1.2720,0.01558,-0.07413,-0.00086
1.2760,0.01568,-0.07383,-0.00093
1.2800,0.01578,-0.07352,-0.00100
1.2840,0.01588,-0.07321,-0.00107
1.2880,0.01599,-0.07290,-0.00114
1.2920,0.01609,-0.07260,-0.00121
1.2960,0.01620,-0.07229,-0.00128
1.3000,0.01631,-0.07233,-0.00130
1.3080,0.01654,-0.07242,-0.00134
1.3120,0.01666,-0.07247,-0.00135
1.3160,0.01678,-0.07251,-0.00137
1.3240,0.01691,-0.07255,-0.00139
1.3280,0.01703,-0.07259,-0.00141
1.3320,0.01849,-0.07308,-0.00162
1.3360,0.01822,-0.07280,-0.00165
1.3400,0.01791,-0.07247,-0.00167
1.3440,0.01768,-0.07226,-0.00172
1.3480,0.01741,-0.07199,-0.00175
1.3520,0.01715,-0.07172,-0.00179
1.3600,0.01693,-0.07151,-0.00184
1.3640,0.01667,-0.07123,-0.00187
1.3680,0.01641,-0.07096,-0.00190
1.3720,0.01615,-0.07068,-0.00194
1.3760,0.01590,-0.07041,-0.00197
1.3800,0.01564,-0.07013,-0.00200
1.3840,0.01538,-0.06986,-0.00202
1.3920,0.01518,-0.06965,-0.00206
1.3960,0.01487,-0.06931,-0.00208
1.4000,0.01467,-0.06909,-0.00211
1.4040,0.01473,-0.06915,-0.00212
1.4080,0.01479,-0.06921,-0.00213
1.4120,0.01486,-0.06927,-0.00214
1.4160,0.01499,-0.06939,-0.00216
1.4240,0.01506,-0.06944,-0.00216
1.4240,0.01513,-0.06950,-0.00218
1.4320,0.01608,-0.07001,-0.00227
1.4320,0.01597,-0.06936,-0.00224
1.4360,0.01592,-0.06860,-0.00220
1.4400,0.01587,-0.06783,-0.00216
1.4480,0.01588,-0.06696,-0.00210
1.4520,0.01583,-0.06620,-0.00206
1.4520,0.01573,-0.06555,-0.00203
1.4600,0.01569,-0.06478,-0.00199
1.4640,0.01570,-0.06391,-0.00193
1.4720,0.01566,-0.06314,-0.00189
1.4720,0.01562,-0.06238,-0.00185
1.4760,0.01559,-0.06162,-0.00181
1.4840,0.01562,-0.06074,-0.00176
1.4880,0.01558,-0.05998,-0.00172
1.4920,0.01555,-0.05922,-0.00168
1.4960,0.01545,-0.05857,-0.00165
1.5040,0.01566,-0.05823,-0.00162
1.5080,0.01574,-0.05812,-0.00161
1.5120,0.01582,-0.05800,-0.00160
1.5160,0.01589,-0.05789,-0.00159
1.5200,0.01597,-0.05777,-0.00158
1.5200,0.01597,-0.05777,-0.00158
1.5280,0.01613,-0.05754,-0.00156
1.5320,0.01711,-0.05621,-0.00145
1.5360,0.01694,-0.05655,-0.00151
1.5440,0.01679,-0.05690,-0.00158
1.5480,0.01661,-0.05725,-0.00164
1.5520,0.01644,-0.05759,-0.00170
1.5560,0.01627,-0.05793,-0.00175
1.5600,0.01609,-0.05826,-0.00181
1.5640,0.01593,-0.05860,-0.00187
1.5680,0.01576,-0.05894,-0.00193
1.5720,0.01559,-0.05927,-0.00199
1.5760,0.01543,-0.05961,-0.00204
1.5800,0.01526,-0.05995,-0.00210
1.5800,0.01510,-0.06029,-0.00216
1.5840,0.01494,-0.06063,-0.00222
1.5920,0.01478,-0.06097,-0.00227
1.5960,0.01462,-0.06131,-0.00233
1.6000,0.01471,-0.06134,-0.00234
1.6120,0.01480,-0.06136,-0.00235
1.6200,0.01521,-0.06146,-0.00235
1.6200,0.01518,-0.06150,-0.00231
1.6280,0.01514,-0.06154,-0.00226
1.6320,0.01511,-0.06158,-0.00222
1.6360,0.01504,-0.06161,-0.00218
1.6440,0.01505,-0.06165,-0.00213
1.6480,0.01507,-0.06169,-0.00208
1.6520,0.01504,-0.06172,-0.00204
1.6600,0.01507,-0.06175,-0.00200
1.6640,0.01505,-0.06178,-0.00195
1.6720,0.01508,-0.06181,-0.00191
1.6760,0.01506,-0.06185,-0.00186
1.6800,0.01504,-0.06188,-0.00182
1.6840,0.01503,-0.06191,-0.00178
1.6880,0.01502,-0.06195,-0.00174
1.6920,0.01501,-0.06198,-0.00170
1.7000,0.01514,-0.06196,-0.00171
1.7040,0.01521,-0.06195,-0.00172
1.7080,0.01528,-0.06193,-0.00173
1.7120,0.01534,-0.06192,-0.00173
1.7160,0.01541,-0.06191,-0.00174
1.7200,0.01548,-0.06189,-0.00175
1.7200,0.01555,-0.06188,-0.00175
1.7280,0.01638,-0.06180,-0.00188
1.7320,0.01630,-0.06229,-0.00185
1.7360,0.01623,-0.06278,-0.00183
1.7400,0.01616,-0.06326,-0.00180
1.7440,0.01609,-0.06375,-0.00177
1.7480,0.01603,-0.06423,-0.00175
1.7520,0.01590,-0.06459,-0.00172
1.7560,0.01590,-0.06519,-0.00169
1.7640,0.01590,-0.06579,-0.00165
1.7680,0.01584,-0.06626,-0.00162
1.7760,0.01585,-0.06685,-0.00158
1.7800,0.01580,-0.06732,-0.00154
1.7840,0.01575,-0.06780,-0.00150
1.7920,0.01577,-0.06839,-0.00145
1.7960,0.01573,-0.06886,-0.00141
1.8000,0.01577,-0.06944,-0.00135
1.8080,0.01586,-0.06955,-0.00133
1.8120,0.01595,-0.06966,-0.00132
1.8160,0.01604,-0.06977,-0.00130
1.8200,0.01623,-0.06999,-0.00126
1.8280,0.01633,-0.07010,-0.00124
1.8320,0.01740,-0.07110,-0.00101
1.8360,0.01727,-0.07109,-0.00107
1.8360,0.01709,-0.07101,-0.00113
1.8440,0.01702,-0.07105,-0.00119
1.8520,0.01690,-0.07104,-0.00125
1.8560,0.01685,-0.07109,-0.00131
1.8640,0.01680,-0.07114,-0.00136
1.8680,0.01668,-0.07113,-0.00141
1.8760,0.01664,-0.07118,-0.00146
1.8840,0.01660,-0.07123,-0.00151
1.8920,0.01656,-0.07128,-0.00156
1.9000,0.01654,-0.07133,-0.00161
1.9040,0.01644,-0.07131,-0.00166
1.9040,0.01633,-0.07129,-0.00172
1.9120,0.01623,-0.07127,-0.00177
1.9160,0.01613,-0.07125,-0.00182
1.9240,0.01630,-0.07137,-0.00181
1.9280,0.01731,-0.07186,-0.00174
1.9320,0.01716,-0.07140,-0.00178
1.9400,0.01705,-0.07089,-0.00183
1.9400,0.01687,-0.07048,-0.00186
1.9480,0.01676,-0.06997,-0.00192
1.9480,0.01657,-0.06956,-0.00195
1.9520,0.01643,-0.06909,-0.00200
1.9600,0.01629,-0.06863,-0.00204
1.9640,0.01619,-0.06812,-0.00209
1.9680,0.01606,-0.06766,-0.00213
1.9760,0.01597,-0.06715,-0.00217
1.9800,0.01578,-0.06674,-0.00221
1.9840,0.01564,-0.06628,-0.00225
1.9840,0.01556,-0.06577,-0.00229
1.9920,0.01542,-0.06530,-0.00233
2.0000,0.01535,-0.06480,-0.00238
2.0040,0.01541,-0.06475,-0.00239
2.0080,0.01547,-0.06470,-0.00240
2.0120,0.01553,-0.06465,-0.00241
2.0160,0.01559,-0.06461,-0.00242
2.0200,0.01559,-0.06461,-0.00242
2.0200,0.01572,-0.06451,-0.00244
2.0240,0.01637,-0.06394,-0.00251
2.0320,0.01622,-0.06362,-0.00246
2.0360,0.01607,-0.06330,-0.00240
2.0400,0.01592,-0.06298,-0.00234
2.0440,0.01578,-0.06266,-0.00229
2.0480,0.01564,-0.06234,-0.00224
2.0520,0.01550,-0.06201,-0.00218
2.0560,0.01537,-0.06169,-0.00213
2.0600,0.01524,-0.06137,-0.00207
2.0640,0.01511,-0.06104,-0.00202
2.0680,0.01499,-0.06072,-0.00196
2.0720,0.01486,-0.06039,-0.00191
2.0800,0.01479,-0.05993,-0.00185
2.0840,0.01462,-0.05973,-0.00180
2.0880,0.01455,-0.05926,-0.00175
2.0920,0.01443,-0.05893,-0.00170
2.1000,0.01453,-0.05866,-0.00170
2.1040,0.01458,-0.05853,-0.00169
2.1080,0.01464,-0.05840,-0.00169
2.1160,0.01475,-0.05813,-0.00168
2.1200,0.01481,-0.05800,-0.00168
2.1240,0.01488,-0.05786,-0.00167
2.1280,0.01558,-0.05673,-0.00160
2.1320,0.01553,-0.05738,-0.00158
2.1320,0.01544,-0.05797,-0.00157
2.1400,0.01543,-0.05869,-0.00154
2.1440,0.01539,-0.05935,-0.00153
2.1480,0.01534,-0.06000,-0.00151
2.1520,0.01534,-0.06072,-0.00149
2.1600,0.01530,-0.06137,-0.00148
2.1640,0.01526,-0.06202,-0.00147
2.1680,0.01522,-0.06267,-0.00145
2.1760,0.01524,-0.06338,-0.00145
2.1800,0.01521,-0.06403,-0.00144
2.1840,0.01517,-0.06467,-0.00143
2.1880,0.01514,-0.06532,-0.00143
2.1880,0.01511,-0.06597,-0.00142
2.2000,0.01514,-0.06667,-0.00142
2.2040,0.01521,-0.06673,-0.00143
2.2080,0.01528,-0.06678,-0.00144
2.2120,0.01575,-0.06711,-0.00151
2.2200,0.01573,-0.06711,-0.00148
2.2200,0.01567,-0.06710,-0.00145
2.2320,0.01566,-0.06710,-0.00142
2.2320,0.01561,-0.06708,-0.00138
2.2360,0.01556,-0.06707,-0.00135
2.2400,0.01546,-0.06705,-0.00132
2.2480,0.01546,-0.06703,-0.00129
2.2480,0.01542,-0.06702,-0.00126
2.2600,0.01542,-0.06700,-0.00123
2.2640,0.01538,-0.06698,-0.00121
2.2680,0.01534,-0.06696,-0.00118
2.2760,0.01536,-0.06694,-0.00116
2.2840,0.01538,-0.06692,-0.00114
2.2880,0.01535,-0.06691,-0.00112
2.2920,0.01532,-0.06689,-0.00109
2.3000,0.01546,-0.06689,-0.00111
2.3000,0.01553,-0.06689,-0.00112
2.3080,0.01560,-0.06689,-0.00113
2.3120,0.01568,-0.06689,-0.00114
2.3160,0.01575,-0.06689,-0.00115
2.3240,0.01647,-0.06683,-0.00124
2.3240,0.01633,-0.06677,-0.00123
2.3320,0.01628,-0.06670,-0.00122
2.3360,0.01618,-0.06663,-0.00120
2.3440,0.01613,-0.06655,-0.00119
2.3480,0.01604,-0.06648,-0.00118
2.3520,0.01595,-0.06641,-0.00117
2.3600,0.01592,-0.06633,-0.00116
2.3640,0.01583,-0.06625,-0.00115
2.3680,0.01575,-0.06618,-0.00115
2.3720,0.01566,-0.06611,-0.00114
2.3760,0.01552,-0.06605,-0.00113
2.3800,0.01549,-0.06595,-0.00113
2.3880,0.01541,-0.06588,-0.00113
2.3920,0.01540,-0.06578,-0.00112
2.3960,0.01533,-0.06570,-0.00112
2.4040,0.01547,-0.06565,-0.00113
2.4080,0.01554,-0.06563,-0.00114
2.4120,0.01561,-0.06560,-0.00114
2.4160,0.01569,-0.06558,-0.00115
2.4160,0.01576,-0.06555,-0.00116
2.4200,0.01576,-0.06555,-0.00116
2.4280,0.01592,-0.06550,-0.00117
2.4360,0.01677,-0.06538,-0.00116
2.4400,0.01659,-0.06599,-0.00090
2.4440,0.01638,-0.06653,-0.00069
2.4440,0.01624,-0.06721,-0.00038
2.4520,0.01607,-0.06782,-0.00012
2.4560,0.01591,-0.06843,0.00013
2.4600,0.01574,-0.06903,0.00039
2.4680,0.01564,-0.06972,0.00070
2.4720,0.01548,-0.07032,0.00096
2.4760,0.01532,-0.07093,0.00121
2.4840,0.01522,-0.07161,0.00152
2.4920,0.01514,-0.07229,0.00183
2.4960,0.01499,-0.07290,0.00209
2.5000,0.01484,-0.07350,0.00236
2.5040,0.01470,-0.07411,0.00262
2.5080,0.01455,-0.07471,0.00289
2.5080,0.01455,-0.07471,0.00289
2.5160,0.01470,-0.07486,0.00300
2.5200,0.01470,-0.07486,0.00300
2.5240,0.01485,-0.07500,0.00311
2.5280,0.01493,-0.07507,0.00317
2.5280,0.01597,-0.07563,0.00384
2.5360,0.01592,-0.07489,0.00354
2.5400,0.01594,-0.07400,0.00321
2.5440,0.01589,-0.07326,0.00291
2.5520,0.01584,-0.07252,0.00261
2.5600,0.01588,-0.07162,0.00228
2.5640,0.01575,-0.07104,0.00201
2.5680,0.01579,-0.07014,0.00169
2.5720,0.01575,-0.06940,0.00139
2.5760,0.01562,-0.06881,0.00113
2.5760,0.01567,-0.06791,0.00080
2.5840,0.01563,-0.06717,0.00051
2.5880,0.01559,-0.06643,0.00022
2.5920,0.01547,-0.06584,-0.00005
2.5960,0.01552,-0.06494,-0.00037
2.6000,0.01558,-0.06403,-0.00070
2.6080,0.01567,-0.06386,-0.00073
2.6120,0.01577,-0.06370,-0.00076
2.6160,0.01586,-0.06353,-0.00079
2.6240,0.01586,-0.06353,-0.00079
2.6240,0.01606,-0.06320,-0.00086
2.6240,0.01606,-0.06320,-0.00086
2.6320,0.01626,-0.06286,-0.00092
2.6360,0.01626,-0.06286,-0.00092
2.6400,0.01648,-0.06253,-0.00099
2.6480,0.01804,-0.06039,-0.00147
2.6560,0.01784,-0.06092,-0.00141
2.6600,0.01765,-0.06145,-0.00136
2.6680,0.01742,-0.06185,-0.00131
2.6720,0.01725,-0.06236,-0.00124
2.6720,0.01703,-0.06277,-0.00119
2.6800,0.01682,-0.06317,-0.00113
2.6840,0.01661,-0.06357,-0.00108
2.6880,0.01640,-0.06398,-0.00102
2.6920,0.01620,-0.06438,-0.00096
2.7000,0.01599,-0.06479,-0.00090
2.7040,0.01579,-0.06519,-0.00084
2.7040,0.01559,-0.06560,-0.00078
2.7120,0.01546,-0.06611,-0.00070
2.7160,0.01527,-0.06651,-0.00064
2.7240,0.01508,-0.06691,-0.00058
2.7280,0.01516,-0.06701,-0.00056
2.7280,0.01524,-0.06712,-0.00054
2.7320,0.01532,-0.06722,-0.00052
2.7400,0.01549,-0.06742,-0.00048
2.7480,0.01567,-0.06761,-0.00044
2.7560,0.01586,-0.06780,-0.00040
2.7640,0.01606,-0.06799,-0.00036
2.7680,0.01826,-0.06977,0.00001
2.7720,0.01805,-0.07014,0.00016
2.7800,0.01813,-0.07116,0.00047
2.7840,0.01802,-0.07175,0.00068
2.7880,0.01791,-0.07234,0.00088
2.7920,0.01780,-0.07293,0.00109
2.8000,0.01780,-0.07373,0.00136
2.8080,0.01781,-0.07453,0.00163
2.8160,0.01771,-0.07512,0.00184
2.8200,0.01773,-0.07591,0.00212
2.8240,0.01764,-0.07649,0.00233
2.8280,0.01743,-0.07686,0.00249
2.8320,0.01747,-0.07764,0.00276
2.8360,0.01739,-0.07822,0.00297
2.8400,0.01731,-0.07880,0.00318
2.8480,0.01941,-0.08209,0.00436
2.8520,0.01919,-0.08115,0.00421
2.8560,0.01897,-0.08021,0.00407
2.8640,0.01885,-0.07921,0.00395
2.8680,0.01864,-0.07827,0.00380
2.8720,0.01842,-0.07733,0.00366
2.8760,0.01821,-0.07638,0.00351
2.8800,0.01800,-0.07544,0.00337
2.8880,0.01790,-0.07443,0.00324
2.8920,0.01769,-0.07349,0.00309
2.8920,0.01749,-0.07254,0.00295
2.9040,0.01740,-0.07153,0.00282
2.9080,0.01721,-0.07058,0.00268
2.9120,0.01701,-0.06963,0.00253
2.9120,0.01682,-0.06869,0.00238
2.9240,0.01676,-0.06767,0.00225
2.9240,0.01688,-0.06760,0.00227
2.9320,0.01700,-0.06753,0.00228
2.9360,0.01713,-0.06746,0.00230
2.9400,0.01726,-0.06739,0.00231
2.9480,0.01751,-0.06724,0.00234
2.9640,0.01764,-0.06717,0.00236
2.9640,0.01777,-0.06709,0.00237
2.9680,0.01790,-0.06702,0.00239
2.9720,0.01966,-0.06582,0.00256
2.9720,0.01934,-0.06529,0.00237
2.9760,0.01896,-0.06496,0.00221
2.9800,0.01859,-0.06462,0.00204
2.9840,0.01822,-0.06429,0.00188
2.9880,0.01785,-0.06395,0.00171
2.9920,0.01747,-0.06361,0.00155
2.9920,0.01705,-0.06348,0.00140
3.0000,0.01673,-0.06293,0.00122
3.0080,0.01643,-0.06238,0.00103
3.0120,0.01606,-0.06203,0.00087
3.0200,0.01577,-0.06147,0.00069
3.0240,0.01535,-0.06134,0.00054
3.0280,0.01512,-0.06056,0.00036
3.0360,0.01476,-0.06021,0.00021
3.0400,0.01440,-0.05986,0.00005
3.0440,0.01447,-0.05964,0.00005
3.0520,0.01454,-0.05942,0.00004
3.0560,0.01468,-0.05898,0.00003
3.0600,0.01475,-0.05876,0.00002
3.0680,0.01490,-0.05832,0.00001
3.0720,0.01490,-0.05832,0.00001
3.0720,0.01582,-0.05535,-0.00000
3.0760,0.01572,-0.05473,-0.00014
3.0840,0.01563,-0.05383,-0.00028
3.0920,0.01555,-0.05293,-0.00042
3.0960,0.01545,-0.05231,-0.00056
3.1000,0.01533,-0.05196,-0.00068
3.1040,0.01525,-0.05107,-0.00081
3.1080,0.01516,-0.05044,-0.00094
3.1120,0.01504,-0.05009,-0.00106
3.1120,0.01498,-0.04919,-0.00118
3.1200,0.01486,-0.04884,-0.00131
3.1280,0.01484,-0.04765,-0.00143
3.1320,0.01476,-0.04703,-0.00155
3.1360,0.01468,-0.04640,-0.00168
3.1400,0.01456,-0.04605,-0.00180
3.1440,0.01452,-0.04515,-0.00193
3.1480,0.01456,-0.04487,-0.00193
3.1520,0.01456,-0.04487,-0.00193
3.1560,0.01466,-0.04431,-0.00194
3.1640,0.01475,-0.04374,-0.00195
3.1680,0.01481,-0.04346,-0.00196
3.1720,0.01486,-0.04318,-0.00196
3.1760,0.01580,-0.03917,-0.00205
3.1800,0.01575,-0.04001,-0.00199
3.1840,0.01569,-0.04084,-0.00192
3.1880,0.01564,-0.04167,-0.00185
3.1920,0.01559,-0.04250,-0.00179
3.1920,0.01551,-0.04338,-0.00174
3.2000,0.01546,-0.04421,-0.00168
3.2040,0.01545,-0.04500,-0.00159
3.2080,0.01541,-0.04583,-0.00152
3.2120,0.01537,-0.04666,-0.00146
3.2160,0.01539,-0.04743,-0.00137
3.2200,0.01536,-0.04826,-0.00130
3.2240,0.01528,-0.04913,-0.00126
3.2320,0.01531,-0.04990,-0.00116
3.2360,0.01529,-0.05072,-0.00109
3.2440,0.01532,-0.05148,-0.00099
3.2440,0.01538,-0.05143,-0.00097
3.2560,0.01550,-0.05131,-0.00092
3.2640,0.01619,-0.05058,-0.00071
3.2640,0.01613,-0.05058,-0.00075
3.2720,0.01606,-0.05057,-0.00080
3.2760,0.01600,-0.05057,-0.00084
3.2800,0.01594,-0.05057,-0.00088
3.2840,0.01588,-0.05057,-0.00092
3.2880,0.01582,-0.05057,-0.00096
3.3000,0.01582,-0.05038,-0.00100
3.3000,0.01573,-0.05047,-0.00105
3.3080,0.01567,-0.05046,-0.00109
3.3120,0.01561,-0.05046,-0.00113
3.3160,0.01559,-0.05035,-0.00118
3.3160,0.01553,-0.05034,-0.00122
3.3240,0.01547,-0.05033,-0.00126
3.3280,0.01542,-0.05032,-0.00130
3.3280,0.01533,-0.05041,-0.00135
3.3360,0.01541,-0.05021,-0.00134
3.3400,0.01550,-0.04999,-0.00134
3.3480,0.01554,-0.04989,-0.00134
3.3520,0.01559,-0.04978,-0.00133
3.3560,0.01563,-0.04967,-0.00133
3.3600,0.01568,-0.04956,-0.00133
3.3600,0.01626,-0.04828,-0.00132
3.3680,0.01619,-0.04795,-0.00143
3.3720,0.01615,-0.04741,-0.00158
3.3760,0.01608,-0.04707,-0.00169
3.3840,0.01605,-0.04653,-0.00183
3.3840,0.01596,-0.04638,-0.00191
3.3920,0.01590,-0.04604,-0.00202
3.3960,0.01588,-0.04550,-0.00217
3.4040,0.01586,-0.04496,-0.00231
3.4080,0.01581,-0.04461,-0.00242
3.4080,0.01573,-0.04446,-0.00249
3.4160,0.01571,-0.04392,-0.00263
3.4200,0.01567,-0.04357,-0.00274
3.4240,0.01562,-0.04323,-0.00285
3.4280,0.01558,-0.04289,-0.00295
3.4360,0.01558,-0.04234,-0.00310
3.4400,0.01562,-0.04214,-0.00314
3.4440,0.01567,-0.04193,-0.00318
3.4520,0.01577,-0.04151,-0.00326
3.4560,0.01582,-0.04130,-0.00331
3.4600,0.01648,-0.03916,-0.00379
3.4640,0.01641,-0.04011,-0.00355
3.4680,0.01635,-0.04106,-0.00332
3.4760,0.01629,-0.04201,-0.00308
3.4800,0.01627,-0.04303,-0.00281
3.4880,0.01626,-0.04404,-0.00254
3.4920,0.01617,-0.04491,-0.00234
3.4960,0.01612,-0.04585,-0.00210
3.5000,0.01612,-0.04686,-0.00182
3.5040,0.01607,-0.04780,-0.00158
3.5040,0.01598,-0.04867,-0.00138
3.5120,0.01599,-0.04966,-0.00110
3.5160,0.01595,-0.05060,-0.00086
3.5200,0.01592,-0.05153,-0.00062
3.5280,0.01588,-0.05247,-0.00038
3.5320,0.01591,-0.05347,-0.00012
3.5360,0.01597,-0.05354,-0.00009
3.5400,0.01603,-0.05361,-0.00007
3.5440,0.01610,-0.05367,-0.00004
3.5480,0.01617,-0.05374,-0.00002
3.5520,0.01624,-0.05380,0.00000
3.5600,0.01639,-0.05393,0.00004
3.5640,0.01739,-0.05471,0.00016
3.5680,0.01732,-0.05543,0.00022
3.5720,0.01725,-0.05616,0.00028
3.5760,0.01726,-0.05698,0.00034
3.5880,0.01727,-0.05780,0.00041
3.5920,0.01721,-0.05852,0.00047
3.6000,0.01723,-0.05933,0.00054
3.6040,0.01717,-0.06005,0.00061
3.6080,0.01712,-0.06077,0.00068
3.6120,0.01706,-0.06148,0.00075
3.6160,0.01701,-0.06220,0.00081
3.6200,0.01696,-0.06292,0.00088
3.6240,0.01692,-0.06364,0.00095
3.6240,0.01688,-0.06436,0.00102
3.6280,0.01684,-0.06508,0.00108
3.6400,0.01691,-0.06588,0.00115
3.6480,0.01713,-0.06606,0.00117
3.6480,0.01713,-0.06606,0.00117
3.6560,0.01736,-0.06623,0.00119
3.6600,0.01747,-0.06633,0.00120
3.6640,0.01759,-0.06642,0.00122
3.6680,0.01924,-0.06741,0.00136
3.6720,0.01902,-0.06663,0.00123
3.6760,0.01874,-0.06596,0.00112
3.6800,0.01858,-0.06506,0.00096
3.6800,0.01831,-0.06439,0.00085
3.6920,0.01823,-0.06338,0.00067
3.6960,0.01810,-0.06249,0.00052
3.7000,0.01782,-0.06182,0.00041
3.7040,0.01762,-0.06104,0.00028
3.7120,0.01749,-0.06015,0.00012
3.7160,0.01730,-0.05938,-0.00001
3.7160,0.01702,-0.05871,-0.00012
3.7200,0.01682,-0.05793,-0.00025
3.7240,0.01663,-0.05715,-0.00038
3.7360,0.01662,-0.05614,-0.00055
3.7400,0.01643,-0.05536,-0.00067
3.7440,0.01662,-0.05512,-0.00070
3.7520,0.01672,-0.05500,-0.00071
3.7520,0.01672,-0.05500,-0.00071
3.7560,0.01788,-0.05380,-0.00070
3.7600,0.01794,-0.05173,-0.00108
3.7640,0.01792,-0.04967,-0.00151
3.7720,0.01808,-0.04757,-0.00185
3.7760,0.01815,-0.04549,-0.00224
3.7800,0.01831,-0.04338,-0.00258
3.7880,0.01838,-0.04130,-0.00296
3.7880,0.01845,-0.03923,-0.00335
3.8040,0.01871,-0.03709,-0.00364
3.8080,0.01879,-0.03501,-0.00403
3.8120,0.01887,-0.03292,-0.00441
3.8160,0.01895,-0.03084,-0.00479
3.8200,0.01914,-0.02871,-0.00514
3.8240,0.01923,-0.02662,-0.00552
3.8320,0.01931,-0.02452,-0.00591
3.8360,0.01940,-0.02242,-0.00630
3.8400,0.01951,-0.02237,-0.00626
3.8400,0.01962,-0.02232,-0.00621
3.8480,0.01972,-0.02226,-0.00617
3.8520,0.01995,-0.02215,-0.00609
3.8600,0.02119,-0.02145,-0.00567
3.8640,0.02088,-0.02303,-0.00561
3.8640,0.02063,-0.02462,-0.00552
3.8720,0.02042,-0.02622,-0.00539
3.8760,0.02012,-0.02780,-0.00533
3.8840,0.01998,-0.02938,-0.00517
3.8880,0.01974,-0.03096,-0.00508
3.8880,0.01949,-0.03254,-0.00498
3.8960,0.01919,-0.03412,-0.00492
3.9000,0.01901,-0.03569,-0.00479
3.9040,0.01877,-0.03727,-0.00470
3.9080,0.01854,-0.03884,-0.00460
3.9120,0.01830,-0.04041,-0.00451
3.9160,0.01807,-0.04197,-0.00441
3.9200,0.01777,-0.04356,-0.00436
3.9240,0.01754,-0.04512,-0.00426
3.9280,0.01762,-0.04510,-0.00422
3.9280,0.01770,-0.04508,-0.00419
3.9360,0.01788,-0.04504,-0.00412
3.9400,0.01798,-0.04502,-0.00409
3.9440,0.01808,-0.04500,-0.00405
3.9520,0.01827,-0.04495,-0.00399
3.9520,0.01838,-0.04492,-0.00396
3.9640,0.01966,-0.04427,-0.00365
3.9640,0.01938,-0.04455,-0.00351
3.9720,0.01911,-0.04484,-0.00336
3.9760,0.01885,-0.04513,-0.00322
3.9840,0.01864,-0.04525,-0.00307
3.9920,0.01844,-0.04536,-0.00293
3.9960,0.01818,-0.04564,-0.00279
4.0000,0.01792,-0.04593,-0.00265
4.0040,0.01766,-0.04621,-0.00251
4.0080,0.01740,-0.04650,-0.00238
4.0120,0.01708,-0.04696,-0.00225
4.0160,0.01688,-0.04707,-0.00210
4.0200,0.01663,-0.04735,-0.00196
4.0240,0.01638,-0.04763,-0.00182
4.0280,0.01613,-0.04792,-0.00168
4.0320,0.01588,-0.04820,-0.00154
4.0360,0.01595,-0.04803,-0.00153
4.0480,0.01619,-0.04751,-0.00149
4.0480,0.01619,-0.04751,-0.00149
4.0520,0.01627,-0.04734,-0.00148
4.0560,0.01716,-0.04611,-0.00140
4.0640,0.01700,-0.04708,-0.00152
4.0680,0.01685,-0.04806,-0.00165
4.0720,0.01666,-0.04891,-0.00174
4.0760,0.01655,-0.05001,-0.00190
4.0840,0.01644,-0.05111,-0.00205
4.0920,0.01634,-0.05221,-0.00221
4.0960,0.01616,-0.05306,-0.00230
4.1000,0.01607,-0.05415,-0.00245
4.1000,0.01588,-0.05500,-0.00255
4.1080,0.01575,-0.05598,-0.00267
4.1120,0.01568,-0.05707,-0.00282
4.1160,0.01550,-0.05792,-0.00292
4.1200,0.01543,-0.05901,-0.00306
4.1240,0.01531,-0.05997,-0.00318
4.1240,0.01512,-0.06082,-0.00328
4.1320,0.01525,-0.06105,-0.00332
4.1360,0.01532,-0.06116,-0.00334
4.1400,0.01546,-0.06138,-0.00339
4.1520,0.01561,-0.06160,-0.00343
4.1560,0.01561,-0.06160,-0.00343
4.1600,0.01640,-0.06208,-0.00354
4.1640,0.01634,-0.06136,-0.00340
4.1680,0.01628,-0.06064,-0.00325
4.1720,0.01622,-0.05992,-0.00311
4.1760,0.01610,-0.05936,-0.00299
4.1800,0.01610,-0.05847,-0.00282
4.1840,0.01604,-0.05774,-0.00268
4.1920,0.01598,-0.05702,-0.00254
4.1960,0.01598,-0.05611,-0.00237
4.2000,0.01592,-0.05538,-0.00223
4.2040,0.01587,-0.05464,-0.00208
4.2080,0.01581,-0.05391,-0.00193
4.2160,0.01576,-0.05318,-0.00179
4.2200,0.01578,-0.05226,-0.00162
4.2200,0.01566,-0.05171,-0.00150
4.2240,0.01562,-0.05097,-0.00136
4.2320,0.01576,-0.05060,-0.00131
4.2360,0.01583,-0.05042,-0.00129
4.2400,0.01598,-0.05004,-0.00124
4.2480,0.01606,-0.04985,-0.00122
4.2560,0.01623,-0.04947,-0.00117
4.2600,0.01632,-0.04928,-0.00114
4.2600,0.01641,-0.04909,-0.00111
4.2680,0.01754,-0.04683,-0.00075
4.2720,0.01736,-0.04722,-0.00073
4.2760,0.01717,-0.04761,-0.00071
4.2800,0.01699,-0.04800,-0.00069
4.2880,0.01683,-0.04833,-0.00063
4.2920,0.01665,-0.04871,-0.00061
4.2960,0.01647,-0.04909,-0.00059
4.2960,0.01626,-0.04953,-0.00061
4.3040,0.01611,-0.04986,-0.00055
4.3080,0.01590,-0.05030,-0.00057
4.3120,0.01573,-0.05068,-0.00055
4.3160,0.01559,-0.05099,-0.00049
4.3200,0.01542,-0.05137,-0.00046
4.3240,0.01525,-0.05174,-0.00044
4.3280,0.01509,-0.05212,-0.00042
4.3320,0.01492,-0.05249,-0.00040
4.3360,0.01497,-0.05242,-0.00036
4.3400,0.01502,-0.05235,-0.00033
4.3480,0.01513,-0.05220,-0.00026
4.3480,0.01519,-0.05213,-0.00023
4.3560,0.01519,-0.05213,-0.00023
4.3600,0.01580,-0.05144,-0.00000
4.3680,0.01584,-0.05152,-0.00015
4.3680,0.01584,-0.05164,-0.00029
4.3760,0.01583,-0.05175,-0.00043
4.3800,0.01583,-0.05187,-0.00056
4.3840,0.01589,-0.05195,-0.00071
4.3920,0.01589,-0.05206,-0.00084
4.4000,0.01594,-0.05215,-0.00099
4.4040,0.01595,-0.05226,-0.00113
4.4080,0.01596,-0.05237,-0.00127
4.4120,0.01596,-0.05248,-0.00141
4.4200,0.01602,-0.05256,-0.00156
4.4240,0.01603,-0.05266,-0.00169
4.4240,0.01604,-0.05277,-0.00182
4.4320,0.01604,-0.05288,-0.00196
4.4360,0.01605,-0.05299,-0.00209
4.4400,0.01611,-0.05295,-0.00210
4.4440,0.01617,-0.05291,-0.00211
4.4480,0.01623,-0.05287,-0.00212
4.4520,0.01623,-0.05287,-0.00212
4.4560,0.01629,-0.05283,-0.00213
4.4600,0.01636,-0.05279,-0.00214
4.4640,0.01649,-0.05271,-0.00217
4.4680,0.01656,-0.05267,-0.00219
4.4720,0.01663,-0.05263,-0.00220
4.4760,0.01671,-0.05259,-0.00222
4.4800,0.01678,-0.05255,-0.00224
4.4880,0.01747,-0.05213,-0.00243
4.4960,0.01741,-0.05153,-0.00250
4.5000,0.01729,-0.05118,-0.00255
4.5040,0.01718,-0.05084,-0.00259
4.5080,0.01706,-0.05050,-0.00263
4.5120,0.01695,-0.05016,-0.00267
4.5160,0.01683,-0.04981,-0.00271
4.5200,0.01672,-0.04947,-0.00275
4.5280,0.01664,-0.04900,-0.00281
4.5320,0.01653,-0.04865,-0.00284
4.5360,0.01641,-0.04831,-0.00288
4.5440,0.01633,-0.04784,-0.00292
4.5480,0.01618,-0.04762,-0.00294
4.5480,0.01607,-0.04727,-0.00298
4.5560,0.01596,-0.04693,-0.00301
4.5600,0.01590,-0.04645,-0.00305
4.5640,0.01595,-0.04632,-0.00305
4.5680,0.01599,-0.04619,-0.00306
4.5720,0.01604,-0.04605,-0.00307
4.5760,0.01609,-0.04592,-0.00308
4.5760,0.01614,-0.04579,-0.00309
4.5840,0.01619,-0.04565,-0.00310
4.5880,0.01619,-0.04565,-0.00310
4.5920,0.01674,-0.04429,-0.00319
4.5960,0.01663,-0.04465,-0.00317
4.6040,0.01657,-0.04485,-0.00316
4.6080,0.01648,-0.04516,-0.00315
4.6080,0.01637,-0.04552,-0.00313
4.6160,0.01630,-0.04577,-0.00313
4.6240,0.01624,-0.04601,-0.00313
4.6280,0.01615,-0.04632,-0.00312
4.6320,0.01607,-0.04662,-0.00311
4.6360,0.01599,-0.04692,-0.00310
4.6440,0.01591,-0.04722,-0.00309
4.6480,0.01586,-0.04747,-0.00308
4.6520,0.01578,-0.04777,-0.00307
4.6560,0.01571,-0.04808,-0.00306
4.6600,0.01564,-0.04838,-0.00305
4.6640,0.01558,-0.04868,-0.00303
4.6720,0.01566,-0.04855,-0.00304
4.6760,0.01571,-0.04849,-0.00304
4.6800,0.01575,-0.04842,-0.00304
4.6840,0.01580,-0.04835,-0.00304
4.6880,0.01585,-0.04828,-0.00304
4.6920,0.01652,-0.04764,-0.00295
4.6920,0.01645,-0.04813,-0.00294
4.7000,0.01645,-0.04883,-0.00290
4.7080,0.01646,-0.04953,-0.00286
4.7120,0.01644,-0.05012,-0.00283
4.7160,0.01641,-0.05071,-0.00280
4.7240,0.01644,-0.05139,-0.00276
4.7280,0.01642,-0.05198,-0.00273
4.7320,0.01640,-0.05256,-0.00270
4.7360,0.01645,-0.05324,-0.00266
4.7440,0.01637,-0.05373,-0.00264
4.7480,0.01643,-0.05441,-0.00261
4.7520,0.01636,-0.05490,-0.00259
4.7560,0.01642,-0.05558,-0.00256
4.7560,0.01635,-0.05607,-0.00254
4.7640,0.01642,-0.05674,-0.00250
4.7680,0.01649,-0.05683,-0.00249
4.7720,0.01657,-0.05692,-0.00248
4.7760,0.01664,-0.05700,-0.00247
4.7800,0.01672,-0.05708,-0.00246
4.7880,0.01754,-0.05776,-0.00228
4.7920,0.01749,-0.05761,-0.00225
4.8000,0.01751,-0.05750,-0.00219
4.8040,0.01746,-0.05735,-0.00216
4.8120,0.01749,-0.05723,-0.00210
4.8160,0.01745,-0.05708,-0.00206
4.8240,0.01741,-0.05693,-0.00203
4.8280,0.01737,-0.05677,-0.00199
4.8320,0.01741,-0.05664,-0.00193
4.8360,0.01729,-0.05646,-0.00192
4.8400,0.01726,-0.05630,-0.00188
4.8400,0.01723,-0.05614,-0.00184
4.8480,0.01728,-0.05600,-0.00177
4.8480,0.01726,-0.05584,-0.00173
4.8560,0.01723,-0.05568,-0.00170
4.8600,0.01721,-0.05552,-0.00166
4.8640,0.01730,-0.05554,-0.00163
4.8680,0.01739,-0.05555,-0.00160
4.8680,0.01749,-0.05557,-0.00157
4.8800,0.01769,-0.05559,-0.00151
4.8840,0.01769,-0.05559,-0.00151
4.8880,0.01860,-0.05553,-0.00131
4.8920,0.01839,-0.05519,-0.00145
4.8960,0.01819,-0.05485,-0.00160
4.9040,0.01803,-0.05443,-0.00182
4.9080,0.01780,-0.05417,-0.00194
4.9080,0.01764,-0.05374,-0.00213
4.9160,0.01745,-0.05341,-0.00228
4.9240,0.01732,-0.05299,-0.00244
4.9280,0.01713,-0.05265,-0.00259
4.9320,0.01695,-0.05231,-0.00273
4.9360,0.01677,-0.05197,-0.00287
4.9440,0.01665,-0.05155,-0.00304
4.9480,0.01647,-0.05121,-0.00319
4.9560,0.01635,-0.05079,-0.00335
4.9560,0.01617,-0.05044,-0.00350
4.9680,0.01606,-0.05002,-0.00366
4.9720,0.01613,-0.04993,-0.00369
4.9760,0.01613,-0.04993,-0.00369
4.9800,0.01620,-0.04985,-0.00372
4.9840,0.01634,-0.04967,-0.00377
4.9840,0.01641,-0.04958,-0.00380
4.9920,0.01648,-0.04949,-0.00382
4.9960,0.01730,-0.04836,-0.00420
5.0000,0.01669,-0.04852,-0.00436
5.0040,0.01608,-0.04869,-0.00452
5.0080,0.01555,-0.04891,-0.00460
5.0080,0.01486,-0.04901,-0.00484
5.0160,0.01433,-0.04924,-0.00492
5.0200,0.01357,-0.04927,-0.00524
5.0240,0.01296,-0.04944,-0.00540
5.0320,0.01235,-0.04960,-0.00556
5.0360,0.01175,-0.04976,-0.00572
5.0440,0.01107,-0.04985,-0.00597
5.0480,0.01054,-0.05008,-0.00604
5.0520,0.00986,-0.05016,-0.00629
5.0560,0.00926,-0.05032,-0.00645
5.0600,0.00865,-0.05047,-0.00661
5.0640,0.00805,-0.05062,-0.00678
5.0720,0.00791,-0.05046,-0.00695
5.0720,0.00784,-0.05038,-0.00704
5.0800,0.00778,-0.05031,-0.00713
5.0840,0.00771,-0.05023,-0.00722
5.0880,0.00765,-0.05015,-0.00731
5.0920,0.00759,-0.05006,-0.00740
5.0960,0.00710,-0.04924,-0.00837
5.1000,0.00722,-0.04965,-0.00810
5.1040,0.00741,-0.05016,-0.00791
5.1080,0.00757,-0.05061,-0.00768
5.1120,0.00773,-0.05107,-0.00744
5.1160,0.00789,-0.05153,-0.00721
5.1200,0.00805,-0.05199,-0.00698
5.1280,0.00826,-0.05248,-0.00679
5.1320,0.00838,-0.05290,-0.00652
5.1360,0.00859,-0.05339,-0.00633
5.1440,0.00876,-0.05384,-0.00610
5.1440,0.00893,-0.05430,-0.00587
5.1480,0.00910,-0.05474,-0.00564
5.1560,0.00932,-0.05522,-0.00545
5.1600,0.00944,-0.05563,-0.00518
5.1640,0.00961,-0.05608,-0.00496
5.1680,0.00971,-0.05614,-0.00504
5.1720,0.00976,-0.05617,-0.00508
5.1760,0.00976,-0.05617,-0.00508
5.1800,0.00987,-0.05623,-0.00516
5.1840,0.00992,-0.05626,-0.00521
5.1920,0.01004,-0.05631,-0.00529
5.1960,0.01010,-0.05634,-0.00533
5.2000,0.01010,-0.05634,-0.00533
5.2040,0.01022,-0.05639,-0.00542
5.2080,0.01022,-0.05639,-0.00542
5.2160,0.01115,-0.05651,-0.00597
5.2160,0.01103,-0.05631,-0.00578
5.2200,0.01092,-0.05610,-0.00558
5.2280,0.01080,-0.05589,-0.00538
5.2320,0.01069,-0.05568,-0.00518
5.2360,0.01058,-0.05547,-0.00499
5.2400,0.01048,-0.05526,-0.00479
5.2440,0.01037,-0.05505,-0.00459
5.2480,0.01027,-0.05483,-0.00440
5.2520,0.01012,-0.05468,-0.00420
5.2560,0.01006,-0.05441,-0.00400
5.2600,0.00996,-0.05419,-0.00380
5.2680,0.00990,-0.05391,-0.00360
5.2720,0.00981,-0.05370,-0.00341
5.2720,0.00971,-0.05348,-0.00321
5.2800,0.00961,-0.05327,-0.00302
5.2800,0.00961,-0.05327,-0.00302
5.2840,0.00967,-0.05320,-0.00301
5.2920,0.00972,-0.05314,-0.00301
5.2960,0.01029,-0.05292,-0.00308
5.3000,0.01018,-0.05343,-0.00315
5.3040,0.01012,-0.05415,-0.00328
5.3080,0.01004,-0.05476,-0.00338
5.3120,0.00997,-0.05537,-0.00348
5.3160,0.00989,-0.05597,-0.00357
5.3200,0.00981,-0.05658,-0.00367
5.3280,0.00974,-0.05719,-0.00376
5.3280,0.00967,-0.05779,-0.00386
5.3360,0.00964,-0.05848,-0.00398
5.3400,0.00957,-0.05908,-0.00407
5.3480,0.00951,-0.05968,-0.00416
5.3520,0.00949,-0.06038,-0.00427
5.3600,0.00944,-0.06099,-0.00436
5.3640,0.00938,-0.06160,-0.00445
5.3680,0.00933,-0.06220,-0.00454
5.3760,0.00945,-0.06240,-0.00457
5.3800,0.00951,-0.06250,-0.00459
5.3840,0.00958,-0.06260,-0.00461
5.3840,0.00958,-0.06260,-0.00461
5.3920,0.00971,-0.06279,-0.00465
5.3960,0.00977,-0.06289,-0.00467
5.4040,0.01063,-0.06399,-0.00478
5.4120,0.01065,-0.06402,-0.00454
5.4160,0.01062,-0.06399,-0.00433
5.4200,0.01059,-0.06396,-0.00412
5.4200,0.01056,-0.06393,-0.00391
5.4280,0.01053,-0.06390,-0.00370
5.4360,0.01057,-0.06394,-0.00345
5.4400,0.01055,-0.06391,-0.00324
5.4400,0.01052,-0.06388,-0.00303
5.4480,0.01050,-0.06386,-0.00283
5.4520,0.01048,-0.06383,-0.00262
5.4520,0.01046,-0.06379,-0.00241
5.4560,0.01045,-0.06376,-0.00221
5.4640,0.01043,-0.06373,-0.00200
5.4680,0.01042,-0.06370,-0.00180
5.4720,0.01041,-0.06367,-0.00160
5.4760,0.01050,-0.06373,-0.00157
5.4840,0.01069,-0.06386,-0.00152
5.4840,0.01069,-0.06386,-0.00152
5.4920,0.01088,-0.06398,-0.00147
5.4920,0.01088,-0.06398,-0.00147
5.5000,0.01108,-0.06410,-0.00142
5.5040,0.01128,-0.06422,-0.00137
5.5080,0.01128,-0.06422,-0.00137
5.5160,0.01150,-0.06433,-0.00131
5.5200,0.01150,-0.06433,-0.00131
5.5240,0.01172,-0.06444,-0.00125
5.5280,0.01298,-0.06475,-0.00093
5.5320,0.01274,-0.06366,-0.00108
5.5360,0.01251,-0.06257,-0.00123
5.5400,0.01228,-0.06148,-0.00138
5.5440,0.01206,-0.06038,-0.00154
5.5440,0.01178,-0.05950,-0.00168
5.5520,0.01161,-0.05819,-0.00184
5.5600,0.01144,-0.05687,-0.00199
5.5600,0.01116,-0.05599,-0.00214
5.5640,0.01094,-0.05488,-0.00229
5.5720,0.01078,-0.05356,-0.00244
5.5760,0.01056,-0.05245,-0.00259
5.5800,0.01035,-0.05135,-0.00274
5.5840,0.01013,-0.05024,-0.00289
5.5920,0.00999,-0.04892,-0.00304
5.6000,0.00985,-0.04760,-0.00320
5.6080,0.01064,-0.04528,-0.00332
5.6120,0.01051,-0.04525,-0.00352
5.6160,0.01038,-0.04537,-0.00367
5.6160,0.01024,-0.04563,-0.00377
5.6240,0.01012,-0.04560,-0.00397
5.6280,0.00999,-0.04572,-0.00412
5.6360,0.00988,-0.04568,-0.00433
5.6440,0.00977,-0.04564,-0.00453
5.6520,0.00964,-0.04575,-0.00468
5.6600,0.00957,-0.04554,-0.00495
5.6600,0.00946,-0.04565,-0.00511
5.6680,0.00934,-0.04576,-0.00527
5.6720,0.00924,-0.04586,-0.00543
5.6760,0.00913,-0.04597,-0.00558
5.6840,0.00907,-0.04592,-0.00580
5.6880,0.00897,-0.04603,-0.00597
5.6920,0.00902,-0.04587,-0.00603
5.6920,0.00953,-0.04461,-0.00661
5.7000,0.00952,-0.04500,-0.00642
5.7040,0.00952,-0.04540,-0.00624
5.7120,0.00955,-0.04577,-0.00606
5.7160,0.00955,-0.04616,-0.00588
5.7240,0.00959,-0.04653,-0.00570
5.7280,0.00960,-0.04692,-0.00552
5.7320,0.00960,-0.04732,-0.00533
5.7360,0.00960,-0.04772,-0.00515
5.7440,0.00965,-0.04808,-0.00498
5.7520,0.00971,-0.04845,-0.00481
5.7560,0.00973,-0.04884,-0.00463
5.7560,0.00974,-0.04924,-0.00445
5.7600,0.00976,-0.04964,-0.00427
5.7680,0.00978,-0.05004,-0.00409
5.7720,0.00974,-0.05046,-0.00389
5.7760,0.00986,-0.05040,-0.00392
5.7800,0.00992,-0.05037,-0.00394
5.7840,0.00998,-0.05034,-0.00395
5.7880,0.01004,-0.05031,-0.00397
5.7920,0.01011,-0.05027,-0.00399
5.8040,0.01030,-0.05016,-0.00404
5.8040,0.01030,-0.05016,-0.00404
5.8080,0.01037,-0.05012,-0.00406
5.8120,0.01043,-0.05008,-0.00408
5.8200,0.01057,-0.05000,-0.00412
5.8200,0.01064,-0.04995,-0.00414
5.8240,0.01136,-0.04943,-0.00434
5.8320,0.01133,-0.05007,-0.00428
5.8360,0.01126,-0.05062,-0.00421
5.8400,0.01119,-0.05117,-0.00415
5.8440,0.01112,-0.05172,-0.00408
5.8480,0.01105,-0.05226,-0.00402
5.8520,0.01103,-0.05289,-0.00397
5.8600,0.01097,-0.05343,-0.00391
5.8640,0.01090,-0.05398,-0.00385
5.8680,0.01084,-0.05452,-0.00379
5.8680,0.01077,-0.05506,-0.00374
5.8720,0.01071,-0.05560,-0.00369
5.8800,0.01065,-0.05615,-0.00363
5.8840,0.01065,-0.05677,-0.00360
5.8880,0.01054,-0.05723,-0.00353
5.8960,0.01054,-0.05785,-0.00349
5.9040,0.01067,-0.05800,-0.00351
5.9080,0.01074,-0.05808,-0.00352
5.9120,0.01081,-0.05815,-0.00353
5.9160,0.01088,-0.05822,-0.00354
5.9240,0.01102,-0.05837,-0.00357
5.9280,0.01110,-0.05843,-0.00358
5.9320,0.01117,-0.05850,-0.00360
5.9400,0.01132,-0.05863,-0.00363
5.9400,0.01132,-0.05863,-0.00363
5.9480,0.01148,-0.05876,-0.00366
5.9520,0.01157,-0.05883,-0.00368
5.9560,0.01244,-0.05923,-0.00386
5.9600,0.01230,-0.05863,-0.00385
5.9680,0.01221,-0.05790,-0.00385
5.9720,0.01208,-0.05730,-0.00385
5.9760,0.01196,-0.05669,-0.00384
5.9800,0.01183,-0.05608,-0.00383
5.9840,0.01175,-0.05534,-0.00383
5.9920,0.01163,-0.05472,-0.00382
6.0000,0.01156,-0.05398,-0.00382
6.0000,0.01144,-0.05336,-0.00381
6.0000,0.01132,-0.05275,-0.00380
6.0080,0.01114,-0.05227,-0.00378
6.0200,0.01114,-0.05139,-0.00380
6.0240,0.01103,-0.05077,-0.00380
6.0280,0.01092,-0.05016,-0.00379
6.0320,0.01081,-0.04954,-0.00378
6.0360,0.01087,-0.04941,-0.00380
6.0400,0.01094,-0.04927,-0.00382
6.0400,0.01102,-0.04913,-0.00383
6.0480,0.01109,-0.04900,-0.00385
6.0520,0.01117,-0.04886,-0.00387
6.0600,0.01133,-0.04859,-0.00391
6.0640,0.01133,-0.04859,-0.00391
6.0640,0.01149,-0.04831,-0.00395
6.0720,0.01158,-0.04818,-0.00398
6.0800,0.01175,-0.04790,-0.00402
6.0840,0.01192,-0.04762,-0.00405
6.0920,0.01201,-0.04748,-0.00407
6.0960,0.01315,-0.04576,-0.00433
6.1040,0.01296,-0.04602,-0.00431
6.1080,0.01277,-0.04629,-0.00430
6.1160,0.01261,-0.04648,-0.00430
6.1200,0.01242,-0.04674,-0.00428
6.1240,0.01224,-0.04700,-0.00426
6.1280,0.01205,-0.04726,-0.00424
6.1280,0.01186,-0.04751,-0.00422
6.1320,0.01168,-0.04777,-0.00420
6.1440,0.01155,-0.04793,-0.00419
6.1480,0.01137,-0.04818,-0.00417
6.1520,0.01120,-0.04844,-0.00415
6.1560,0.01102,-0.04869,-0.00414
6.1560,0.01085,-0.04894,-0.00412
6.1640,0.01068,-0.04919,-0.00411
6.1640,0.01051,-0.04945,-0.00409
6.1720,0.01058,-0.04936,-0.00410
6.1760,0.01064,-0.04927,-0.00412
6.1800,0.01070,-0.04918,-0.00413
6.1840,0.01070,-0.04918,-0.00413
6.1880,0.01083,-0.04901,-0.00417
6.1880,0.01160,-0.04824,-0.00437
6.1960,0.01149,-0.04891,-0.00429
6.2040,0.01141,-0.04970,-0.00422
6.2080,0.01130,-0.05037,-0.00414
6.2120,0.01119,-0.05103,-0.00407
6.2160,0.01112,-0.05182,-0.00398
6.2240,0.01102,-0.05248,-0.00390
6.2320,0.01097,-0.05326,-0.00381
6.2360,0.01087,-0.05393,-0.00373
6.2400,0.01083,-0.05470,-0.00364
6.2480,0.01074,-0.05535,-0.00356
6.2520,0.01065,-0.05601,-0.00347
6.2560,0.01056,-0.05666,-0.00339
6.2600,0.01048,-0.05732,-0.00331
6.2640,0.01039,-0.05797,-0.00323
6.2680,0.01031,-0.05862,-0.00316
6.2720,0.01037,-0.05872,-0.00315
6.2760,0.01044,-0.05882,-0.00314
6.2800,0.01050,-0.05892,-0.00314
6.2840,0.01057,-0.05902,-0.00313
6.2920,0.01141,-0.06019,-0.00300
6.3000,0.01149,-0.06111,-0.00266
6.3040,0.01150,-0.06188,-0.00236
6.3080,0.01150,-0.06264,-0.00205
6.3160,0.01159,-0.06355,-0.00171
6.3200,0.01159,-0.06431,-0.00141
6.3200,0.01160,-0.06508,-0.00111
6.3240,0.01160,-0.06584,-0.00081
6.3320,0.01161,-0.06660,-0.00051
6.3360,0.01162,-0.06737,-0.00021
6.3400,0.01164,-0.06813,0.00009
6.3400,0.01165,-0.06889,0.00039
6.3480,0.01167,-0.06966,0.00069
6.3520,0.01168,-0.07042,0.00099
6.3600,0.01181,-0.07133,0.00132
6.3640,0.01183,-0.07209,0.00162
6.3640,0.01195,-0.07223,0.00165
6.3720,0.01206,-0.07237,0.00169
6.3760,0.01218,-0.07251,0.00172
6.3800,0.01230,-0.07265,0.00176
6.3880,0.01255,-0.07293,0.00183
6.3920,0.01400,-0.07429,0.00214
6.3960,0.01374,-0.07379,0.00198
6.3960,0.01343,-0.07330,0.00184
6.4040,0.01322,-0.07279,0.00166
6.4080,0.01297,-0.07228,0.00150
6.4120,0.01271,-0.07178,0.00134
6.4200,0.01252,-0.07126,0.00117
6.4240,0.01227,-0.07075,0.00102
6.4280,0.01203,-0.07025,0.00086
6.4320,0.01178,-0.06974,0.00070
6.4360,0.01154,-0.06923,0.00054
6.4400,0.01130,-0.06872,0.00038
6.4440,0.01106,-0.06821,0.00022
6.4520,0.01082,-0.06770,0.00006
6.4520,0.01059,-0.06719,-0.00010
6.4600,0.01044,-0.06665,-0.00027
6.4640,0.01052,-0.06663,-0.00028
6.4680,0.01060,-0.06661,-0.00029
6.4760,0.01068,-0.06658,-0.00030
6.4800,0.01085,-0.06654,-0.00032
6.4840,0.01093,-0.06651,-0.00033
6.4880,0.01102,-0.06649,-0.00034
6.4920,0.01198,-0.06614,-0.00042
6.4960,0.01185,-0.06588,-0.00050
6.5000,0.01172,-0.06562,-0.00059
6.5080,0.01162,-0.06533,-0.00068
6.5120,0.01149,-0.06507,-0.00076
6.5120,0.01137,-0.06480,-0.00084
6.5240,0.01128,-0.06450,-0.00094
6.5280,0.01116,-0.06423,-0.00102
6.5280,0.01100,-0.06400,-0.00110
6.5360,0.01093,-0.06370,-0.00120
6.5360,0.01082,-0.06343,-0.00128
6.5400,0.01071,-0.06316,-0.00137
6.5440,0.01060,-0.06289,-0.00146
6.5520,0.01050,-0.06263,-0.00155
6.5560,0.01039,-0.06236,-0.00164
6.5600,0.01028,-0.06209,-0.00172
6.5640,0.01034,-0.06206,-0.00174
6.5640,0.01034,-0.06206,-0.00174
6.5720,0.01045,-0.06201,-0.00176
6.5760,0.01045,-0.06201,-0.00176
6.5840,0.01056,-0.06194,-0.00178
6.5880,0.01069,-0.06187,-0.00181
6.5880,0.01069,-0.06187,-0.00181
6.5960,0.01083,-0.06180,-0.00183
6.6000,0.01090,-0.06176,-0.00184
6.6040,0.01201,-0.06111,-0.00202
6.6080,0.01192,-0.06077,-0.00201
6.6120,0.01188,-0.06028,-0.00200
6.6120,0.01184,-0.05980,-0.00199
6.6200,0.01191,-0.05902,-0.00197
6.6240,0.01188,-0.05854,-0.00196
6.6320,0.01184,-0.05805,-0.00194
6.6360,0.01181,-0.05757,-0.00193
6.6400,0.01178,-0.05708,-0.00192
6.6440,0.01175,-0.05659,-0.00191
6.6480,0.01172,-0.05610,-0.00189
6.6520,0.01170,-0.05562,-0.00188
6.6560,0.01168,-0.05513,-0.00187
6.6560,0.01166,-0.05464,-0.00185
6.6640,0.01165,-0.05415,-0.00182
6.6640,0.01164,-0.05366,-0.00177
6.6720,0.01173,-0.05351,-0.00172
6.6760,0.01182,-0.05336,-0.00164
6.6840,0.01204,-0.05306,-0.00140
6.6880,0.01204,-0.05306,-0.00140
6.6920,0.01228,-0.05277,-0.00104
6.7000,0.01407,-0.05187,0.00208
6.7040,0.01483,-0.05482,0.00290
6.7080,0.01535,-0.05726,0.00340
6.7160,0.01614,-0.06023,0.00439
6.7240,0.01697,-0.06321,0.00548
6.7280,0.01723,-0.06513,0.00558
6.7320,0.01809,-0.06812,0.00678
6.7360,0.01865,-0.07058,0.00747
6.7440,0.01955,-0.07359,0.00884
6.7480,0.02013,-0.07606,0.00960
6.7520,0.02073,-0.07853,0.01039
6.7560,0.02133,-0.08101,0.01120
6.7600,0.02195,-0.08348,0.01203
6.7640,0.02257,-0.08596,0.01289
6.7680,0.02319,-0.08844,0.01376
6.7720,0.02346,-0.09035,0.01385
6.7720,0.02421,-0.09148,0.01547
6.7800,0.02460,-0.09204,0.01631
6.7840,0.02500,-0.09261,0.01717
6.7880,0.02541,-0.09318,0.01805
6.7920,0.02626,-0.09432,0.01985
6.8000,0.02671,-0.09489,0.02077
6.8040,0.02717,-0.09546,0.02171
6.8080,0.02764,-0.09603,0.02266
6.8080,0.02813,-0.09660,0.02362
6.8200,0.02863,-0.09717,0.02460
6.8240,0.02967,-0.09833,0.02660
6.8280,0.03588,-0.10422,0.03746
6.8320,0.04921,-0.10980,0.04782
6.8360,0.05928,-0.11277,0.05546
6.8400,0.06937,-0.11574,0.06311
6.8440,0.07947,-0.11872,0.07077
6.8480,0.08959,-0.12170,0.07844
6.8520,0.09972,-0.12470,0.08612
6.8560,0.10987,-0.12770,0.09381
6.8600,0.12003,-0.13071,0.10152
6.8640,0.13021,-0.13372,0.10924
6.8720,0.14384,-0.13947,0.11983
6.8800,0.15754,-0.14525,0.13045
6.8880,0.17129,-0.15107,0.14109
6.8920,0.18158,-0.15416,0.14886
6.9000,0.19544,-0.16004,0.15955
6.9000,0.20577,-0.16315,0.16734
6.9080,0.20935,-0.16596,0.17026
6.9120,0.20935,-0.16596,0.17026
6.9160,0.21657,-0.17160,0.17612
6.9200,0.22020,-0.17443,0.17906
6.9240,0.24997,-0.19752,0.20278
6.9280,0.24268,-0.18960,0.19849
6.9320,0.23355,-0.18055,0.19226
6.9360,0.22445,-0.17153,0.18604
6.9400,0.21538,-0.16252,0.17984
6.9400,0.20634,-0.15353,0.17365
6.9480,0.19531,-0.14331,0.16542
6.9520,0.18834,-0.13560,0.16134
6.9560,0.17938,-0.12667,0.15521
6.9560,0.16834,-0.11646,0.14698
6.9640,0.16154,-0.10886,0.14300
6.9680,0.15267,-0.09999,0.13693
6.9680,0.14382,-0.09113,0.13087
6.9760,0.13500,-0.08229,0.12482
6.9800,0.12621,-0.07346,0.11878
6.9880,0.11973,-0.06608,0.11496
6.9920,0.12205,-0.06753,0.11718
7.0000,0.12676,-0.07046,0.12163
7.0040,0.12915,-0.07195,0.12387
7.0080,0.13156,-0.07346,0.12610
7.0120,0.13400,-0.07499,0.12835
7.0160,0.13646,-0.07653,0.13059
7.0200,0.13894,-0.07809,0.13284
7.0240,0.16177,-0.09229,0.15517
7.0280,0.15976,-0.09143,0.16289
7.0320,0.15778,-0.09059,0.17064
7.0320,0.15583,-0.08976,0.17842
7.0440,0.15612,-0.09016,0.19051
7.0480,0.15425,-0.08938,0.19839
7.0480,0.15013,-0.08735,0.20195
7.0560,0.14828,-0.08657,0.20985
7.0600,0.14879,-0.08708,0.22219
7.0640,0.14702,-0.08634,0.23018
7.0680,0.14528,-0.08561,0.23820
7.0720,0.14357,-0.08490,0.24626
7.0760,0.14188,-0.08420,0.25434
7.0800,0.14022,-0.08351,0.26246
7.0840,0.13858,-0.08283,0.27060
7.0880,0.13696,-0.08217,0.27877
7.0920,0.13696,-0.08217,0.27877
7.0960,0.14463,-0.08632,0.29273
7.1040,0.14986,-0.08914,0.30214
7.1120,0.15251,-0.09057,0.30688
7.1160,0.15519,-0.09201,0.31163
7.1200,0.15519,-0.09201,0.31163
7.1200,0.15788,-0.09346,0.31641
7.1280,0.16060,-0.09492,0.32119
7.1320,0.19559,-0.11255,0.37957
7.1360,0.19872,-0.11177,0.38175
7.1400,0.20187,-0.11099,0.38393
7.1440,0.20161,-0.10895,0.38142
7.1480,0.20825,-0.10945,0.38831
7.1480,0.20800,-0.10741,0.38580
7.1560,0.21474,-0.10794,0.39271
7.1560,0.21803,-0.10719,0.39491
7.1640,0.22135,-0.10645,0.39711
7.1720,0.22831,-0.10703,0.40402
7.1760,0.23170,-0.10630,0.40622
7.1800,0.23512,-0.10558,0.40842
7.1880,0.23857,-0.10486,0.41062
7.1920,0.24578,-0.10549,0.41751
7.1960,0.24929,-0.10480,0.41970
7.2040,0.25662,-0.10547,0.42657
7.2120,0.26045,-0.10683,0.43125
7.2160,0.26817,-0.10958,0.44060
7.2160,0.27206,-0.11096,0.44527
7.2240,0.27597,-0.11234,0.44994
7.2280,0.31612,-0.12649,0.49641
7.2320,0.31662,-0.12613,0.49933
7.2320,0.31388,-0.12467,0.49801
7.2400,0.31116,-0.12322,0.49668
7.2440,0.30846,-0.12177,0.49535
7.2480,0.30578,-0.12033,0.49402
7.2520,0.30311,-0.11889,0.49268
7.2560,0.30045,-0.11745,0.49133
7.2560,0.29781,-0.11602,0.48998
7.2640,0.29517,-0.11460,0.48862
7.2680,0.29256,-0.11317,0.48725
7.2720,0.28995,-0.11175,0.48589
7.2800,0.29078,-0.11147,0.48867
7.2840,0.28821,-0.11006,0.48729
7.2880,0.28565,-0.10865,0.48589
7.2920,0.28310,-0.10724,0.48449
7.3000,0.29006,-0.10955,0.49276
7.3040,0.29355,-0.11070,0.49688
7.3080,0.29705,-0.11186,0.50101
7.3120,0.30056,-0.11302,0.50512
7.3160,0.30407,-0.11418,0.50923
7.3200,0.30760,-0.11535,0.51334
7.3280,0.31113,-0.11651,0.51745
7.3320,0.35263,-0.12953,0.56083
7.3360,0.34907,-0.12637,0.54343
7.3360,0.34551,-0.12322,0.52602
7.3440,0.34196,-0.12006,0.50858
7.3480,0.34135,-0.11753,0.49231
7.3520,0.33781,-0.11437,0.47482
7.3600,0.33428,-0.11121,0.45731
7.3640,0.33074,-0.10805,0.43978
7.3680,0.32721,-0.10489,0.42224
7.3720,0.32368,-0.10172,0.40467
7.3800,0.32016,-0.09856,0.38709
7.3840,0.31663,-0.09539,0.36949
7.3880,0.31608,-0.09284,0.35289
7.3920,0.31257,-0.08967,0.33524
7.3960,0.30905,-0.08649,0.31757
7.4040,0.30851,-0.08393,0.30082
7.4120,0.31445,-0.08516,0.30265
7.4160,0.31742,-0.08577,0.30353
7.4200,0.32039,-0.08638,0.30440
7.4240,0.34408,-0.09122,0.31067
7.4280,0.34221,-0.08486,0.29690
7.4320,0.33805,-0.07895,0.28407
7.4400,0.33616,-0.07252,0.27012
7.4480,0.33424,-0.06606,0.25605
7.4520,0.33005,-0.06009,0.24308
7.4600,0.32811,-0.05356,0.22886
7.4680,0.32614,-0.04697,0.21460
7.4760,0.32413,-0.04032,0.20035
7.4800,0.31989,-0.03426,0.18733
7.4840,0.31564,-0.02819,0.17432
7.4880,0.31354,-0.02144,0.16014
7.4960,0.30926,-0.01533,0.14718
7.5000,0.30496,-0.00921,0.13423
7.5040,0.30065,-0.00308,0.12131
7.5080,0.29632,0.00307,0.10841
7.5160,0.30051,0.00453,0.10629
7.5200,0.30259,0.00528,0.10528
7.5240,0.30465,0.00604,0.10429
7.5320,0.32734,0.01607,0.09282
7.5360,0.32490,0.01821,0.08739
7.5480,0.32238,0.02039,0.08212
7.5520,0.31850,0.02162,0.07816
7.5520,0.31460,0.02286,0.07425
7.5600,0.31068,0.02412,0.07038
7.5600,0.30552,0.02436,0.06763
7.5680,0.30279,0.02667,0.06277
7.5720,0.29881,0.02796,0.05902
7.5760,0.29482,0.02927,0.05532
7.5800,0.29081,0.03058,0.05167
7.5840,0.28678,0.03189,0.04806
7.5880,0.28273,0.03322,0.04449
7.5920,0.27866,0.03455,0.04097
7.6000,0.27565,0.03701,0.03682
7.6040,0.27153,0.03836,0.03344
7.6120,0.27359,0.04063,0.03232
7.6160,0.27460,0.04177,0.03183
7.6200,0.27559,0.04291,0.03138
7.6240,0.27656,0.04406,0.03097
7.6280,0.27753,0.04522,0.03061
7.6320,0.28796,0.05927,0.02935
7.6360,0.28632,0.05987,0.02905
7.6400,0.28467,0.06046,0.02880
7.6440,0.28233,0.05985,0.02877
7.6480,0.28132,0.06167,0.02844
7.6520,0.27898,0.06105,0.02841
7.6520,0.27792,0.06288,0.02826
7.6560,0.27558,0.06227,0.02823
7.6640,0.27446,0.06410,0.02828
7.6680,0.27272,0.06471,0.02835
7.6720,0.27096,0.06532,0.02847
7.6760,0.26919,0.06593,0.02864
7.6800,0.26742,0.06654,0.02886
7.6840,0.26563,0.06715,0.02912
7.6840,0.26383,0.06776,0.02942
7.6880,0.26202,0.06837,0.02977
7.7000,0.26304,0.07081,0.03066
7.7040,0.26353,0.07203,0.03117
7.7120,0.26450,0.07445,0.03230
7.7160,0.26857,0.08403,0.03835
7.7200,0.27120,0.08353,0.03844
7.7200,0.27472,0.08427,0.03929
7.7240,0.27823,0.08500,0.04018
7.7320,0.28262,0.08695,0.04200
7.7360,0.28612,0.08768,0.04302
7.7360,0.28875,0.08718,0.04311
7.7400,0.29312,0.08911,0.04516
7.7480,0.29661,0.08981,0.04628
7.7520,0.30010,0.09052,0.04745
7.7560,0.30358,0.09121,0.04865
7.7600,0.30707,0.09191,0.04988
7.7640,0.31054,0.09259,0.05116
7.7680,0.31402,0.09327,0.05247
7.7760,0.31834,0.09510,0.05509
7.7840,0.32265,0.09692,0.05785
7.7880,0.32349,0.09806,0.05924
7.7920,0.32433,0.09920,0.06066
7.7960,0.32601,0.10145,0.06359
7.8000,0.32685,0.10257,0.06511
7.8080,0.32770,0.10368,0.06665
7.8120,0.32854,0.10478,0.06823
7.8160,0.32939,0.10587,0.06984
7.8200,0.33024,0.10696,0.07147
7.8200,0.33024,0.10696,0.07147
7.8280,0.33195,0.10910,0.07483
7.8320,0.33281,0.11015,0.07656
7.8360,0.34288,0.12200,0.09947
7.8440,0.33965,0.12205,0.10308
7.8480,0.33605,0.12122,0.10478
7.8520,0.33244,0.12039,0.10650
7.8560,0.32884,0.11954,0.10825
7.8600,0.32524,0.11868,0.11002
7.8640,0.32165,0.11781,0.11181
7.8680,0.31805,0.11693,0.11363
7.8760,0.31446,0.11604,0.11548
7.8800,0.31125,0.11592,0.11953
7.8840,0.30766,0.11500,0.12144
7.8920,0.30446,0.11480,0.12563
7.9000,0.30126,0.11457,0.12990
7.9000,0.29728,0.11289,0.12961
7.9080,0.29409,0.11261,0.13395
7.9120,0.29051,0.11161,0.13601
7.9160,0.29091,0.11228,0.13837
7.9240,0.29172,0.11360,0.14315
7.9280,0.29641,0.12004,0.17068
7.9320,0.29748,0.11981,0.17196
7.9360,0.29855,0.11956,0.17325
7.9360,0.29962,0.11930,0.17456
7.9440,0.30070,0.11903,0.17589
7.9480,0.30179,0.11875,0.17723
7.9520,0.30288,0.11846,0.17858
7.9560,0.30342,0.11766,0.17737
7.9600,0.30506,0.11784,0.18133
7.9640,0.30616,0.11751,0.18273
7.9680,0.30726,0.11717,0.18414
7.9720,0.30837,0.11682,0.18556
7.9720,0.30891,0.11603,0.18435
7.9800,0.31060,0.11608,0.18845
7.9840,0.31172,0.11569,0.18992
7.9880,0.31284,0.11529,0.19140
7.9920,0.31343,0.11567,0.19410
8.0000,0.31463,0.11639,0.19953
8.0040,0.31523,0.11673,0.20227
8.0120,0.31646,0.11738,0.20777
8.0160,0.31708,0.11768,0.21054
8.0160,0.31770,0.11797,0.21331
8.0240,0.32360,0.11999,0.23879
8.0240,0.32348,0.11817,0.24154
8.0320,0.32283,0.11636,0.24163
8.0360,0.32218,0.11454,0.24173
8.0360,0.32154,0.11270,0.24183
8.0440,0.32090,0.11084,0.24195
8.0480,0.32027,0.10898,0.24207
8.0520,0.31965,0.10709,0.24220
8.0560,0.31903,0.10519,0.24234
8.0600,0.31841,0.10328,0.24249
8.0640,0.31781,0.10135,0.24264
8.0680,0.31721,0.09940,0.24281
8.0760,0.31722,0.09721,0.24574
8.0800,0.31664,0.09522,0.24592
8.0840,0.31544,0.09348,0.24334
8.0880,0.31549,0.09120,0.24631
8.0920,0.31612,0.09091,0.24910
8.0960,0.31676,0.09061,0.25189
8.1000,0.31740,0.09029,0.25470
8.1040,0.31805,0.08996,0.25751
8.1080,0.31871,0.08961,0.26033
8.1120,0.31937,0.08924,0.26315
8.1200,0.32071,0.08847,0.26883
8.1240,0.32139,0.08806,0.27167
